Exceedance,Mean,Max,Min,Median,MeanQ3070
0.0,2338.136796997701,9912.101075056224,341.84482321324555,1116.0171269391562,1267.3643713380397
0.001,2320.6806061923057,9838.050221040257,341.42120261444046,1108.9561661412274,1260.0223892127783
0.002,2303.2244153869055,9763.999367024266,340.9975820156352,1101.8952053432968,1252.680407087515
0.003,2285.7682245815076,9689.948513008287,340.5739614168301,1094.8342445453668,1245.3384249622527
0.004,2268.31203377611,9615.897658992308,340.1503408180249,1087.773283747437,1237.9964428369904
0.005,2250.8558429707123,9541.846804976329,339.7267202192198,1080.7123229495073,1230.654460711728
0.006,2233.3996521653144,9467.79595096035,339.3030996204146,1073.6513621515776,1223.3124785864657
0.007,2215.943461359914,9393.74509694436,338.8794790216094,1066.590401353647,1215.9704964612024
0.008,2198.4872705545167,9319.69424292838,338.4558584228043,1059.529440555717,1208.6285143359398
0.009000000000000001,2181.031079749119,9245.643388912402,338.03223782399914,1052.4684797577872,1201.2865322106775
0.01,2163.574888943721,9171.592534896421,337.608617225194,1045.4075189598575,1193.9445500854151
0.011,2152.6639442618016,9104.47793421907,337.38565901529654,1037.1868860338739,1188.8265016060095
0.012,2149.0254952726327,9045.070281695725,337.38565901529654,1027.6777285211595,1186.1794905108873
0.013000000000000001,2145.3870462834648,8985.662629172388,337.3856590152966,1018.1685710084466,1183.5324794157657
0.014,2141.748597294297,8926.254976649052,337.38565901529654,1008.6594134957336,1180.8854683206441
0.015,2138.110148305129,8866.847324125714,337.38565901529654,999.1502559830208,1178.2384572255223
0.016,2134.471699315961,8807.439671602377,337.38565901529654,989.6410984703077,1175.5914461304005
0.017,2130.833250326793,8748.03201907904,337.38565901529654,980.1319409575947,1172.944435035279
0.018000000000000002,2127.1948013376245,8688.624366555694,337.38565901529654,970.6227834448805,1170.297423940157
0.019,2123.5563523484566,8629.216714032358,337.3856590152965,961.1136259321675,1167.6504128450354
0.02,2119.9179033592886,8569.80906150902,337.38565901529654,951.6044684194545,1165.0034017499138
0.021,2116.27945437012,8510.401408985674,337.38565901529654,942.0953109067402,1162.3563906547915
0.022,2096.1088880814154,8377.057997511785,335.94473751603545,938.3882965583718,1161.1682705001604
0.023,2075.0198708316257,8239.60704387397,334.423764822371,935.0036234969099,1160.0611998422223
0.024,2053.9308535818363,8102.156090236154,332.9027921287066,931.6189504354478,1158.9541291842845
0.025,2032.8418363320466,7964.705136598341,331.3818194350422,928.2342773739857,1157.8470585263467
0.026000000000000002,2011.752819082254,7827.254182960505,329.86084674137754,924.8496043125232,1156.7399878684087
0.027,1990.6638018324675,7689.80322932271,328.33987404771335,921.4649312510617,1155.6329172104706
0.028,1969.5747845826777,7552.352275684896,326.81890135404893,918.0802581895996,1154.5258465525328
0.029,1948.4857673328884,7414.901322047081,325.2979286603845,914.6955851281375,1153.418775894595
0.03,1927.3967500830956,7277.450368409245,323.77695596671987,911.310912066675,1152.311705236657
0.031,1906.307732833306,7139.999414771431,322.25598327305545,907.9262390052129,1151.2046345787192
0.032,1893.079913130922,7031.0455761284975,321.1271425232293,905.6930439061224,1147.3448521119408
0.033,1890.661240056218,6961.275270603527,320.53748319618063,905.0431310052925,1139.700090908009
0.034,1888.2425669815132,6891.504965078535,319.94782386913175,904.3932181044624,1132.0553297040751
0.035,1885.8238939068085,6821.734659553554,319.35816454208305,903.7433052036323,1124.4105685001423
0.036000000000000004,1883.405220832104,6751.964354028572,318.76850521503434,903.0933923028024,1116.7658072962092
0.037,1880.9865477573994,6682.194048503591,318.17884588798563,902.4434794019724,1109.1210460922764
0.038,1878.5678746826952,6612.42374297861,317.58918656093687,901.7935665011423,1101.4762848883436
0.039,1876.1492016079906,6542.653437453628,316.9995272338881,901.1436536003123,1093.8315236844105
0.04,1873.730528533286,6472.883131928647,316.4098679068394,900.4937406994823,1086.1867624804777
0.041,1871.3118554585812,6403.112826403655,315.8202085797906,899.8438277986521,1078.5420012765437
0.042,1868.8931823838766,6333.342520878674,315.2305492527418,899.1939148978222,1070.8972400726107
0.043000000000000003,1861.1473182973596,6310.959102436386,313.3104726803782,897.8081356753363,1069.7600940967027
0.044,1852.7747258565096,6294.150611886169,311.2338764320947,896.3357839444202,1069.3885499123262
0.045,1844.402133415661,6277.342121335955,309.1572801838115,894.8634322135042,1069.0170057279497
0.046,1836.0295409748119,6260.5336307857415,307.0806839355283,893.3910804825882,1068.645461543573
0.047,1827.6569485339633,6243.725140235527,305.00408768724515,891.9187287516722,1068.2739173591965
0.048,1819.2843560931133,6226.91664968531,302.9274914389616,890.446377020756,1067.9023731748198
0.049,1810.9117636522656,6210.1081591350985,300.8508951906787,888.9740252898403,1067.5308289904433
0.05,1802.5391712114167,6193.299668584884,298.7742989423956,887.5016735589243,1067.1592848060668
0.051000000000000004,1794.166578770568,6176.49117803467,296.69770269411237,886.0293218280083,1066.7877406216903
0.052000000000000005,1785.7939863297192,6159.6826874844555,294.6211064458292,884.5569700970923,1066.4161964373136
0.053,1779.385450975517,6149.066798715899,293.3095719732292,883.6270637407242,1065.7562298744574
0.054,1776.3438706269958,6149.066798715899,293.3095719732292,883.6270637407242,1064.601824948494
0.055,1773.3022902784744,6149.066798715898,293.3095719732292,883.6270637407242,1063.4474200225304
0.056,1770.2607099299535,6149.066798715899,293.3095719732292,883.6270637407242,1062.293015096567
0.057,1767.2191295814323,6149.066798715899,293.3095719732292,883.6270637407242,1061.1386101706032
0.058,1764.1775492329105,6149.066798715899,293.3095719732292,883.6270637407242,1059.9842052446397
0.059000000000000004,1761.13596888439,6149.066798715899,293.3095719732292,883.6270637407242,1058.829800318676
0.06,1758.0943885358683,6149.066798715899,293.3095719732292,883.6270637407242,1057.6753953927125
0.061,1755.0528081873476,6149.066798715899,293.3095719732292,883.6270637407242,1056.5209904667493
0.062,1752.011227838826,6149.066798715899,293.3095719732292,883.6270637407242,1055.3665855407855
0.063,1748.9696474903049,6149.066798715899,293.3095719732292,883.6270637407242,1054.212180614822
0.064,1746.0020709546006,6144.754990333952,292.7642037408489,883.1813442064883,1052.3327529259486
0.065,1743.0483701338007,6139.6347178803935,292.1165789648975,882.6520522595833,1050.3173834690306
0.066,1740.0946693129997,6134.514445426833,291.4689541889459,882.1227603126781,1048.3020140121118
0.067,1737.1409684922,6129.394172973274,290.82132941299454,881.5934683657731,1046.286644555194
0.068,1734.1872676713986,6124.273900519713,290.1737046370429,881.0641764188681,1044.271275098275
0.069,1731.2335668505984,6119.153628066154,289.52607986109143,880.534884471963,1042.2559056413568
0.07,1728.279866029798,6114.033355612594,288.87845508513993,880.0055925250579,1040.2405361844385
0.07100000000000001,1725.3261652089975,6108.913083159034,288.23083030918843,879.4763005781529,1038.22516672752
0.07200000000000001,1722.3724643881965,6103.792810705473,287.5832055332368,878.9470086312477,1036.2097972706013
0.073,1719.4187635673961,6098.672538251914,286.9355807572853,878.4177166843426,1034.1944278136828
0.074,1717.2420154411186,6089.176843217379,286.4924690684764,877.8693007330417,1032.6089261134582
0.075,1716.7486648196411,6070.2010659240705,286.4924690684764,877.2794494388829,1031.9548045527363
0.076,1716.255314198164,6051.225288630761,286.4924690684764,876.6895981447242,1031.3006829920143
0.077,1715.7619635766864,6032.249511337453,286.4924690684764,876.0997468505656,1030.6465614312929
0.078,1715.268612955209,6013.273734044142,286.4924690684764,875.5098955564067,1029.9924398705707
0.079,1714.7752623337315,5994.297956750832,286.4924690684764,874.920044262248,1029.338318309849
0.08,1714.281911712254,5975.322179457522,286.4924690684764,874.3301929680894,1028.684196749127
0.081,1713.7885610907765,5956.346402164212,286.4924690684764,873.7403416739305,1028.0300751884051
0.082,1713.295210469299,5937.3706248709,286.4924690684764,873.1504903797718,1027.3759536276832
0.083,1712.8018598478218,5918.394847577592,286.4924690684764,872.5606390856132,1026.7218320669615
0.084,1712.308509226344,5899.419070284283,286.4924690684764,871.9707877914544,1026.0677105062398
0.085,1710.8154515918234,5888.947254231405,286.4924690684764,871.4880454552957,1025.0053436003132
0.08600000000000001,1709.055805420491,5880.743161175978,286.4924690684764,871.0338655079372,1023.8341112689989
0.08700000000000001,1707.2961592491586,5872.53906812055,286.4924690684764,870.5796855605786,1022.6628789376848
0.088,1705.5365130778262,5864.334975065123,286.4924690684764,870.12550561322,1021.4916466063705
0.089,1703.7768669064938,5856.130882009696,286.4924690684764,869.6713256658613,1020.3204142750562
0.09,1702.0172207351613,5847.926788954268,286.4924690684764,869.2171457185028,1019.1491819437421
0.091,1700.2575745638292,5839.72269589884,286.4924690684764,868.7629657711443,1017.9779496124279
0.092,1698.4979283924965,5831.518602843413,286.4924690684764,868.3087858237856,1016.8067172811134
0.093,1696.7382822211644,5823.314509787986,286.4924690684764,867.8546058764271,1015.6354849497994
0.094,1694.978636049832,5815.110416732558,286.4924690684764,867.4004259290684,1014.4642526184851
0.095,1691.6598870990636,5806.010295284667,286.4131802807433,866.8220134401013,1013.3280170083353
0.096,1683.9756503658705,5794.401294337874,286.1118828873572,865.8957498346297,1012.2897722174458
0.097,1676.2914136326783,5782.792293391084,285.8105854939712,864.9694862291583,1011.2515274265565
0.098,1668.6071768994866,5771.183292444292,285.5092881005852,864.0432226236867,1010.2132826356672
0.099,1660.922940166296,5759.5742914975035,285.2079907071992,863.1169590182153,1009.1750378447779
0.1,1653.2387034331027,5747.96529055071,284.9066933138131,862.1906954127437,1008.1367930538884
0.101,1645.554466699911,5736.35628960392,284.6053959204271,861.2644318072722,1007.098548262999
0.10200000000000001,1637.8702299667189,5724.747288657129,284.3040985270411,860.3381682018007,1006.0603034721096
0.10300000000000001,1630.1859932335274,5713.138287710337,284.00280113365505,859.4119045963294,1005.0220586812203
0.10400000000000001,1622.5017565003363,5701.529286763548,283.7015037402691,858.485640990858,1003.983813890331
0.105,1614.8175197671435,5689.9202858167555,283.400206346883,857.5593773853863,1002.9455690994415
0.106,1612.567481617132,5679.162326589479,283.19943967691154,856.2073411898486,1001.8520404599662
0.107,1612.2582286754,5668.708310833456,283.03457683673093,854.7032433550019,1000.7387675888532
0.108,1611.9489757336678,5658.254295077433,282.86971399655033,853.1991455201546,999.6254947177399
0.109,1611.6397227919356,5647.800279321412,282.7048511563697,851.6950476853077,998.512221846627
0.11,1611.3304698502036,5637.34626356539,282.5399883161891,850.1909498504608,997.3989489755139
0.111,1611.0212169084716,5626.892247809368,282.3751254760085,848.6868520156139,996.285676104401
0.112,1610.7119639667394,5616.438232053346,282.2102626358279,847.182754180767,995.1724032332879
0.113,1610.4027110250072,5605.984216297325,282.04539979564737,845.67865634592,994.0591303621749
0.114,1610.0934580832752,5595.530200541301,281.88053695546677,844.1745585110729,992.9458574910616
0.115,1609.784205141543,5585.076184785281,281.71567411528616,842.6704606762262,991.8325846199488
0.116,1609.3965180870941,5576.445091338521,281.53269566384375,841.3219247038083,990.6581320122095
0.117,1608.7147031099562,5574.649956551493,281.28178367016926,840.5567457154996,989.2542553921221
0.11800000000000001,1608.0328881328187,5572.854821764466,281.0308716764948,839.7915667271909,987.8503787720347
0.11900000000000001,1607.351073155681,5571.059686977438,280.7799596828203,839.0263877388819,986.446502151947
0.12,1606.6692581785433,5569.2645521904105,280.52904768914584,838.2612087505731,985.0426255318596
0.121,1605.9874432014055,5567.469417403383,280.2781356954714,837.4960297622645,983.6387489117722
0.122,1605.3056282242678,5565.674282616355,280.0272237017969,836.7308507739556,982.2348722916847
0.123,1604.62381324713,5563.879147829328,279.7763117081224,835.9656717856468,980.8309956715973
0.124,1603.9419982699924,5562.084013042299,279.52539971444793,835.200492797338,979.4271190515095
0.125,1603.2601832928547,5560.288878255272,279.2744877207735,834.4353138090294,978.0232424314223
0.126,1602.5783683157172,5558.493743468245,279.0235757270991,833.6701348207207,976.6193658113352
0.127,1601.382103318722,5556.700358479242,278.4437020086342,832.8899963581266,975.4301440593846
0.128,1599.948399851024,5554.907781089327,277.71199980180455,832.1029535227858,974.3399937850359
0.129,1598.5146963833258,5553.115203699411,276.9802975949749,831.3159106874449,973.2498435106872
0.13,1597.0809929156276,5551.322626309496,276.24859538814525,830.528867852104,972.1596932363386
0.131,1595.6472894479293,5549.530048919581,275.5168931813156,829.7418250167631,971.06954296199
0.132,1594.213585980231,5547.7374715296655,274.78519097448583,828.9547821814219,969.9793926876412
0.133,1592.7798825125328,5545.9448941397495,274.0534887676562,828.1677393460811,968.8892424132925
0.134,1591.3461790448343,5544.152316749834,273.3217865608265,827.3806965107402,967.7990921389439
0.135,1589.912475577136,5542.359739359919,272.5900843539969,826.5936536753993,966.7089418645953
0.136,1588.478772109438,5540.567161970004,271.85838214716733,825.8066108400586,965.6187915902468
0.137,1587.18841132768,5538.541840035433,271.2422118677317,825.1438379260871,964.6771362076262
0.138,1586.6625448709356,5535.2752138627,271.2422118677317,825.1438379260871,964.5274535808885
0.139,1586.136678414191,5532.008587689966,271.2422118677317,825.1438379260871,964.3777709541511
0.14,1585.6108119574465,5528.741961517231,271.2422118677317,825.1438379260871,964.2280883274136
0.14100000000000001,1585.084945500702,5525.475335344497,271.2422118677317,825.1438379260871,964.0784057006761
0.14200000000000002,1584.5590790439576,5522.208709171762,271.2422118677317,825.1438379260871,963.9287230739385
0.14300000000000002,1584.033212587213,5518.942082999028,271.2422118677317,825.1438379260871,963.7790404472009
0.14400000000000002,1583.5073461304685,5515.675456826293,271.2422118677317,825.1438379260871,963.6293578204634
0.145,1582.9814796737242,5512.408830653559,271.2422118677317,825.1438379260871,963.4796751937259
0.146,1582.4556132169796,5509.142204480825,271.2422118677317,825.1438379260871,963.3299925669884
0.147,1581.9297467602353,5505.875578308091,271.2422118677317,825.1438379260871,963.1803099402508
0.148,1580.4826366529683,5503.541867861341,270.995286987263,825.039428960231,963.0578323361702
0.149,1578.49813441623,5501.752358254749,270.6043225931875,824.8741147642922,962.9512243286395
0.15,1576.5136321794917,5499.962848648158,270.21335819911195,824.7088005683536,962.8446163211088
0.151,1574.5291299427531,5498.173339041567,269.8223938050364,824.5434863724149,962.738008313578
0.152,1572.5446277060153,5496.383829434975,269.43142941096096,824.378172176476,962.6314003060472
0.153,1570.560125469277,5494.594319828382,269.0404650168855,824.2128579805374,962.5247922985166
0.154,1568.5756232325389,5492.804810221791,268.64950062280997,824.0475437845986,962.4181842909859
0.155,1566.5911209958,5491.0153006151995,268.2585362287344,823.8822295886598,962.311576283455
0.156,1564.606618759062,5489.225791008607,267.8675718346589,823.7169153927211,962.2049682759243
0.157,1562.6221165223237,5487.436281402016,267.4766074405834,823.5516011967823,962.0983602683935
0.158,1560.529343576542,5485.459215298942,267.08670210574286,823.4036884951529,961.7366887549289
0.159,1557.5162696038876,5481.8879189757645,266.70579877439894,823.4036884951529,959.2069774410224
0.16,1554.5031956312334,5478.316622652588,266.3248954430551,823.4036884951529,956.6772661271165
0.161,1551.4901216585795,5474.745326329411,265.9439921117113,823.4036884951529,954.1475548132105
0.162,1548.4770476859253,5471.174030006235,265.5630887803674,823.4036884951529,951.6178434993045
0.163,1545.4639737132711,5467.6027336830575,265.18218544902356,823.4036884951529,949.0881321853985
0.164,1542.4508997406172,5464.031437359881,264.80128211767976,823.4036884951529,946.5584208714924
0.165,1539.4378257679632,5460.460141036704,264.4203787863359,823.4036884951529,944.0287095575866
0.166,1536.4247517953086,5456.888844713527,264.03947545499204,823.4036884951529,941.49899824368
0.167,1533.4116778226544,5453.317548390351,263.6585721236482,823.4036884951529,938.9692869297741
0.168,1530.3986038500009,5449.746252067174,263.2776687923044,823.4036884951529,936.4395756158684
0.169,1528.4358830904305,5444.216922932666,262.84345255520157,823.0450447830272,934.1889396871338
0.17,1527.2370555767402,5437.263569935373,262.3704632957286,822.4255692802644,932.141267674888
0.171,1526.0382280630497,5430.310216938082,261.8974740362557,821.8060937775019,930.0935956626422
0.17200000000000001,1524.8394005493592,5423.3568639407895,261.4244847767828,821.1866182747392,928.0459236503964
0.17300000000000001,1523.6405730356687,5416.403510943495,260.95149551730975,820.5671427719766,925.9982516381504
0.17400000000000002,1522.4417455219786,5409.450157946204,260.4785062578369,819.947667269214,923.9505796259048
0.17500000000000002,1521.2429180082881,5402.496804948912,260.005516998364,819.3281917664515,921.9029076136591
0.176,1520.0440904945976,5395.543451951619,259.5325277388911,818.7087162636888,919.8552356014133
0.177,1518.8452629809071,5388.590098954327,259.0595384794181,818.0892407609261,917.8075635891674
0.178,1517.6464354672169,5381.636745957035,258.5865492199452,817.4697652581636,915.7598915769216
0.179,1516.4320656418197,5374.797389921892,258.1266817137025,816.7348511082181,913.6366536165351
0.18,1514.9379342057086,5370.009979205478,257.90300576560406,813.9220413089863,910.1532285896236
0.181,1513.4438027695974,5365.222568489064,257.6793298175057,811.1092315097547,906.6698035627122
0.182,1511.9496713334865,5360.435157772651,257.45565386940734,808.2964217105235,903.1863785358012
0.183,1510.4555398973748,5355.647747056235,257.23197792130884,805.4836119112911,899.7029535088888
0.184,1508.961408461264,5350.860336339822,257.00830197321045,802.6708021120603,896.2195284819783
0.185,1507.4672770251527,5346.072925623408,256.78462602511206,799.8579923128282,892.7361034550663
0.186,1505.9731455890417,5341.285514906995,256.5609500770137,797.0451825135968,889.2526784281554
0.187,1504.4790141529304,5336.498104190579,256.3372741289152,794.2323727143648,885.7692534012434
0.188,1502.9848827168194,5331.710693474166,256.11359818081684,791.4195629151332,882.2858283743319
0.189,1501.4907512807076,5326.923282757751,255.8899222327184,788.606753115901,878.80240334742
0.19,1500.3920040241355,5320.532561691861,255.7839704678297,786.7891804139148,876.7425575574971
0.191,1499.649102529148,5312.698861311439,255.7839704678297,785.8673210994484,875.963933080863
0.192,1498.906201034161,5304.865160931022,255.7839704678297,784.9454617849824,875.1853086042292
0.193,1498.1632995391735,5297.0314605506,255.7839704678297,784.0236024705159,874.4066841275949
0.194,1497.4203980441862,5289.197760170182,255.7839704678297,783.1017431560497,873.6280596509612
0.195,1496.6774965491988,5281.364059789761,255.7839704678297,782.1798838415834,872.849435174327
0.196,1495.9345950542115,5273.530359409342,255.7839704678297,781.2580245271172,872.0708106976931
0.197,1495.191693559224,5265.69665902892,255.7839704678297,780.3361652126509,871.292186221059
0.198,1494.4487920642366,5257.8629586485,255.7839704678297,779.4143058981846,870.513561744425
0.199,1493.7058905692493,5250.029258268081,255.7839704678297,778.4924465837184,869.7349372677909
0.2,1492.962989074262,5242.195557887661,255.7839704678297,777.5705872692521,868.956312791157
0.201,1492.1616934292338,5240.221598395573,255.46235032651822,777.2807805008067,868.9039145823373
0.202,1491.360397784206,5238.2476389034855,255.1407301852069,776.9909737323615,868.8515163735175
0.203,1490.5591021391779,5236.273679411397,254.8191100438954,776.701166963916,868.7991181646978
0.20400000000000001,1489.75780649415,5234.299719919309,254.497489902584,776.4113601954707,868.746719955878
0.20500000000000002,1488.956510849122,5232.32576042722,254.17586976127262,776.1215534270252,868.6943217470584
0.20600000000000002,1488.155215204094,5230.351800935134,253.85424961996117,775.83174665858,868.6419235382386
0.20700000000000002,1487.3539195590658,5228.377841443044,253.5326294786497,775.5419398901345,868.5895253294191
0.20800000000000002,1486.5526239140381,5226.403881950957,253.21100933733834,775.2521331216892,868.5371271205993
0.209,1485.7513282690102,5224.4299224588685,252.8893891960269,774.962326353244,868.4847289117796
0.21,1484.9500326239818,5222.455962966781,252.56776905471543,774.6725195847985,868.4323307029599
0.211,1483.8457118838783,5212.7165621585855,252.26406722304992,773.6461429246441,868.0227442310506
0.212,1482.4046965936911,5194.348893221384,251.98027462432432,771.8013552737024,867.2162819112641
0.213,1480.963681303504,5175.981224284182,251.69648202559875,769.9565676227604,866.4098195914778
0.214,1479.5226660133167,5157.613555346979,251.41268942687316,768.1117799718186,865.6033572716913
0.215,1478.0816507231298,5139.245886409778,251.12889682814756,766.2669923208767,864.7968949519048
0.216,1476.6406354329424,5120.878217472576,250.84510422942193,764.4222046699349,863.9904326321184
0.217,1475.199620142755,5102.510548535371,250.5613116306963,762.5774170189927,863.1839703123319
0.218,1473.758604852568,5084.142879598172,250.27751903197074,760.7326293680511,862.3775079925456
0.219,1472.3175895623808,5065.77521066097,249.99372643324517,758.8878417171092,861.571045672759
0.22,1470.8765742721937,5047.407541723768,249.70993383451957,757.0430540661674,860.7645833529726
0.221,1469.4355589820061,5029.039872786563,249.42614123579392,755.1982664152252,859.9581210331861
0.222,1461.8570944986284,5013.640804569003,249.30964306742788,754.8274716061708,858.8448152149699
0.223,1453.9376606156295,4998.406658613647,249.2024390340818,754.5385652883324,857.7144625357298
0.224,1446.0182267326313,4983.172512658291,249.09523500073573,754.249658970494,856.5841098564899
0.225,1438.098792849631,4967.938366702932,248.98803096738965,753.9607526526554,855.4537571772497
0.226,1430.1793589666322,4952.704220747575,248.88082693404357,753.6718463348169,854.3234044980097
0.227,1422.2599250836329,4937.470074792218,248.7736229006975,753.3829400169784,853.1930518187696
0.228,1414.3404912006338,4922.235928836861,248.6664188673514,753.09403369914,852.0626991395295
0.229,1406.421057317636,4907.001782881505,248.55921483400533,752.8051273813015,850.9323464602896
0.23,1398.5016234346358,4891.767636926145,248.45201080065925,752.516221063463,849.8019937810494
0.231,1390.5821895516365,4876.533490970789,248.34480676731317,752.2273147456245,848.6716411018094
0.232,1384.814572236801,4866.554494151439,248.25950434695318,751.7320295323552,847.5512903987074
0.233,1382.0057027031903,4863.801327394103,248.20431664444905,750.9529733378683,846.444692412795
0.234,1379.1968331695803,4861.048160636767,248.14912894194492,750.1739171433815,845.3380944268828
0.23500000000000001,1376.3879636359702,4858.29499387943,248.09394123944082,749.3948609488948,844.2314964409705
0.23600000000000002,1373.5790941023602,4855.541827122093,248.03875353693667,748.6158047544079,843.1248984550584
0.23700000000000002,1370.7702245687499,4852.7886603647585,247.98356583443257,747.8367485599211,842.0183004691462
0.23800000000000002,1367.9613550351398,4850.035493607422,247.92837813192844,747.0576923654344,840.911702483234
0.23900000000000002,1365.1524855015293,4847.282326850085,247.8731904294243,746.2786361709475,839.8051044973216
0.24,1362.3436159679197,4844.529160092749,247.8180027269202,745.4995799764608,838.6985065114096
0.241,1359.5347464343095,4841.775993335413,247.76281502441606,744.720523781974,837.5919085254975
0.242,1356.7258769006994,4839.022826578077,247.70762732191199,743.9414675874872,836.4853105395853
0.243,1355.2647749022356,4838.7330195509885,247.70181809006942,743.859461672278,835.7874662334132
0.244,1353.9622337902595,4838.7330195509885,247.70181809006942,743.859461672278,835.1377105954457
0.245,1352.6596926782836,4838.7330195509885,247.70181809006942,743.859461672278,834.4879549574783
0.246,1351.3571515663077,4838.7330195509885,247.70181809006942,743.859461672278,833.838199319511
0.247,1350.0546104543319,4838.7330195509885,247.70181809006942,743.859461672278,833.1884436815437
0.248,1348.752069342356,4838.7330195509885,247.70181809006942,743.859461672278,832.5386880435765
0.249,1347.4495282303799,4838.7330195509885,247.70181809006942,743.859461672278,831.888932405609
0.25,1346.1469871184042,4838.7330195509885,247.70181809006942,743.859461672278,831.2391767676418
0.251,1344.8444460064286,4838.7330195509885,247.70181809006942,743.859461672278,830.5894211296745
0.252,1343.5419048944525,4838.7330195509885,247.70181809006942,743.859461672278,829.9396654917072
0.253,1342.6900342904114,4835.449210712127,247.6321460705375,743.3757564365179,829.0472261441652
0.254,1342.6107416999732,4826.536015292359,247.44303630323657,742.0628422251691,827.7387575802094
0.255,1342.531449109535,4817.622819872589,247.25392653593565,740.7499280138202,826.4302890162535
0.256,1342.4521565190971,4808.709624452822,247.06481676863473,739.4370138024715,825.1218204522977
0.257,1342.3728639286587,4799.796429033052,246.87570700133375,738.1240995911223,823.8133518883417
0.258,1342.2935713382205,4790.883233613284,246.68659723403283,736.8111853797735,822.5048833243859
0.259,1342.2142787477824,4781.970038193515,246.4974874667319,735.4982711684247,821.1964147604301
0.26,1342.1349861573444,4773.056842773747,246.30837769943093,734.1853569570758,819.8879461964743
0.261,1342.055693566906,4764.14364735398,246.11926793213004,732.8724427457271,818.5794776325187
0.262,1341.9764009764679,4755.230451934211,245.9301581648291,731.5595285343782,817.2710090685626
0.263,1341.8971083860297,4746.317256514441,245.74104839752817,730.2466143230293,815.9625405046069
0.264,1340.9326048344028,4744.909909869215,245.7111889605859,729.7803200061746,815.720824861574
0.265,1339.8021242275527,4744.909909869215,245.7111889605859,729.4727669195377,815.679125391214
0.266,1338.671643620703,4744.909909869215,245.7111889605859,729.1652138329007,815.6374259208542
0.267,1337.5411630138528,4744.909909869215,245.7111889605859,728.8576607462637,815.5957264504943
0.268,1336.4106824070027,4744.909909869215,245.7111889605859,728.5501076596267,815.5540269801345
0.269,1335.2802018001528,4744.909909869215,245.7111889605859,728.2425545729898,815.5123275097745
0.27,1334.1497211933029,4744.909909869215,245.7111889605859,727.9350014863529,815.4706280394147
0.271,1333.0192405864527,4744.909909869215,245.7111889605859,727.627448399716,815.4289285690548
0.272,1331.888759979603,4744.909909869215,245.7111889605859,727.319895313079,815.387229098695
0.273,1330.7582793727531,4744.909909869215,245.7111889605859,727.012342226442,815.345529628335
0.274,1329.9166654498601,4742.506926932867,245.66721391910252,726.2582670462227,815.217934430335
0.275,1329.7009293422077,4734.897480967762,245.5279596210719,724.5367273299082,814.904231822448
0.276,1329.4851932345553,4727.288035002658,245.38870532304117,722.8151876135935,814.5905292145608
0.277,1329.2694571269028,4719.678589037556,245.2494510250105,721.0936478972793,814.2768266066737
0.278,1329.0537210192504,4712.069143072452,245.11019672697984,719.3721081809647,813.9631239987867
0.279,1328.8379849115977,4704.459697107348,244.97094242894917,717.6505684646503,813.6494213908998
0.28,1328.6222488039452,4696.850251142243,244.83168813091848,715.9290287483356,813.3357187830125
0.281,1328.4065126962928,4689.24080517714,244.69243383288782,714.207489032021,813.0220161751255
0.28200000000000003,1328.1907765886403,4681.631359212036,244.55317953485712,712.4859493157066,812.7083135672383
0.28300000000000003,1327.975040480988,4674.021913246934,244.41392523682651,710.7644095993924,812.3946109593514
0.28400000000000003,1327.7593043733355,4666.412467281829,244.2746709387958,709.0428698830776,812.0809083514642
0.28500000000000003,1326.223194315694,4654.766109830926,244.21260546338993,708.6804404691168,810.9746077099185
0.28600000000000003,1324.3349845380553,4642.043242650478,244.17112367401734,708.6804404691168,809.6569475927304
0.28700000000000003,1322.4467747604167,4629.320375470028,244.12964188464474,708.6804404691168,808.3392874755424
0.28800000000000003,1320.5585649827779,4616.59750828958,244.08816009527212,708.6804404691168,807.0216273583544
0.289,1318.6703552051395,4603.8746411091315,244.04667830589955,708.6804404691168,805.7039672411663
0.29,1316.7821454275008,4591.151773928683,244.00519651652695,708.6804404691168,804.3863071239783
0.291,1314.893935649862,4578.428906748233,243.96371472715433,708.6804404691168,803.0686470067903
0.292,1313.0057258722231,4565.706039567784,243.92223293778173,708.6804404691168,801.750986889602
0.293,1311.1175160945847,4552.983172387336,243.88075114840913,708.6804404691168,800.4333267724143
0.294,1309.2293063169457,4540.260305206885,243.8392693590365,708.6804404691168,799.115666655226
0.295,1307.7506522520985,4529.840651172049,243.62239931124589,708.6415100663103,798.0908458027653
0.296,1307.4187541830665,4525.869993944924,242.91444213988493,708.4935745356456,797.8859748915411
0.297,1307.0868561140346,4521.899336717801,242.20648496852408,708.3456390049809,797.681103980317
0.298,1306.7549580450027,4517.928679490676,241.4985277971629,708.1977034743161,797.4762330690926
0.299,1306.4230599759708,4513.958022263552,240.79057062580213,708.0497679436514,797.2713621578685
0.3,1306.0911619069389,4509.987365036428,240.08261345444106,707.9018324129867,797.0664912466441
0.301,1305.759263837907,4506.016707809304,239.37465628308013,707.7538968823219,796.86162033542
0.302,1305.427365768875,4502.046050582179,238.66669911171914,707.6059613516572,796.6567494241956
0.303,1305.0954676998433,4498.075393355055,237.95874194035818,707.4580258209926,796.4518785129715
0.304,1304.7635696308112,4494.104736127931,237.2507847689971,707.3100902903277,796.2470076017472
0.305,1304.4316715617792,4490.134078900806,236.54282759763615,707.162154759663,796.042136690523
0.306,1303.3715539517282,4485.178826972999,235.64192247782347,706.6432289756037,794.8592430282235
0.307,1302.05135793417,4479.871934080662,234.67210737642108,705.9918066724751,793.327055526255
0.308,1300.7311619166114,4474.565041188322,233.7022922750182,705.3403843693463,791.7948680242858
0.309,1299.4109658990535,4469.258148295987,232.73247717361596,704.6889620662178,790.2626805223175
0.31,1298.0907698814951,4463.951255403647,231.76266207221326,704.037539763089,788.7304930203486
0.311,1296.770573863937,4458.644362511311,230.79284697081084,703.3861174599604,787.19830551838
0.312,1295.4503778463786,4453.337469618972,229.82303186940814,702.7346951568315,785.666118016411
0.313,1294.1301818288205,4448.0305767266345,228.8532167680056,702.083272853703,784.1339305144422
0.314,1292.8099858112619,4442.723683834296,227.88340166660288,701.4318505505742,782.6017430124732
0.315,1291.489789793704,4437.416790941958,226.9135865652005,700.7804282474455,781.0695555105046
0.316,1289.6291219132163,4432.875783016422,226.12289377428053,699.9823306330343,779.693407590057
0.317,1285.7416845467467,4431.206843716391,226.00390964767053,698.6342006013143,778.9024081003139
0.318,1281.8542471802746,4429.537904416358,225.88492552106047,697.2860705695937,778.1114086105704
0.319,1277.9668098138045,4427.868965116327,225.76594139445046,695.9379405378736,777.3204091208272
0.32,1274.0793724473338,4426.200025816295,225.64695726784043,694.5898105061533,776.529409631084
0.321,1270.191935080863,4424.531086516263,225.5279731412304,693.2416804744331,775.7384101413409
0.322,1266.3044977143913,4422.862147216231,225.40898901462037,691.8935504427127,774.9474106515974
0.323,1262.4170603479206,4421.1932079162,225.29000488801032,690.5454204109924,774.1564111618542
0.324,1258.5296229814498,4419.524268616167,225.1710207614003,689.1972903792722,773.3654116721109
0.325,1254.6421856149789,4417.855329316135,225.05203663479026,687.8491603475519,772.5744121823677
0.326,1250.7547482485077,4416.186390016103,224.9330525081802,686.5010303158314,771.7834126926243
0.327,1248.420949130393,4381.017670734665,224.89547857346128,684.6367355631394,771.1228068442607
0.328,1246.8042138192109,4330.387514538708,224.89547857346128,682.5342109392283,770.5223826765333
0.329,1245.1874785080288,4279.757358342767,224.89547857346128,680.4316863153178,769.9219585088061
0.33,1243.570743196847,4229.127202146821,224.89547857346128,678.3291616914071,769.321534341079
0.331,1241.9540078856649,4178.497045950876,224.89547857346128,676.2266370674965,768.7211101733517
0.332,1240.3372725744828,4127.866889754923,224.89547857346128,674.1241124435855,768.1206860056245
0.333,1238.720537263301,4077.2367335589806,224.89547857346128,672.0215878196752,767.5202618378974
0.334,1237.1038019521188,4026.6065773630316,224.89547857346128,669.9190631957644,766.9198376701701
0.335,1235.487066640937,3975.97642116709,224.89547857346128,667.8165385718539,766.319413502443
0.336,1233.8703313297547,3925.346264971137,224.89547857346128,665.714013947943,765.7189893347156
0.337,1232.44950845932,3882.651384321189,224.89547857346128,663.8770714621752,765.2068864046528
0.338,1232.0735519395375,3882.2779732498702,224.89547857346128,663.4565670465013,765.1658300754657
0.339,1231.697595419755,3881.904562178551,224.89547857346128,663.0360626308274,765.1247737462786
0.34,1231.3216388999724,3881.5311511072314,224.89547857346128,662.6155582151533,765.0837174170915
0.341,1230.9456823801897,3881.157740035912,224.89547857346128,662.1950537994795,765.0426610879044
0.342,1230.5697258604073,3880.784328964593,224.89547857346128,661.7745493838056,765.0016047587173
0.343,1230.1937693406248,3880.410917893274,224.89547857346128,661.3540449681317,764.9605484295303
0.34400000000000003,1229.8178128208422,3880.0375068219546,224.89547857346128,660.9335405524577,764.9194921003432
0.34500000000000003,1229.4418563010597,3879.664095750635,224.89547857346128,660.5130361367837,764.8784357711561
0.34600000000000003,1229.0658997812773,3879.290684679316,224.89547857346128,660.0925317211099,764.837379441969
0.34700000000000003,1228.6899432614946,3878.917273607997,224.89547857346128,659.6720273054359,764.796323112782
0.34800000000000003,1228.154503902285,3876.8287731289206,224.81200064094037,659.251522889762,764.5658927722025
0.34900000000000003,1227.5260328867425,3873.739803828655,224.67982724778236,658.8310184740882,764.224994258311
0.35000000000000003,1226.8975618712,3870.6508345283883,224.54765385462423,658.4105140584142,763.8840957444194
0.35100000000000003,1226.2690908556576,3867.561865228122,224.4154804614662,657.9900096427402,763.5431972305278
0.352,1225.640619840115,3864.4728959278555,224.28330706830812,657.5695052270663,763.2022987166362
0.353,1225.0121488245727,3861.383926627589,224.15113367515005,657.1490008113924,762.8614002027446
0.354,1224.3836778090304,3858.2949573273227,224.018960281992,656.7284963957186,762.520501688853
0.355,1223.755206793488,3855.2059880270563,223.8867868888339,656.3079919800446,762.1796031749614
0.356,1223.1267357779457,3852.1170187267894,223.75461349567584,655.8874875643706,761.8387046610698
0.357,1222.498264762403,3849.028049426523,223.62244010251777,655.4669831486966,761.4978061471782
0.358,1221.9152756127878,3845.8011776087237,223.49522198213086,655.062373132004,761.1413667104215
0.359,1221.7188823235524,3841.402134391894,223.41012368029885,654.7928655066514,760.652829429313
0.36,1221.522489034317,3837.0030911750655,223.32502537846693,654.5233578812991,760.1642921482048
0.361,1221.3260957450816,3832.6040479582352,223.23992707663496,654.2538502559466,759.6757548670962
0.362,1221.1297024558462,3828.205004741406,223.15482877480295,653.9843426305943,759.1872175859878
0.363,1220.9333091666108,3823.8059615245775,223.069730472971,653.7148350052419,758.6986803048794
0.364,1220.7369158773752,3819.406918307748,222.98463217113903,653.4453273798895,758.210143023771
0.365,1220.5405225881398,3815.0078750909183,222.89953386930705,653.1758197545371,757.7216057426626
0.366,1220.3441292989044,3810.6088318740894,222.81443556747507,652.9063121291846,757.2330684615542
0.367,1220.147736009669,3806.2097886572597,222.7293372656431,652.6368045038322,756.7445311804458
0.368,1219.9513427204336,3801.8107454404308,222.64423896381112,652.3672968784798,756.2559938993373
0.369,1219.5472757584955,3799.958516717555,222.47811221974416,651.7190065233461,755.5854398536628
0.37,1218.9921733982285,3799.958516717555,222.25305569950626,650.7952378192806,754.7825099792129
0.371,1218.4370710379617,3799.9585167175555,222.0279991792684,649.8714691152152,753.979580104763
0.372,1217.8819686776947,3799.9585167175546,221.80294265903052,648.9477004111496,753.1766502303132
0.373,1217.3268663174276,3799.9585167175555,221.57788613879262,648.0239317070841,752.3737203558633
0.374,1216.7717639571606,3799.958516717555,221.35282961855472,647.1001630030186,751.5707904814133
0.375,1216.2166615968938,3799.958516717555,221.12777309831682,646.176394298953,750.7678606069635
0.376,1215.661559236627,3799.958516717555,220.90271657807898,645.2526255948876,749.9649307325135
0.377,1215.10645687636,3799.9585167175546,220.67766005784108,644.3288568908222,749.1620008580637
0.378,1214.551354516093,3799.958516717555,220.4526035376032,643.4050881867565,748.3590709836137
0.379,1213.9658151594529,3799.875901732452,220.23939209737784,642.5299388881682,747.5588935464482
0.38,1212.8324098680985,3798.3062170154913,220.23939209737784,642.5299388881682,746.8082599804
0.381,1211.6990045767438,3796.736532298531,220.23939209737784,642.5299388881682,746.0576264143517
0.382,1210.5655992853895,3795.166847581571,220.23939209737784,642.5299388881682,745.3069928483035
0.383,1209.4321939940348,3793.5971628646107,220.23939209737784,642.5299388881682,744.5563592822552
0.384,1208.2987887026802,3792.02747814765,220.23939209737784,642.5299388881682,743.805725716207
0.385,1207.1653834113258,3790.45779343069,220.23939209737784,642.5299388881682,743.0550921501589
0.386,1206.0319781199712,3788.8881087137297,220.23939209737784,642.5299388881682,742.3044585841106
0.387,1204.8985728286166,3787.318423996769,220.23939209737784,642.5299388881682,741.5538250180624
0.388,1203.7651675372622,3785.748739279809,220.23939209737784,642.5299388881682,740.8031914520143
0.389,1202.6317622459076,3784.1790545628487,220.23939209737784,642.5299388881682,740.052557885966
0.39,1199.705944479061,3783.43551969692,220.23939209737784,642.5299388881682,739.6103034682691
0.391,1195.166955484272,3783.43551969692,220.23939209737784,642.5299388881682,739.4455902840883
0.392,1190.6279664894828,3783.43551969692,220.23939209737784,642.5299388881682,739.2808770999075
0.393,1186.0889774946936,3783.43551969692,220.23939209737784,642.5299388881682,739.1161639157266
0.394,1181.5499884999044,3783.43551969692,220.23939209737784,642.5299388881682,738.9514507315457
0.395,1177.0109995051155,3783.43551969692,220.23939209737784,642.5299388881682,738.7867375473649
0.396,1172.472010510326,3783.43551969692,220.23939209737784,642.5299388881682,738.622024363184
0.397,1167.933021515537,3783.43551969692,220.23939209737784,642.5299388881682,738.4573111790032
0.398,1163.3940325207477,3783.43551969692,220.23939209737784,642.5299388881683,738.2925979948224
0.399,1158.8550435259588,3783.43551969692,220.23939209737784,642.5299388881682,738.1278848106415
0.4,1154.3160545311696,3783.43551969692,220.23939209737784,642.5299388881682,737.9631716264606
0.401,1153.6798860036554,3774.709852258978,219.96081335520023,641.5048758157291,737.5508857119552
0.402,1153.0437174761414,3765.984184821036,219.68223461302256,640.4798127432899,737.1385997974497
0.403,1152.4075489486272,3757.258517383094,219.40365587084494,639.4547496708509,736.7263138829442
0.404,1151.771380421113,3748.532849945152,219.1250771286673,638.4296865984118,736.3140279684387
0.405,1151.1352118935988,3739.80718250721,218.84649838648966,637.4046235259727,735.9017420539333
0.406,1150.4990433660848,3731.0815150692683,218.56791964431204,636.3795604535337,735.4894561394278
0.40700000000000003,1149.8628748385706,3722.355847631326,218.28934090213437,635.3544973810945,735.0771702249224
0.40800000000000003,1149.2267063110564,3713.630180193384,218.01076215995676,634.3294343086554,734.6648843104169
0.40900000000000003,1148.5905377835425,3704.9045127554423,217.73218341777914,633.3043712362163,734.2525983959115
0.41000000000000003,1147.9543692560283,3696.1788453175004,217.4536046756015,632.2793081637772,733.8403124814059
0.41100000000000003,1147.1572783660192,3689.73255905829,217.22896530312127,631.5384695170185,733.1285013618482
0.41200000000000003,1146.1813848510158,3685.8189185532265,217.06425856363816,631.1134357876823,732.0838844588989
0.41300000000000003,1145.205491336012,3681.9052780481625,216.89955182415503,630.6884020583461,731.0392675559496
0.41400000000000003,1144.2295978210086,3677.9916375430985,216.73484508467192,630.2633683290098,729.9946506530003
0.41500000000000004,1143.2537043060051,3674.077997038035,216.57013834518878,629.8383345996738,728.950033750051
0.41600000000000004,1142.2778107910015,3670.164356532971,216.40543160570567,629.4133008703375,727.9054168471018
0.417,1141.3019172759978,3666.2507160279074,216.24072486622256,628.9882671410013,726.8607999441526
0.418,1140.3260237609943,3662.3370755228434,216.07601812673943,628.5632334116651,725.8161830412034
0.419,1139.3501302459908,3658.4234350177794,215.91131138725632,628.1381996823288,724.771566138254
0.42,1138.3742367309874,3654.509794512716,215.74660464777324,627.7131659529928,723.726949235305
0.421,1137.3983432159837,3650.596154007652,215.58189790829007,627.2881322236565,722.6823323323556
0.422,1136.0204927834932,3649.072710003218,215.5732291325278,625.533367781979,721.260552224894
0.423,1134.620311411142,3647.6820546932636,215.5732291325278,623.7047294118378,719.8178186060704
0.424,1133.220130038791,3646.29139938331,215.5732291325278,621.8760910416968,718.3750849872472
0.425,1131.8199486664398,3644.900744073355,215.57322913252784,620.0474526715554,716.9323513684234
0.426,1130.419767294089,3643.5100887634007,215.5732291325278,618.2188143014148,715.4896177496001
0.427,1129.0195859217376,3642.1194334534466,215.5732291325278,616.3901759312735,714.0468841307766
0.428,1127.6194045493867,3640.728778143492,215.5732291325278,614.5615375611325,712.6041505119531
0.429,1126.2192231770355,3639.3381228335375,215.5732291325278,612.7328991909912,711.1614168931295
0.43,1124.8190418046845,3637.9474675235833,215.5732291325278,610.9042608208504,709.7186832743062
0.431,1123.4188604323333,3636.5568122136287,215.5732291325278,609.075622450709,708.2759496554825
0.432,1122.5317023654643,3635.0511475309336,215.57322913252779,607.830548714775,707.2654668235689
0.433,1122.3499513436325,3633.3873449607186,215.5732291325278,607.3878763508749,706.849328823656
0.434,1122.1682003218007,3631.723542390504,215.57322913252779,606.945203986975,706.4331908237434
0.435,1121.986449299969,3630.059739820289,215.5732291325278,606.502531623075,706.0170528238306
0.436,1121.8046982781373,3628.395937250074,215.5732291325278,606.059859259175,705.6009148239177
0.437,1121.6229472563055,3626.732134679859,215.5732291325278,605.617186895275,705.184776824005
0.438,1121.4411962344739,3625.068332109645,215.5732291325278,605.1745145313752,704.7686388240922
0.439,1121.259445212642,3623.40452953943,215.5732291325278,604.7318421674752,704.3525008241794
0.44,1121.0776941908105,3621.740726969215,215.5732291325278,604.2891698035752,703.9363628242666
0.441,1120.8959431689786,3620.0769243990003,215.57322913252784,603.8464974396753,703.5202248243539
0.442,1120.714192147147,3618.4131218287853,215.5732291325278,603.4038250757753,703.1040868244411
0.443,1120.0660225340814,3618.0936251410044,215.57235641486943,603.3204313793071,702.8252216664837
0.444,1119.3629801455766,3617.9322820864504,215.57138102454542,603.2793057613603,702.5625062546386
0.445,1118.6599377570715,3617.7709390318973,215.57040563422134,603.2381801434135,702.2997908427935
0.446,1117.9568953685666,3617.609595977344,215.5694302438973,603.1970545254667,702.0370754309486
0.447,1117.2538529800618,3617.4482529227903,215.56845485357323,603.1559289075199,701.7743600191035
0.448,1116.550810591557,3617.2869098682368,215.56747946324919,603.114803289573,701.5116446072584
0.449,1115.8477682030518,3617.1255668136837,215.5665040729251,603.0736776716262,701.2489291954134
0.45,1115.1447258145472,3616.9642237591297,215.56552868260107,603.0325520536794,700.9862137835682
0.451,1114.4416834260421,3616.8028807045766,215.56455329227703,602.9914264357326,700.7234983717233
0.452,1113.7386410375373,3616.6415376500227,215.56357790195295,602.9503008177858,700.4607829598783
0.453,1113.0917038829737,3615.8413819700636,215.5354440437317,602.8666073403643,699.9938888978273
0.454,1112.540947129452,3613.946118932265,215.46075281197247,602.7099403895576,699.1769742925663
0.455,1111.9901903759303,3612.0508558944666,215.3860615802132,602.5532734387509,698.3600596873052
0.456,1111.4394336224086,3610.1555928566677,215.31137034845395,602.3966064879443,697.5431450820445
0.457,1110.8886768688872,3608.2603298188696,215.2366791166947,602.2399395371376,696.7262304767834
0.458,1110.3379201153655,3606.365066781071,215.16198788493546,602.083272586331,695.9093158715225
0.459,1109.7871633618438,3604.4698037432727,215.0872966531762,601.9266056355243,695.0924012662615
0.46,1109.236406608322,3602.5745407054746,215.01260542141694,601.7699386847178,694.2754866610005
0.461,1108.6856498548004,3600.6792776676757,214.93791418965768,601.613271733911,693.4585720557395
0.462,1108.134893101279,3598.784014629877,214.86322295789842,601.4566047831045,692.6416574504786
0.463,1107.5841363477573,3596.8887515920783,214.78853172613915,601.2999378322977,691.8247428452175
0.464,1106.4347186132009,3593.5906516009363,214.77673837375613,601.2752009453283,691.0694932162969
0.465,1105.1730519447,3590.029519681041,214.77673837375613,601.2752009453283,690.3258057704401
0.466,1103.9113852761998,3586.4683877611465,214.77673837375613,601.2752009453283,689.5821183245833
0.467,1102.649718607699,3582.907255841251,214.77673837375613,601.2752009453283,688.8384308787265
0.468,1101.3880519391987,3579.346123921357,214.77673837375613,601.2752009453283,688.0947434328698
0.46900000000000003,1100.126385270698,3575.784992001462,214.77673837375613,601.2752009453283,687.3510559870128
0.47000000000000003,1098.8647186021974,3572.223860081567,214.77673837375613,601.2752009453283,686.6073685411561
0.47100000000000003,1097.6030519336969,3568.662728161672,214.77673837375613,601.2752009453283,685.8636810952994
0.47200000000000003,1096.3413852651963,3565.1015962417778,214.77673837375613,601.2752009453283,685.1199936494426
0.47300000000000003,1095.0797185966956,3561.5404643218826,214.77673837375613,601.2752009453283,684.3763062035857
0.47400000000000003,1093.9445811826097,3554.6087224853513,214.77265351846955,601.0757826999193,683.6949834274549
0.47500000000000003,1093.0835904864214,3540.3739924961055,214.75971814339533,600.4442915894573,683.148784102397
0.47600000000000003,1092.2225997902333,3526.139262506862,214.7467827683211,599.8128004789955,682.6025847773393
0.47700000000000004,1091.3616090940452,3511.904532517615,214.7338473932469,599.1813093685336,682.0563854522813
0.47800000000000004,1090.5006183978571,3497.6698025283717,214.72091201817267,598.5498182580718,681.5101861272235
0.47900000000000004,1089.6396277016688,3483.435072539125,214.70797664309842,597.91832714761,680.9639868021657
0.48,1088.778637005481,3469.2003425498815,214.69504126802423,597.2868360371481,680.4177874771078
0.481,1087.9176463092926,3454.9656125606366,214.68210589294998,596.6553449266862,679.87158815205
0.482,1087.0566556131046,3440.7308825713917,214.66917051787578,596.0238538162243,679.3253888269921
0.483,1086.1956649169165,3426.4961525821473,214.65623514280153,595.3923627057625,678.7791895019343
0.484,1085.3346742207284,3412.2614225929024,214.64329976772734,594.7608715953006,678.2329901768765
0.485,1084.8842266520917,3409.264637332008,214.60992495515816,594.6279260983613,678.0028897549984
0.486,1084.5432572508018,3409.264637332008,214.5710996259237,594.6279260983613,677.8570823739684
0.487,1084.2022878495122,3409.264637332008,214.53227429668917,594.6279260983613,677.7112749929383
0.488,1083.8613184482226,3409.2646373320085,214.4934489674547,594.6279260983613,677.5654676119083
0.489,1083.520349046933,3409.264637332008,214.4546236382202,594.6279260983613,677.4196602308782
0.49,1083.1793796456432,3409.264637332008,214.41579830898573,594.6279260983613,677.2738528498483
0.491,1082.8384102443536,3409.264637332008,214.37697297975126,594.6279260983613,677.1280454688181
0.492,1082.4974408430637,3409.264637332008,214.33814765051676,594.6279260983613,676.9822380877881
0.493,1082.156471441774,3409.264637332008,214.29932232128226,594.6279260983613,676.836430706758
0.494,1081.8155020404843,3409.264637332008,214.2604969920478,594.6279260983613,676.6906233257279
0.495,1081.479699114767,3409.264637332008,214.0649048683546,594.5080918343266,676.5216074130435
0.496,1081.158362320653,3409.264637332008,213.43036572017704,594.0527216309946,676.2876076117266
0.497,1080.8370255265386,3409.2646373320076,212.7958265719995,593.5973514276627,676.0536078104096
0.498,1080.5156887324245,3409.264637332008,212.1612874238219,593.1419812243307,675.8196080090928
0.499,1080.19435193831,3409.264637332008,211.52674827564434,592.6866110209988,675.585608207776
0.5,1079.873015144196,3409.264637332008,210.8922091274668,592.231240817667,675.351608406459
0.501,1079.5516783500816,3409.264637332008,210.25766997928923,591.775870614335,675.1176086051421
0.502,1079.2303415559675,3409.264637332008,209.62313083111167,591.3205004110032,674.8836088038253
0.503,1078.909004761853,3409.264637332008,208.9885916829341,590.8651302076712,674.6496090025084
0.504,1078.587667967739,3409.264637332008,208.35405253475653,590.4097600043393,674.4156092011915
0.505,1078.2663311736246,3409.264637332008,207.71951338657897,589.9543898010073,674.1816093998746
0.506,1077.6679260202543,3405.4878235024594,207.55252940021646,589.4990195976754,673.4733384826632
0.507,1076.9705678814355,3400.3621475909285,207.55252940021643,589.0436493943436,672.5956850240608
0.508,1076.2732097426165,3395.236471679398,207.55252940021646,588.5882791910116,671.7180315654584
0.509,1075.5758516037977,3390.110795767867,207.55252940021646,588.1329089876797,670.840378106856
0.51,1074.8784934649789,3384.9851198563365,207.55252940021646,587.6775387843478,669.9627246482535
0.511,1074.18113532616,3379.859443944806,207.55252940021646,587.2221685810159,669.0850711896511
0.512,1073.4837771873413,3374.7337680332757,207.55252940021646,586.7667983776839,668.2074177310487
0.513,1072.7864190485225,3369.608092121744,207.55252940021646,586.311428174352,667.3297642724463
0.514,1072.0890609097037,3364.482416210214,207.55252940021649,585.8560579710202,666.452110813844
0.515,1071.3917027708846,3359.3567402986832,207.55252940021646,585.4006877676882,665.5744573552416
0.516,1070.598258665197,3355.0985828106363,207.55252940021646,585.0411849755841,664.76914272156
0.517,1069.44449218375,3354.0936194106544,207.55252940021646,585.0411849755841,664.2350986813315
0.518,1068.2907257023032,3353.088656010672,207.55252940021643,585.0411849755841,663.7010546411029
0.519,1067.1369592208564,3352.0836926106904,207.55252940021646,585.0411849755841,663.1670106008745
0.52,1065.9831927394096,3351.078729210708,207.55252940021646,585.0411849755841,662.632966560646
0.521,1064.8294262579625,3350.0737658107255,207.55252940021646,585.0411849755841,662.0989225204175
0.522,1063.6756597765157,3349.0688024107435,207.55252940021646,585.0411849755841,661.564878480189
0.523,1062.5218932950688,3348.0638390107615,207.55252940021646,585.0411849755841,661.0308344399605
0.524,1061.368126813622,3347.0588756107795,207.55252940021646,585.0411849755841,660.4967903997319
0.525,1060.2143603321751,3346.053912210797,207.55252940021646,585.0411849755841,659.9627463595034
0.526,1059.0605938507283,3345.0489488108146,207.55252940021646,585.0411849755841,659.428702319275
0.527,1056.3202010442865,3344.280556632298,207.55252940021646,584.5231114168329,659.2254210671641
0.528,1052.84751916477,3343.621351171381,207.55252940021649,583.7659269848118,659.1747995634151
0.529,1049.3748372852533,3342.9621457104636,207.55252940021643,583.0087425527909,659.1241780596663
0.53,1045.9021554057372,3342.302940249546,207.55252940021646,582.2515581207699,659.0735565559173
0.531,1042.4294735262208,3341.6437347886285,207.55252940021646,581.494373688749,659.0229350521684
0.532,1038.9567916467042,3340.9845293277112,207.55252940021646,580.7371892567278,658.9723135484196
0.533,1035.4841097671876,3340.325323866794,207.55252940021646,579.9800048247068,658.9216920446706
0.534,1032.0114278876713,3339.6661184058767,207.55252940021646,579.2228203926859,658.8710705409218
0.535,1028.5387460081552,3339.0069129449594,207.55252940021649,578.4656359606649,658.8204490371728
0.536,1025.0660641286386,3338.3477074840416,207.55252940021646,577.7084515286439,658.769827533424
0.537,1022.068332614414,3337.6237085023763,207.51302208613515,577.0708225332578,658.6992612172069
0.538,1021.6036697150795,3336.554144076724,207.26280909695353,577.0708225332578,658.5223225678264
0.539,1021.139006815745,3335.484579651072,207.0125961077719,577.0708225332578,658.3453839184461
0.54,1020.6743439164106,3334.4150152254197,206.76238311859035,577.0708225332578,658.1684452690657
0.541,1020.209681017076,3333.345450799767,206.51217012940873,577.0708225332578,657.9915066196854
0.542,1019.7450181177417,3332.2758863741146,206.26195714022714,577.0708225332578,657.814567970305
0.543,1019.2803552184072,3331.2063219484626,206.01174415104555,577.0708225332578,657.6376293209246
0.544,1018.8156923190727,3330.13675752281,205.76153116186393,577.0708225332578,657.4606906715443
0.545,1018.3510294197382,3329.0671930971575,205.51131817268234,577.0708225332578,657.2837520221639
0.546,1017.8863665204036,3327.997628671505,205.26110518350072,577.0708225332578,657.1068133727836
0.547,1017.4217036210691,3326.9280642458534,205.01089219431913,577.0708225332578,656.9298747234031
0.548,1016.2826591833109,3326.534014194297,204.91870846146276,577.0708225332578,656.7401202244863
0.549,1014.7502255148053,3326.534014194297,204.91870846146276,577.0708225332578,656.54288981334
0.55,1013.2177918462996,3326.534014194297,204.91870846146276,577.0708225332578,656.3456594021936
0.551,1011.6853581777943,3326.534014194297,204.91870846146276,577.0708225332578,656.1484289910472
0.552,1010.1529245092886,3326.534014194297,204.91870846146276,577.0708225332578,655.951198579901
0.553,1008.6204908407831,3326.534014194297,204.91870846146276,577.0708225332578,655.7539681687547
0.554,1007.0880571722776,3326.534014194297,204.91870846146276,577.0708225332578,655.5567377576083
0.555,1005.5556235037719,3326.534014194297,204.91870846146276,577.0708225332578,655.3595073464619
0.556,1004.0231898352663,3326.534014194297,204.91870846146276,577.0708225332578,655.1622769353156
0.557,1002.4907561667608,3326.534014194297,204.91870846146276,577.0708225332578,654.9650465241692
0.558,1001.0948268912917,3326.2931023194774,204.89549391666088,577.0461650972958,654.731534961799
0.559,1000.859184956633,3324.00443950869,204.6749557410432,576.8119194556572,654.1896336140252
0.56,1000.6235430219741,3321.715776697903,204.4544175654255,576.5776738140185,653.6477322662515
0.561,1000.3879010873152,3319.4271138871163,204.23387938980778,576.3434281723798,653.1058309184777
0.562,1000.1522591526564,3317.138451076329,204.01334121419012,576.1091825307411,652.5639295707041
0.5630000000000001,999.9166172179976,3314.849788265542,203.7928030385724,575.8749368891025,652.0220282229304
0.5640000000000001,999.6809752833386,3312.561125454755,203.5722648629547,575.6406912474639,651.4801268751567
0.5650000000000001,999.4453333486799,3310.272462643968,203.35172668733702,575.4064456058252,650.9382255273829
0.5660000000000001,999.209691414021,3307.9837998331805,203.13118851171936,575.1721999641866,650.3963241796092
0.5670000000000001,998.9740494793621,3305.6951370223937,202.91065033610167,574.937954322548,649.8544228318356
0.5680000000000001,998.7384075447033,3303.4064742116066,202.69011216048392,574.7037086809092,649.3125214840618
0.5690000000000001,998.4821607718338,3301.3468266164973,202.53648648634987,574.4834530879712,648.5426432308749
0.5700000000000001,998.210928662084,3299.453735541882,202.43152444965844,574.2733720759061,647.606963591933
0.5710000000000001,997.9396965523341,3297.560644467266,202.32656241296698,574.063291063841,646.6712839529911
0.5720000000000001,997.6684644425843,3295.66755339265,202.22160037627555,573.8532100517759,645.7356043140492
0.5730000000000001,997.3972323328344,3293.774462318034,202.11663833958409,573.6431290397109,644.7999246751073
0.5740000000000001,997.1260002230846,3291.881371243418,202.01167630289265,573.4330480276458,643.8642450361654
0.5750000000000001,996.8547681133348,3289.988280168802,201.9067142662012,573.2229670155807,642.9285653972235
0.5760000000000001,996.5835360035849,3288.0951890941865,201.80175222950976,573.0128860035156,641.9928857582815
0.577,996.3123038938352,3286.2020980195707,201.6967901928183,572.8028049914506,641.0572061193398
0.578,996.0410717840854,3284.3090069449545,201.59182815612687,572.5927239793856,640.1215264803978
0.579,995.7023862818497,3282.4825173000613,201.49239043715602,572.3936998626923,639.216589935903
0.58,994.14953971487,3281.854853390175,201.49239043715602,572.3936998626923,638.8650290914552
0.581,992.5966931478903,3281.227189480289,201.49239043715602,572.3936998626923,638.5134682470074
0.582,991.0438465809104,3280.599525570403,201.49239043715602,572.3936998626923,638.1619074025596
0.583,989.4910000139307,3279.9718616605164,201.49239043715602,572.3936998626923,637.8103465581119
0.584,987.938153446951,3279.34419775063,201.49239043715602,572.3936998626923,637.458785713664
0.585,986.385306879971,3278.716533840744,201.49239043715602,572.3936998626923,637.1072248692162
0.586,984.8324603129915,3278.088869930858,201.49239043715602,572.3936998626923,636.7556640247685
0.587,983.2796137460117,3277.461206020972,201.49239043715602,572.3936998626923,636.4041031803207
0.588,981.7267671790319,3276.8335421110855,201.49239043715602,572.3936998626923,636.0525423358729
0.589,980.1739206120521,3276.2058782011995,201.49239043715602,572.3936998626923,635.7009814914251
0.59,979.1043260793938,3269.854842182832,201.43993430335337,571.9537617900128,635.2430099024451
0.591,978.4696583776247,3258.352771266833,201.34026764912835,571.117879451922,634.6892686433862
0.592,977.8349906758557,3246.8507003508334,201.24060099490333,570.281997113831,634.1355273843271
0.593,977.2003229740867,3235.348629434834,201.1409343406783,569.4461147757402,633.5817861252682
0.594,976.5656552723176,3223.8465585188337,201.0412676864533,568.6102324376493,633.0280448662091
0.595,975.9309875705485,3212.3444876028343,200.94160103222828,567.7743500995583,632.4743036071502
0.596,975.2963198687796,3200.8424166868353,200.84193437800326,566.9384677614676,631.9205623480912
0.597,974.6616521670105,3189.3403457708355,200.74226772377824,566.1025854233765,631.3668210890322
0.598,974.0269844652414,3177.8382748548356,200.64260106955322,565.2667030852856,630.8130798299732
0.599,973.3923167634724,3166.3362039388353,200.5429344153282,564.4308207471946,630.2593385709142
0.6,972.7576490617033,3154.834133022836,200.4432677611032,563.5949384091037,629.7055973118552
0.601,971.8896005613954,3146.0053591827755,200.4432677611032,562.0245107250521,628.9050117093182
0.602,971.0215520610874,3137.176585342713,200.4432677611032,560.4540830410002,628.104426106781
0.603,970.1535035607794,3128.347811502652,200.4432677611032,558.8836553569486,627.3038405042439
0.604,969.2854550604713,3119.5190376625906,200.4432677611032,557.3132276728968,626.5032549017069
0.605,968.4174065601634,3110.690263822529,200.4432677611032,555.7427999888448,625.7026692991697
0.606,967.5493580598554,3101.8614899824674,200.4432677611032,554.172372304793,624.9020836966326
0.607,966.6813095595475,3093.0327161424066,200.4432677611032,552.6019446207414,624.1014980940955
0.608,965.8132610592395,3084.203942302345,200.4432677611032,551.0315169366896,623.3009124915584
0.609,964.9452125589314,3075.375168462284,200.4432677611032,549.4610892526379,622.5003268890213
0.61,964.0771640586236,3066.5463946222226,200.4432677611032,547.8906615685861,621.6997412864843
0.611,963.4721947885134,3061.0973618343933,200.36390776618205,547.064120682243,621.2252846569756
0.612,963.1595357741787,3059.403596882378,200.19636999912635,547.064120682243,621.1131935530547
0.613,962.846876759844,3057.7098319303627,200.0288322320706,547.064120682243,621.0011024491334
0.614,962.5342177455093,3056.0160669783477,199.86129446501488,547.064120682243,620.8890113452123
0.615,962.2215587311746,3054.322302026333,199.69375669795917,547.064120682243,620.7769202412912
0.616,961.90889971684,3052.628537074318,199.52621893090344,547.064120682243,620.6648291373701
0.617,961.5962407025054,3050.934772122303,199.3586811638477,547.064120682243,620.552738033449
0.618,961.2835816881706,3049.241007170288,199.191143396792,547.064120682243,620.4406469295279
0.619,960.970922673836,3047.547242218273,199.02360562973627,547.064120682243,620.3285558256068
0.62,960.6582636595012,3045.8534772662574,198.85606786268056,547.064120682243,620.2164647216856
0.621,960.3456046451665,3044.1597123142424,198.68853009562483,547.064120682243,620.1043736177645
0.622,959.9981238125624,3039.4062597308784,198.51817793515937,546.5725257072104,619.9368730084873
0.623,959.648708434499,3034.4828245013287,198.3476694195045,546.0536199002316,619.766294093357
0.624,959.2992930564355,3029.5593892717784,198.17716090384963,545.5347140932529,619.5957151782268
0.625,958.9498776783719,3024.635954042228,198.00665238819474,545.015808286274,619.4251362630966
0.626,958.6004623003084,3019.7125188126784,197.83614387253988,544.4969024792953,619.2545573479663
0.627,958.251046922245,3014.7890835831286,197.665635356885,543.9779966723164,619.0839784328361
0.628,957.9016315441814,3009.8656483535788,197.4951268412301,543.4590908653377,618.9133995177058
0.629,957.5522161661179,3004.942213124028,197.32461832557524,542.9401850583588,618.7428206025755
0.63,957.2028007880544,3000.0187778944787,197.15410980992036,542.42127925138,618.5722416874453
0.631,956.8533854099909,2995.0953426649285,196.9836012942655,541.9023734444012,618.4016627723149
0.632,956.3131005453073,2986.9770253018296,196.8848858378337,541.5685421689475,618.2553993763837
0.633,955.5103701365211,2974.4657450051004,196.8848858378337,541.4891883743406,618.1425698193509
0.634,954.7076397277349,2961.954464708371,196.8848858378337,541.4098345797338,618.0297402623181
0.635,953.9049093189487,2949.4431844116416,196.8848858378337,541.330480785127,617.9169107052853
0.636,953.1021789101626,2936.931904114913,196.8848858378337,541.2511269905201,617.8040811482525
0.637,952.2994485013763,2924.420623818184,196.8848858378337,541.1717731959133,617.6912515912197
0.638,951.4967180925901,2911.909343521454,196.8848858378337,541.0924194013064,617.578422034187
0.639,950.6939876838039,2899.398063224726,196.8848858378337,541.0130656066996,617.4655924771542
0.64,949.8912572750178,2886.886782927996,196.8848858378337,540.9337118120927,617.3527629201214
0.641,949.0885268662315,2874.3755026312674,196.8848858378337,540.8543580174859,617.2399333630888
0.642,948.2857964574454,2861.864222334538,196.8848858378337,540.7750042228791,617.1271038060559
0.643,946.8128588136864,2858.8607444170057,196.8848858378337,539.5571664616285,615.7645280708069
0.644,945.2610732599305,2856.975831485261,196.8848858378337,538.2053894101846,614.254923373415
0.645,943.7092877061746,2855.0909185535165,196.8848858378337,536.8536123587407,612.7453186760229
0.646,942.1575021524186,2853.2060056217715,196.8848858378337,535.5018353072967,611.2357139786308
0.647,940.6057165986629,2851.3210926900274,196.8848858378337,534.1500582558527,609.7261092812387
0.648,939.0539310449069,2849.4361797582824,196.8848858378337,532.7982812044088,608.2165045838467
0.649,937.5021454911509,2847.551266826538,196.8848858378337,531.4465041529648,606.7068998864546
0.65,935.9503599373953,2845.6663538947932,196.8848858378337,530.094727101521,605.1972951890627
0.651,934.3985743836395,2843.7814409630487,196.8848858378337,528.7429500500772,603.6876904916707
0.652,932.8467888298835,2841.896528031304,196.8848858378337,527.3911729986331,602.1780857942784
0.653,930.2033417257533,2840.2037952406445,196.79611638553723,526.3107594705581,601.0645729346002
0.654,925.6884748209815,2838.8405141204157,196.55517072930394,525.6955405539726,600.6300746538592
0.655,921.1736079162105,2837.477233000188,196.3142250730707,525.0803216373871,600.1955763731185
0.656,916.6587410114389,2836.1139518799596,196.07327941683747,524.4651027208015,599.7610780923775
0.657,912.1438741066672,2834.7506707597313,195.83233376060417,523.849883804216,599.3265798116366
0.658,907.6290072018958,2833.387389639503,195.59138810437094,523.2346648876305,598.8920815308958
0.659,903.1141402971242,2832.0241085192747,195.35044244813764,522.6194459710449,598.4575832501549
0.66,898.5992733923531,2830.6608273990464,195.10949679190443,522.0042270544594,598.0230849694142
0.661,894.0844064875814,2829.297546278818,194.86855113567114,521.3890081378738,597.5885866886732
0.662,889.56953958281,2827.9342651585903,194.6276054794379,520.7737892212883,597.1540884079324
0.663,885.0546726780382,2826.570984038362,194.3866598232046,520.1585703047028,596.7195901271915
0.664,883.8164642370649,2819.6228687812186,194.3090018288149,520.0614304757682,595.500643775703
0.665,883.1926292580534,2811.627597123404,194.26196027102083,520.0614304757682,594.1346134109494
0.666,882.5687942790419,2803.632325465589,194.21491871322678,520.0614304757682,592.7685830461957
0.667,881.9449593000304,2795.6370538077745,194.16787715543268,520.0614304757682,591.4025526814421
0.668,881.3211243210189,2787.6417821499595,194.12083559763863,520.0614304757682,590.0365223166884
0.669,880.6972893420075,2779.6465104921444,194.07379403984456,520.0614304757682,588.6704919519348
0.67,880.0734543629959,2771.6512388343294,194.02675248205048,520.0614304757682,587.304461587181
0.671,879.4496193839846,2763.655967176515,193.97971092425644,520.0614304757682,585.9384312224274
0.672,878.825784404973,2755.6606955187003,193.93266936646236,520.0614304757682,584.5724008576738
0.673,878.2019494259615,2747.6654238608858,193.8856278086683,520.0614304757682,583.2063704929201
0.674,877.2953261902446,2740.437963185534,193.8534414796513,520.0434456862444,582.1619962752095
0.675,875.7759950649995,2734.8740929721876,193.8534414796513,519.9864938527518,581.8145437094256
0.676,874.2566639397544,2729.31022275884,193.8534414796513,519.9295420192593,581.4670911436417
0.677,872.737332814509,2723.7463525454928,193.8534414796513,519.872590185767,581.1196385778578
0.678,871.2180016892638,2718.182482332146,193.8534414796513,519.8156383522744,580.772186012074
0.679,869.6986705640186,2712.6186121187984,193.8534414796513,519.758686518782,580.4247334462901
0.68,868.1793394387734,2707.0547419054515,193.8534414796513,519.7017346852896,580.0772808805062
0.681,866.6600083135281,2701.4908716921045,193.85344147965134,519.644782851797,579.7298283147223
0.682,865.1406771882829,2695.927001478757,193.8534414796513,519.5878310183047,579.3823757489386
0.683,863.6213460630377,2690.36313126541,193.8534414796513,519.5308791848121,579.0349231831547
0.684,862.1020149377925,2684.7992610520632,193.8534414796513,519.4739273513197,578.6874706173708
0.685,861.0211497616444,2672.9505098417085,193.82795548794886,519.2949866483159,578.4855465002464
0.686,860.0572088385891,2659.425790365486,193.79567323179242,519.0835155801092,578.3224299694313
0.687,859.0932679155335,2645.901070889264,193.76339097563599,518.8720445119025,578.1593134386162
0.6880000000000001,858.129326992478,2632.3763514130405,193.73110871947955,518.6605734436957,577.996196907801
0.6890000000000001,857.1653860694225,2618.851631936818,193.69882646332314,518.449102375489,577.8330803769859
0.6900000000000001,856.201445146367,2605.326912460596,193.66654420716668,518.2376313072823,577.6699638461707
0.6910000000000001,855.2375042233114,2591.802192984373,193.63426195101027,518.0261602390756,577.5068473153556
0.6920000000000001,854.2735633002559,2578.2774735081507,193.60197969485384,517.8146891708689,577.3437307845404
0.6930000000000001,853.3096223772004,2564.7527540319284,193.5696974386974,517.6032181026621,577.1806142537254
0.6940000000000001,852.3456814541449,2551.228034555705,193.53741518254094,517.3917470344553,577.0174977229102
0.6950000000000001,851.2069096413088,2540.2665430214456,193.41182752090478,517.1762050298782,576.8361041726753
0.6960000000000001,849.5786113370873,2536.4820897246777,193.0249847239254,516.949264403464,576.6035349680654
0.6970000000000001,847.9503130328659,2532.69763642791,192.638141926946,516.7223237770498,576.3709657634555
0.6980000000000001,846.3220147286444,2528.9131831311424,192.2512991299666,516.4953831506357,576.1383965588456
0.6990000000000001,844.693716424423,2525.1287298343746,191.86445633298723,516.2684425242214,575.9058273542357
0.7000000000000001,843.0654181202013,2521.3442765376067,191.47761353600782,516.0415018978072,575.6732581496258
0.7010000000000001,841.4371198159799,2517.5598232408393,191.09077073902847,515.814561271393,575.4406889450158
0.7020000000000001,839.8088215117584,2513.775369944071,190.70392794204906,515.5876206449788,575.2081197404059
0.7030000000000001,838.1805232075368,2509.9909166473035,190.31708514506965,515.3606800185646,574.9755505357961
0.704,836.5522249033156,2506.206463350536,189.93024234809033,515.1337393921503,574.7429813311861
0.705,834.923926599094,2502.422010053768,189.54339955111092,514.9067987657362,574.5104121265763
0.706,833.097263114449,2499.1811867864694,189.4415988150637,514.8470775482588,574.3925889511028
0.707,831.1997549225099,2496.1345171011244,189.4415988150637,514.8470775482588,574.3157465003209
0.708,829.3022467305707,2493.0878474157785,189.4415988150637,514.8470775482588,574.2389040495391
0.709,827.4047385386316,2490.041177730433,189.4415988150637,514.8470775482588,574.1620615987572
0.71,825.5072303466925,2486.9945080450875,189.4415988150637,514.8470775482588,574.0852191479753
0.711,823.6097221547532,2483.947838359742,189.4415988150637,514.8470775482588,574.0083766971934
0.712,821.7122139628141,2480.9011686743966,189.4415988150637,514.8470775482588,573.9315342464116
0.713,819.814705770875,2477.854498989051,189.4415988150637,514.8470775482588,573.8546917956297
0.714,817.9171975789358,2474.807829303705,189.4415988150637,514.8470775482588,573.7778493448479
0.715,816.0196893869966,2471.76115961836,189.4415988150637,514.8470775482588,573.701006894066
0.716,814.226643651519,2469.1316183986673,189.42295496350738,514.5794870924699,573.5473883153247
0.717,812.8253321277716,2468.0663089251734,189.33439666861477,513.3084324274726,573.1058592567352
0.718,811.4240206040242,2467.0009994516795,189.24583837372217,512.0373777624752,572.6643301981459
0.719,810.022709080277,2465.935689978185,189.15728007882956,510.76632309747794,572.2228011395565
0.72,808.6213975565295,2464.870380504691,189.06872178393695,509.49526843248054,571.781272080967
0.721,807.2200860327822,2463.8050710311973,188.98016348904434,508.2242137674832,571.3397430223777
0.722,805.8187745090349,2462.7397615577033,188.89160519415174,506.9531591024859,570.8982139637883
0.723,804.4174629852876,2461.6744520842094,188.80304689925913,505.68210443748853,570.4566849051988
0.724,803.0161514615402,2460.609142610715,188.71448860436652,504.41104977249125,570.0151558466094
0.725,801.6148399377929,2459.5438331372216,188.62593030947392,503.1399951074939,569.5736267880201
0.726,800.2135284140455,2458.4785236637276,188.53737201458134,501.8689404424965,569.1320977294306
0.727,799.7460437888656,2446.96112463212,188.47547575765836,501.4675547588131,568.9040509911553
0.728,799.7095561937937,2430.6196842659983,188.42588505672134,501.46755475881315,568.7745345545633
0.729,799.6730685987218,2414.2782438998765,188.37629435578432,501.4675547588131,568.6450181179713
0.73,799.6365810036498,2397.9368035337548,188.3267036548473,501.4675547588132,568.5155016813793
0.731,799.6000934085779,2381.5953631676334,188.27711295391032,501.46755475881315,568.3859852447872
0.732,799.563605813506,2365.253922801511,188.2275222529733,501.4675547588131,568.2564688081952
0.733,799.527118218434,2348.91248243539,188.17793155203628,501.46755475881315,568.1269523716034
0.734,799.490630623362,2332.5710420692685,188.12834085109927,501.46755475881315,567.9974359350114
0.735,799.4541430282902,2316.2296017031463,188.07875015016228,501.46755475881315,567.8679194984194
0.736,799.4176554332182,2299.888161337025,188.02915944922526,501.46755475881315,567.7384030618274
0.737,799.1883393533456,2285.5543833439165,187.9873988589625,501.4045353999276,567.575457805249
0.738,797.9306046878688,2281.928138006879,187.9873988589625,501.0054127936524,567.2342255087434
0.739,796.6728700223919,2278.301892669842,187.98739885896248,500.6062901873772,566.8929932122379
0.74,795.415135356915,2274.6756473328046,187.98739885896254,500.207167581102,566.5517609157323
0.741,794.1574006914383,2271.0494019957673,187.9873988589625,499.8080449748268,566.2105286192267
0.742,792.8996660259616,2267.42315665873,187.9873988589625,499.40892236855166,565.8692963227212
0.743,791.6419313604847,2263.7969113216927,187.9873988589625,499.00979976227643,565.5280640262156
0.744,790.3841966950079,2260.1706659846554,187.9873988589625,498.6106771560013,565.1868317297101
0.745,789.126462029531,2256.544420647618,187.98739885896254,498.2115545497261,564.8455994332045
0.746,787.8687273640543,2252.918175310581,187.9873988589625,497.81243194345086,564.5043671366989
0.747,786.6109926985774,2249.291929973543,187.9873988589625,497.41330933717575,564.1631348401933
0.748,785.666225608497,2243.993989705817,187.53972752358783,496.93054826953016,563.9668993567607
0.749,784.9040229373978,2237.7208940618552,186.83091457591118,496.3989980994186,563.8552453476207
0.75,784.1418202662985,2231.4477984178934,186.1221016282346,495.867447929307,563.7435913384807
0.751,783.3796175951993,2225.174702773932,185.41328868055797,495.3358977591954,563.6319373293406
0.752,782.6174149241001,2218.9016071299698,184.70447573288132,494.8043475890838,563.5202833202006
0.753,781.8552122530009,2212.6285114860084,183.99566278520473,494.27279741897223,563.4086293110606
0.754,781.0930095819016,2206.3554158420466,183.2868498375281,493.7412472488607,563.2969753019206
0.755,780.3308069108025,2200.0823201980847,182.57803688985146,493.20969707874906,563.1853212927806
0.756,779.5686042397032,2193.8092245541225,181.86922394217487,492.67814690863753,563.0736672836406
0.757,778.806401568604,2187.536128910161,181.16041099449825,492.14659673852594,562.9620132745006
0.758,778.0896953018114,2181.9233591234583,180.50714458354824,491.6212031411906,562.8557451062662
0.759,777.7597084716251,2181.9233591234583,180.32602373477434,491.1481404124537,562.7952565857302
0.76,777.4297216414388,2181.9233591234583,180.1449028860005,490.67507768371667,562.7347680651941
0.761,777.0997348112528,2181.9233591234583,179.96378203722657,490.20201495497963,562.6742795446581
0.762,776.7697479810665,2181.9233591234583,179.78266118845272,489.72895222624265,562.6137910241221
0.763,776.4397611508803,2181.9233591234583,179.60154033967882,489.2558894975057,562.5533025035861
0.764,776.109774320694,2181.9233591234583,179.42041949090495,488.7828267687687,562.49281398305
0.765,775.7797874905078,2181.9233591234583,179.23929864213108,488.3097640400317,562.432325462514
0.766,775.4498006603216,2181.9233591234583,179.05817779335717,487.83670131129475,562.3718369419779
0.767,775.1198138301354,2181.9233591234583,178.8770569445833,487.3636385825577,562.3113484214418
0.768,774.7898269999491,2181.9233591234583,178.69593609580943,486.89057585382074,562.2508599009058
0.769,773.523889171953,2175.650861401857,178.51804533066783,486.0554975503055,561.4995659533367
0.77,771.577259709186,2164.8165471554566,178.34250371725886,484.9571351924062,560.2458680588345
0.771,769.6306302464191,2153.982232909055,178.16696210384987,483.8587728345069,558.9921701643323
0.772,767.684000783652,2143.147918662653,177.9914204904409,482.7604104766075,557.73847226983
0.773,765.737371320885,2132.313604416252,177.81587887703193,481.6620481187082,556.4847743753278
0.774,763.790741858118,2121.4792901698506,177.64033726362294,480.5636857608088,555.2310764808255
0.775,761.844112395351,2110.644975923449,177.464795650214,479.46532340290946,553.9773785863233
0.776,759.8974829325839,2099.8106616770474,177.289254036805,478.36696104501016,552.7236806918211
0.777,757.9508534698169,2088.9763474306465,177.11371242339604,477.26859868711085,551.4699827973188
0.778,756.00422400705,2078.1420331842446,176.93817080998704,476.17023632921143,550.2162849028166
0.779,754.0579221209765,2067.6791755990007,176.77186822886276,475.0821113944647,548.9245791375248
0.78,752.1175166153878,2063.9025379145814,176.77186822886273,474.17826007646386,546.9487316980207
0.781,750.177111109799,2060.1259002301617,176.77186822886276,473.2744087584629,544.9728842585163
0.782,748.2367056042101,2056.349262545743,176.77186822886276,472.370557440462,542.9970368190121
0.783,746.2963000986214,2052.5726248613237,176.77186822886276,471.4667061224611,541.0211893795079
0.784,744.3558945930325,2048.7959871769044,176.77186822886276,470.5628548044602,539.0453419400037
0.785,742.4154890874438,2045.019349492485,176.77186822886276,469.65900348645926,537.0694945004994
0.786,740.475083581855,2041.242711808066,176.77186822886276,468.75515216845844,535.0936470609952
0.787,738.5346780762661,2037.4660741236462,176.77186822886276,467.8513008504575,533.117799621491
0.788,736.5942725706774,2033.6894364392272,176.77186822886276,466.94744953245663,531.1419521819868
0.789,734.6538670650887,2029.912798754808,176.77186822886276,466.04359821445576,529.1661047424826
0.79,733.3814398311482,2023.9076286009285,176.66281446083642,465.44725638599857,527.90255070792
0.791,732.7101930416914,2015.8967792245362,176.45561230158643,465.12767309813074,527.2800607378048
0.792,732.0389462522346,2007.8859298481439,176.24841014233644,464.8080898102628,526.6575707676897
0.793,731.3676994627778,1999.875080471751,176.04120798308642,464.488506522395,526.0350807975744
0.794,730.6964526733209,1991.8642310953583,175.83400582383643,464.16892323452714,525.4125908274592
0.795,730.0252058838641,1983.8533817189664,175.62680366458642,463.8493399466593,524.7901008573441
0.796,729.3539590944072,1975.8425323425736,175.41960150533643,463.5297566587915,524.1676108872289
0.797,728.6827123049504,1967.8316829661812,175.2123993460864,463.2101733709236,523.5451209171138
0.798,728.0114655154936,1959.820833589789,175.00519718683643,462.8905900830557,522.9226309469985
0.799,727.3402187260368,1951.809984213396,174.7979950275864,462.5710067951879,522.3001409768833
0.8,726.6689719365799,1943.7991348370037,174.59079286833642,462.25142350732006,521.6776510067682
0.801,724.4818270367458,1937.3604724290446,174.4802623634156,461.9354968592581,519.9834419542822
0.802,722.2946821369118,1930.921810021086,174.36973185849476,461.61957021119616,518.2892329017964
0.803,720.1075372370776,1924.4831476131271,174.2592013535739,461.30364356313424,516.5950238493103
0.804,717.9203923372435,1918.0444852051678,174.14867084865307,460.98771691507227,514.9008147968243
0.805,715.7332474374094,1911.6058227972092,174.0381403437322,460.67179026701035,513.2066057443384
0.806,713.5461025375753,1905.1671603892505,173.9276098388114,460.35586361894843,511.5123966918525
0.807,711.3589576377412,1898.7284979812912,173.81707933389055,460.0399369708865,509.81818763936644
0.808,709.1718127379071,1892.2898355733323,173.7065488289697,459.72401032282454,508.1239785868806
0.809,706.984667838073,1885.8511731653734,173.59601832404888,459.4080836747626,506.42976953439467
0.81,704.797522938239,1879.4125107574146,173.48548781912802,459.09215702670065,504.7355604819087
0.811,702.9202234719476,1874.6315067968956,173.3822378722025,458.9258798435102,503.5451615895742
0.812,701.3871967095923,1871.6923455557535,173.28707743416066,458.9258798435102,502.91455176407453
0.8130000000000001,699.8541699472371,1868.7531843146114,173.1919169961188,458.9258798435102,502.2839419385748
0.8140000000000001,698.3211431848819,1865.8140230734693,173.09675655807695,458.9258798435102,501.65333211307507
0.8150000000000001,696.7881164225266,1862.8748618323275,173.0015961200351,458.9258798435102,501.02272228757545
0.8160000000000001,695.2550896601715,1859.9357005911854,172.90643568199323,458.9258798435102,500.3921124620757
0.8170000000000001,693.7220628978162,1856.9965393500433,172.8112752439514,458.9258798435102,499.7615026365761
0.8180000000000001,692.189036135461,1854.0573781089015,172.71611480590954,458.9258798435102,499.13089281107636
0.8190000000000001,690.6560093731057,1851.1182168677594,172.62095436786768,458.9258798435102,498.5002829855767
0.8200000000000001,689.1229826107506,1848.1790556266176,172.52579392982582,458.9258798435102,497.869673160077
0.8210000000000001,687.5899558483953,1845.2398943854757,172.430633491784,458.9258798435102,497.23906333457734
0.8220000000000001,686.2693156535385,1841.7814292839596,172.42562504767653,458.9224156584309,496.745970063213
0.8230000000000001,684.9604747124316,1838.2941139679785,172.42562504767653,458.918759018625,496.26051660041173
0.8240000000000001,683.6516337713248,1834.8067986519977,172.42562504767653,458.91510237881914,495.77506313761046
0.8250000000000001,682.3427928302178,1831.3194833360162,172.42562504767653,458.9114457390132,495.2896096748092
0.8260000000000001,681.033951889111,1827.8321680200352,172.42562504767653,458.90778909920726,494.8041562120078
0.8270000000000001,679.7251109480042,1824.3448527040543,172.42562504767653,458.90413245940135,494.31870274920664
0.8280000000000001,678.4162700068972,1820.857537388073,172.42562504767653,458.90047581959544,493.8332492864053
0.8290000000000001,677.1074290657904,1817.370222072092,172.42562504767653,458.89681917978953,493.347795823604
0.8300000000000001,675.7985881246834,1813.882906756111,172.42562504767653,458.8931625399836,492.8623423608027
0.8310000000000001,674.4897471835766,1810.39559144013,172.42562504767653,458.88950590017777,492.3768888980015
0.8320000000000001,673.0934861558422,1803.8818235622896,172.35998762605266,458.7244776078277,492.0759404494938
0.833,671.5770225089955,1793.206683411895,172.20409874969596,458.3375632932295,492.02868639563974
0.834,670.0605588621486,1782.5315432614993,172.04820987333923,457.95064897863125,491.98143234178576
0.835,668.5440952153016,1771.8564031111039,171.8923209969825,457.563734664033,491.9341782879317
0.836,667.0276315684546,1761.181262960708,171.7364321206258,457.17682034943476,491.8869242340777
0.837,665.5111679216077,1750.5061228103123,171.58054324426908,456.7899060348366,491.8396701802236
0.838,663.9947042747607,1739.8309826599166,171.42465436791235,456.40299172023833,491.7924161263695
0.839,662.4782406279137,1729.1558425095204,171.26876549155563,456.0160774056401,491.74516207251554
0.84,660.9617769810668,1718.4807023591252,171.11287661519893,455.62916309104185,491.69790801866145
0.841,659.4453133342198,1707.8055622087295,170.9569877388422,455.24224877644366,491.6506539648075
0.842,657.9288496873729,1697.1304220583338,170.8010988624855,454.8553344618454,491.6033999109534
0.843,657.5044429988448,1688.5394297459477,170.78468950707952,454.7804555596545,491.54462909989593
0.844,657.2085135995304,1680.1936312968571,170.78468950707952,454.74228670598217,491.48450337622637
0.845,656.9125842002163,1671.8478328477663,170.78468950707952,454.70411785230976,491.4243776525568
0.846,656.6166548009021,1663.5020343986755,170.78468950707952,454.6659489986374,491.36425192888714
0.847,656.3207254015879,1655.1562359495847,170.78468950707952,454.6277801449651,491.30412620521753
0.848,656.0247960022738,1646.8104375004941,170.78468950707952,454.5896112912927,491.2440004815479
0.849,655.7288666029596,1638.464639051403,170.78468950707952,454.5514424376204,491.18387475787836
0.85,655.4329372036455,1630.1188406023123,170.78468950707952,454.51327358394803,491.12374903420874
0.851,655.1370078043312,1621.7730421532215,170.78468950707952,454.4751047302757,491.0636233105391
0.852,654.841078405017,1613.427243704131,170.78468950707952,454.4369358766033,491.0034975868695
0.853,654.0959511443107,1607.216165537334,170.57940547135266,454.3415555426474,490.7845729853114
0.854,652.5807704069318,1604.6646078544704,170.02220594580834,454.1480983853483,490.2934217359443
0.855,651.0655896695532,1602.1130501716066,169.46500642026405,453.9546412280491,489.80227048657724
0.856,649.5504089321744,1599.5614924887432,168.90780689471973,453.76118407075,489.3111192372102
0.857,648.0352281947956,1597.0099348058793,168.3506073691754,453.5677269134509,488.81996798784314
0.858,646.5200474574169,1594.4583771230157,167.7934078436311,453.3742697561518,488.32881673847606
0.859,645.0048667200381,1591.906819440152,167.23620831808677,453.18081259885275,487.837665489109
0.86,643.4896859826594,1589.3552617572882,166.67900879254248,452.98735544155363,487.3465142397419
0.861,641.9745052452806,1586.8037040744243,166.12180926699816,452.7938982842545,486.8553629903749
0.862,640.4593245079018,1584.2521463915607,165.56460974145384,452.6004411269554,486.3642117410078
0.863,638.944143770523,1581.7005887086973,165.00741021590952,452.40698396965627,485.87306049164073
0.864,636.7597268325658,1581.2977111798239,164.72870353675498,451.6859178824943,485.66790933075947
0.865,634.4498281069999,1581.297711179824,164.50221426629855,450.86592512098315,485.5163831864692
0.866,632.1399293814341,1581.2977111798236,164.2757249958421,450.045932359472,485.364857042179
0.867,629.8300306558683,1581.2977111798239,164.04923572538564,449.2259395979608,485.21333089788885
0.868,627.5201319303023,1581.2977111798239,163.8227464549292,448.40594683644963,485.0618047535986
0.869,625.2102332047366,1581.2977111798239,163.59625718447273,447.58595407493846,484.9102786093084
0.87,622.9003344791707,1581.297711179824,163.36976791401628,446.7659613134273,484.75875246501823
0.871,620.590435753605,1581.2977111798236,163.14327864355985,445.94596855191605,484.607226320728
0.872,618.2805370280391,1581.2977111798239,162.9167893731034,445.1259757904049,484.4557001764378
0.873,615.9706383024733,1581.2977111798239,162.69030010264694,444.3059830288937,484.30417403214756
0.874,613.8180305404361,1578.017263991926,162.4983125774147,443.6718660240468,484.1747564412864
0.875,612.0062198660444,1567.6291812302495,162.38107883350165,443.44047982530554,484.0932407161879
0.876,610.1944091916528,1557.241098468573,162.26384508958853,443.2090936265643,484.01172499108947
0.877,608.382598517261,1546.8530157068965,162.14661134567544,442.9777074278231,483.93020926599104
0.878,606.5707878428693,1536.46493294522,162.02937760176235,442.7463212290819,483.84869354089267
0.879,604.7589771684776,1526.0768501835435,161.91214385784926,442.51493503034067,483.7671778157942
0.88,602.9471664940859,1515.6887674218672,161.79491011393617,442.2835488315995,483.6856620906957
0.881,601.1353558196942,1505.3006846601904,161.67767637002308,442.05216263285826,483.60414636559733
0.882,599.3235451453024,1494.912601898514,161.56044262611,441.820776434117,483.52263064049885
0.883,597.5117344709107,1484.5245191368374,161.4432088821969,441.5893902353758,483.4411149154004
0.884,595.6999237965191,1474.136436375161,161.3259751382838,441.35800403663455,483.35959919030205
0.885,594.9356265818708,1469.2794321983852,161.30129435009158,441.30929115268907,483.08031970891483
0.886,594.4506662898208,1465.8973823109154,161.30129435009158,441.30929115268907,482.7483032258506
0.887,593.9657059977708,1462.5153324234461,161.30129435009158,441.30929115268907,482.4162867427864
0.888,593.4807457057209,1459.1332825359768,161.30129435009158,441.30929115268907,482.0842702597222
0.889,592.9957854136709,1455.751232648507,161.30129435009158,441.30929115268907,481.75225377665794
0.89,592.5108251216209,1452.3691827610378,161.30129435009158,441.30929115268907,481.42023729359374
0.891,592.0258648295709,1448.9871328735685,161.30129435009158,441.30929115268907,481.0882208105295
0.892,591.5409045375209,1445.6050829860988,161.30129435009158,441.30929115268907,480.7562043274653
0.893,591.0559442454709,1442.2230330986295,161.30129435009158,441.30929115268907,480.4241878444011
0.894,590.570983953421,1438.84098321116,161.30129435009158,441.30929115268907,480.09217136133685
0.895,590.1597721065185,1435.7386413392965,161.23556521661743,440.9628452537758,479.330716603147
0.896,589.9550559060291,1433.4194819111299,160.9857945094157,439.6463508379056,477.36683467460534
0.897,589.7503397055398,1431.1003224829633,160.736023802214,438.3298564220352,475.4029527460636
0.898,589.5456235050503,1428.7811630547967,160.48625309501227,437.013362006165,473.43907081752195
0.899,589.340907304561,1426.46200362663,160.23648238781055,435.6968675902947,471.47518888898026
0.9,589.1361911040717,1424.1428441984633,159.98671168060883,434.3803731744244,469.51130696043856
0.901,588.9314749035824,1421.8236847702967,159.73694097340712,433.0638787585541,467.54742503189686
0.902,588.726758703093,1419.50452534213,159.48717026620537,431.7473843426838,465.58354310335517
0.903,588.5220425026037,1417.185365913963,159.23739955900362,430.43088992681356,463.6196611748135
0.904,588.3173263021142,1414.8662064857965,158.98762885180193,429.11439551094327,461.6557792462718
0.905,588.112610101625,1412.54704705763,158.7378581446002,427.797901095073,459.6918973177301
0.906,587.430836162743,1406.5951699768325,158.40169675456812,427.2441906465938,458.95935516022143
0.907,586.5786844601496,1399.3458937343814,158.03468154923945,426.9629030436113,458.6665772066532
0.908,585.726532757556,1392.0966174919308,157.66766634391078,426.6816154406289,458.3737992530848
0.909,584.8743810549626,1384.8473412494798,157.30065113858214,426.4003278376464,458.08102129951646
0.91,584.0222293523691,1377.5980650070287,156.9336359332535,426.119040234664,457.7882433459481
0.911,583.1700776497755,1370.3487887645779,156.56662072792483,425.8377526316815,457.4954653923798
0.912,582.3179259471821,1363.099512522127,156.1996055225962,425.55646502869905,457.2026874388115
0.913,581.4657742445886,1355.8502362796758,155.83259031726755,425.27517742571655,456.90990948524313
0.914,580.613622541995,1348.600960037225,155.46557511193888,424.9938898227341,456.6171315316748
0.915,579.7614708394015,1341.3516837947739,155.09855990661023,424.71260221975166,456.32435357810647
0.916,578.9247910497716,1334.0051157882046,154.80881106029815,424.0972081384816,455.97966533151447
0.917,578.1461309337544,1326.2937036661904,154.80881106029815,422.2289147636331,455.4403134860837
0.918,577.3674708177373,1318.5822915441759,154.80881106029815,420.3606213887845,454.90096164065295
0.919,576.5888107017201,1310.8708794221616,154.80881106029815,418.492328013936,454.36160979522225
0.92,575.810150585703,1303.1594673001473,154.80881106029815,416.6240346390874,453.82225794979155
0.921,575.0314904696859,1295.448055178133,154.80881106029815,414.7557412642389,453.2829061043608
0.922,574.2528303536687,1287.7366430561187,154.80881106029815,412.8874478893904,452.7435542589301
0.923,573.4741702376516,1280.0252309341045,154.80881106029815,411.0191545145418,452.2042024134993
0.924,572.6955101216346,1272.3138188120902,154.80881106029815,409.15086113969335,451.6648505680686
0.925,571.9168500056174,1264.6024066900757,154.80881106029815,407.28256776484477,451.1254987226379
0.926,571.1381898896003,1256.8909945680614,154.80881106029815,405.4142743899962,450.5861468772071
0.927,569.9654814891803,1253.4106674067623,154.80881106029815,404.8242870084652,450.1183809870969
0.928,568.6109046498053,1251.8831486888698,154.80881106029815,404.8242870084652,449.68365476867314
0.929,567.2563278104303,1250.3556299709774,154.80881106029815,404.82428700846515,449.24892855024933
0.93,565.9017509710553,1248.828111253085,154.80881106029815,404.8242870084652,448.8142023318255
0.931,564.5471741316802,1247.3005925351924,154.80881106029815,404.8242870084652,448.3794761134017
0.932,563.1925972923052,1245.7730738173,154.80881106029815,404.8242870084652,447.9447498949779
0.933,561.8380204529302,1244.2455550994075,154.80881106029815,404.8242870084652,447.51002367655406
0.934,560.4834436135552,1242.718036381515,154.80881106029815,404.8242870084652,447.0752974581303
0.935,559.1288667741801,1241.1905176636226,154.80881106029815,404.82428700846526,446.64057123970645
0.936,557.7742899348051,1239.6629989457301,154.80881106029815,404.8242870084652,446.20584502128264
0.937,556.4143717390646,1236.9311578253908,154.62523203433622,404.7790737149685,445.60985632482806
0.9380000000000001,555.0259663093752,1227.7762638920035,153.46256486991103,404.49272285615604,444.1538010788762
0.9390000000000001,553.6375608796859,1218.6213699586165,152.29989770548588,404.2063719973436,442.69774583292434
0.9400000000000001,552.2491554499966,1209.4664760252297,151.1372305410607,403.9200211385312,441.24169058697254
0.9410000000000001,550.8607500203071,1200.3115820918424,149.9745633766355,403.6336702797187,439.7856353410207
0.9420000000000001,549.4723445906177,1191.1566881584554,148.8118962122103,403.3473194209062,438.32958009506876
0.9430000000000001,548.0839391609284,1182.0017942250684,147.64922904778513,403.06096856209376,436.87352484911696
0.9440000000000001,546.6955337312389,1172.8469002916813,146.48656188335997,402.77461770328136,435.41746960316516
0.9450000000000001,545.3071283015496,1163.6920063582943,145.32389471893478,402.4882668444689,433.9614143572133
0.9460000000000001,543.9187228718602,1154.5371124249073,144.1612275545096,402.2019159856564,432.5053591112614
0.9470000000000001,542.5303174421708,1145.3822184915202,142.99856039008444,401.91556512684394,431.0493038653096
0.9480000000000001,540.2733043271153,1139.9998354839136,142.20206659093583,401.01134218635445,430.0466304076816
0.9490000000000001,537.5096033955962,1136.818083849678,141.61917392153177,399.74669386488677,429.3084296599092
0.9500000000000001,534.7459024640772,1133.6363322154427,141.03628125212774,398.4820455434191,428.5702289121368
0.9510000000000001,531.9822015325581,1130.4545805812072,140.45338858272373,397.2173972219514,427.83202816436443
0.9520000000000001,529.2185006010391,1127.272828946972,139.8704959133197,395.9527489004837,427.09382741659203
0.9530000000000001,526.4547996695201,1124.0910773127364,139.28760324391567,394.688100579016,426.3556266688196
0.9540000000000001,523.691098738001,1120.9093256785009,138.70471057451164,393.4234522575483,425.6174259210472
0.9550000000000001,520.927397806482,1117.7275740442656,138.1218179051076,392.1588039360806,424.8792251732748
0.9560000000000001,518.163696874963,1114.54582241003,137.53892523570357,390.89415561461294,424.1410244255024
0.9570000000000001,515.3999959434439,1111.3640707757947,136.95603256629954,389.6295072931452,423.40282367772994
0.9580000000000001,512.6819252261414,1107.6204186984,136.4344157000797,388.2435840905674,422.56758370325946
0.9590000000000001,510.3517113296798,1099.1006128541571,136.43364316092504,385.8268243985549,420.9075103018558
0.96,508.02149743321837,1090.580807009915,136.43287062177043,383.41006470654264,419.24743690045227
0.961,505.6912835367567,1082.061001165672,136.43209808261577,380.99330501453005,417.58736349904854
0.962,503.361069640295,1073.5411953214289,136.43132554346113,378.57654532251746,415.9272900976449
0.963,501.0308557438334,1065.0213894771857,136.4305530043065,376.15978563050487,414.26721669624123
0.964,498.7006418473717,1056.5015836329426,136.42978046515185,373.74302593849234,412.6071432948375
0.965,496.37042795091,1047.9817777886997,136.42900792599724,371.3262662464798,410.9470698934338
0.966,494.0402140544484,1039.4619719444565,136.42823538684257,368.90950655446727,409.28699649203014
0.967,491.7100001579867,1030.9421661002134,136.42746284768796,366.4927468624546,407.62692309062646
0.968,489.37978626152506,1022.4223602559703,136.42669030853332,364.0759871704421,405.9668496892228
0.969,487.03452841523955,1013.1717585107654,136.42636502888925,361.0646947845361,403.59323182032426
0.97,484.6783295145366,1003.3896688375881,136.42636502888925,357.62101498488926,400.7006725205204
0.971,482.32213061383374,993.6075791644109,136.42636502888925,354.1773351852425,397.8081132207165
0.972,479.96593171313083,983.8254894912337,136.42636502888925,350.73365538559574,394.91555392091266
0.973,477.60973281242786,974.0433998180564,136.42636502888925,347.2899755859489,392.02299462110875
0.974,475.253533911725,964.2613101448792,136.42636502888925,343.84629578630216,389.1304353213049
0.975,472.89733501102205,954.479220471702,136.42636502888925,340.40261598665535,386.23787602150105
0.976,470.54113611031914,944.6971307985248,136.42636502888925,336.9589361870086,383.34531672169715
0.977,468.18493720961624,934.9150411253476,136.42636502888925,333.51525638736183,380.45275742189324
0.978,465.8287383089134,925.1329514521702,136.42636502888925,330.071576587715,377.5601981220894
0.979,463.3575868165026,915.8657086038969,136.4214585338111,326.5746018274663,374.48591062472883
0.98,458.81728867334857,915.8657086038969,136.3282351273258,322.1183177763827,368.1405155713467
0.981,454.27699053019467,915.8657086038969,136.2350117208405,317.66203372529907,361.79512051796456
0.982,449.73669238704076,915.865708603897,136.1417883143552,313.20574967421544,355.44972546458246
0.983,445.19639424388686,915.8657086038969,136.04856490786992,308.74946562313175,349.10433041120035
0.984,440.65609610073295,915.8657086038969,135.95534150138462,304.2931815720482,342.7589353578182
0.985,436.11579795757905,915.8657086038968,135.86211809489936,299.8368975209645,336.413540304436
0.986,431.57549981442514,915.8657086038969,135.76889468841406,295.38061346988087,330.0681452510539
0.987,427.0352016712712,915.8657086038969,135.67567128192877,290.92432941879724,323.7227501976718
0.988,422.4949035281173,915.865708603897,135.58244787544348,286.4680453677136,317.3773551442897
0.989,417.9546053849634,915.8657086038969,135.48922446895818,282.01176131662993,311.03196009090755
0.99,413.4082487838998,912.146573924559,135.38355580960908,279.5531818345924,307.21603618729154
0.991,408.8564395707176,905.0802180338167,135.2666864226825,278.8925364646962,305.67663631846506
0.992,404.3046303575355,898.0138621430744,135.14981703575597,278.23189109480006,304.13723644963864
0.993,399.7528211443533,890.9475062523322,135.0329476488294,277.5712457249039,302.5978365808122
0.994,395.20101193117114,883.88115036159,134.91607826190284,276.9106003550078,301.0584367119858
0.995,390.64920271798894,876.8147944708478,134.79920887497627,276.2499549851117,299.51903684315937
0.996,386.0973935048068,869.7484385801056,134.6823394880497,275.5893096152155,297.9796369743329
0.997,381.5455842916246,862.6820826893633,134.56547010112314,274.92866424531934,296.4402371055064
0.998,376.99377507844247,855.615726798621,134.44860071419657,274.2680188754232,294.90083723668005
0.999,372.4419658652603,848.5493709078787,134.33173132727003,273.60737350552705,293.36143736785357
1.0,367.89015665207813,841.4830150171365,134.21486194034347,272.9467281356309,291.82203749902715
