DateVal,1,2,3,4,5,6,7,8,9,10,11,12,13,14,15,16,17,18,19,20,21,22,23,24,25,26,27,28,29,30,DateVal,Day,Exceedance,Flow,Month,Year,m,WaterYear
2010-10-01,292,289,286,282,279,275,272,269,265,262,259,255,252,248,245,242,238,235,232,228,225,221,218,215,211,208,204,201,198,194,2010-10-01,1,1,296,10,2010,-3,2010
2010-10-02,290,287,285,282,279,277,274,271,269,266,263,261,258,255,253,250,247,245,242,239,237,234,231,229,226,223,221,218,215,212,2010-10-02,2,1,293,10,2010,-3,2010
2010-10-03,287,284,282,279,277,274,271,269,266,263,261,258,255,253,250,247,245,242,240,237,234,232,229,226,224,221,218,216,213,210,2010-10-03,3,1,290,10,2010,-3,2010
2010-10-04,284,282,281,279,277,275,273,271,269,267,265,263,261,259,257,255,253,251,250,248,246,244,242,240,238,236,234,232,230,228,2010-10-04,4,1,286,10,2010,-2,2010
2010-10-05,280,278,275,273,270,268,265,263,260,258,256,253,251,248,246,243,241,238,236,233,231,228,226,223,221,218,216,214,211,209,2010-10-05,5,1,283,10,2010,-2,2010
2010-10-06,276,273,270,267,264,261,258,256,253,250,247,244,241,238,235,232,229,226,223,220,217,214,211,208,205,202,199,196,193,190,2010-10-06,6,1,279,10,2010,-3,2010
2010-10-07,273,269,266,262,259,256,252,249,245,242,239,235,232,228,225,222,218,215,211,208,205,201,198,194,191,187,184,181,177,174,2010-10-07,7,1,276,10,2010,-3,2010
2010-10-08,269,265,262,259,255,252,249,245,242,239,235,232,228,225,222,218,215,212,208,205,201,198,195,191,188,185,181,178,174,171,2010-10-08,8,1,272,10,2010,-3,2010
2010-10-09,269,266,263,260,258,255,252,249,246,243,240,237,234,231,228,225,222,219,217,214,211,208,205,202,199,196,193,190,187,184,2010-10-09,9,1,272,10,2010,-3,2010
2010-10-10,259,256,252,248,244,240,237,233,229,225,221,218,214,210,206,203,199,195,191,187,184,180,176,172,168,165,161,157,153,149,2010-10-10,10,1,263,10,2010,-4,2010
2010-10-11,251,247,243,238,234,229,225,221,216,212,208,203,199,194,190,186,181,177,173,168,164,159,155,151,146,142,138,133,129,124,2010-10-11,11,1,256,10,2010,-4,2010
2010-10-12,252,248,244,240,237,233,229,225,221,217,213,210,206,202,198,194,190,187,183,179,175,171,167,163,160,156,152,148,144,140,2010-10-12,12,1,256,10,2010,-4,2010
2010-10-13,252,249,246,242,239,236,232,229,226,222,219,216,212,209,205,202,199,195,192,189,185,182,179,175,172,169,165,162,159,155,2010-10-13,13,1,256,10,2010,-3,2010
2010-10-14,253,250,247,244,241,238,235,232,230,227,224,221,218,215,212,209,206,203,201,198,195,192,189,186,183,180,177,174,171,169,2010-10-14,14,1,256,10,2010,-3,2010
2010-10-15,249,247,244,241,238,235,232,230,227,224,221,218,215,213,210,207,204,201,198,196,193,190,187,184,181,179,176,173,170,167,2010-10-15,15,1,252,10,2010,-3,2010
2010-10-16,245,241,238,235,231,228,224,221,218,214,211,207,204,200,197,194,190,187,183,180,177,173,170,166,163,159,156,153,149,146,2010-10-16,16,1,248,10,2010,-3,2010
2010-10-17,241,238,235,233,230,227,224,222,219,216,213,211,208,205,202,199,197,194,191,188,186,183,180,177,174,172,169,166,163,161,2010-10-17,17,1,244,10,2010,-3,2010
2010-10-18,242,240,239,237,235,234,232,230,228,227,225,223,222,220,218,217,215,213,211,210,208,206,205,203,201,199,198,196,194,193,2010-10-18,18,1,244,10,2010,-2,2010
2010-10-19,241,239,237,236,234,232,230,228,226,225,223,221,219,217,215,213,212,210,208,206,204,202,201,199,197,195,193,191,190,188,2010-10-19,19,1,243,10,2010,-2,2010
2010-10-20,237,235,232,230,228,225,223,220,218,216,213,211,209,206,204,202,199,197,195,192,190,188,185,183,181,178,176,173,171,169,2010-10-20,20,1,239,10,2010,-2,2010
2010-10-21,237,235,232,230,228,225,223,220,218,216,213,211,209,206,204,202,199,197,195,192,190,188,185,183,181,178,176,173,171,169,2010-10-21,21,1,239,10,2010,-2,2010
2010-10-22,235,232,230,228,226,223,221,219,217,215,212,210,208,206,203,201,199,197,195,192,190,188,186,183,181,179,177,175,172,170,2010-10-22,22,1,237,10,2010,-2,2010
2010-10-23,229,227,224,222,220,217,215,212,210,208,205,203,200,198,196,193,191,188,186,184,181,179,176,174,172,169,167,165,162,160,2010-10-23,23,1,232,10,2010,-2,2010
2010-10-24,230,228,226,225,223,221,219,217,216,214,212,210,209,207,205,203,202,200,198,196,195,193,191,189,188,186,184,182,181,179,2010-10-24,24,1,232,10,2010,-2,2010
2010-10-25,239,238,237,237,236,235,235,234,233,233,232,232,231,230,230,229,228,228,227,226,226,225,224,224,223,222,222,221,221,220,2010-10-25,25,1,239,10,2010,-1,2010
2010-10-26,244,244,244,244,244,245,245,245,245,245,245,245,246,246,246,246,246,246,246,246,247,247,247,247,247,247,247,248,248,248,2010-10-26,26,1,244,10,2010,0,2010
2010-10-27,230,229,228,227,226,225,224,223,222,220,219,218,217,216,215,214,213,212,210,209,208,207,206,205,204,203,202,201,199,198,2010-10-27,27,1,232,10,2010,-1,2010
2010-10-28,224,222,221,219,217,215,213,211,209,207,206,204,202,200,198,196,194,192,190,189,187,185,183,181,179,177,175,174,172,170,2010-10-28,28,1,226,10,2010,-2,2010
2010-10-29,231,230,229,229,228,227,226,226,225,224,223,223,222,221,220,220,219,218,217,217,216,215,214,214,213,212,211,211,210,209,2010-10-29,29,1,232,10,2010,-1,2010
2010-10-30,232,232,232,232,232,232,232,232,232,232,232,232,232,232,232,232,232,232,232,232,232,232,232,232,232,232,232,232,232,232,2010-10-30,30,1,232,10,2010,0,2010
2010-10-31,240,242,243,244,245,246,247,248,249,250,251,253,254,255,256,257,258,259,260,261,263,264,265,266,267,268,269,270,271,273,2010-10-31,31,1,239,10,2010,1,2010
2010-11-01,241,241,241,241,242,242,242,242,242,243,243,243,243,243,244,244,244,244,244,245,245,245,245,245,246,246,246,246,246,247,2010-11-01,1,1,241,11,2010,0,2010
2010-11-02,243,243,242,242,242,242,242,242,242,242,241,241,241,241,241,241,241,241,240,240,240,240,240,240,240,239,239,239,239,239,2010-11-02,2,1,243,11,2010,-0,2010
2010-11-03,246,247,249,251,253,254,256,258,260,261,263,265,267,268,270,272,274,275,277,279,281,282,284,286,288,289,291,293,295,296,2010-11-03,3,1,244,11,2010,2,2010
2010-11-04,246,249,251,254,256,259,261,264,267,269,272,274,277,279,282,284,287,289,292,294,297,299,302,304,307,309,312,314,317,319,2010-11-04,4,1,244,11,2010,3,2010
2010-11-05,240,242,243,244,245,246,247,248,249,250,251,253,254,255,256,257,258,259,260,261,263,264,265,266,267,268,269,270,271,273,2010-11-05,5,1,239,11,2010,1,2010
2010-11-06,240,242,243,244,245,246,247,248,249,250,251,253,254,255,256,257,258,259,260,261,263,264,265,266,267,268,269,270,271,273,2010-11-06,6,1,239,11,2010,1,2010
2010-11-07,236,236,236,235,235,235,234,234,234,233,233,232,232,232,231,231,231,230,230,230,229,229,229,228,228,227,227,227,226,226,2010-11-07,7,1,237,11,2010,-0,2010
2010-11-08,236,236,235,235,234,233,233,232,232,231,231,230,230,229,228,228,227,227,226,226,225,224,224,223,223,222,222,221,221,220,2010-11-08,8,1,237,11,2010,-1,2010
2010-11-09,236,235,234,233,232,232,231,230,229,228,227,226,225,225,224,223,222,221,220,219,218,218,217,216,215,214,213,212,211,211,2010-11-09,9,1,237,11,2010,-1,2010
2010-11-10,243,243,242,242,242,242,242,242,242,242,241,241,241,241,241,241,241,241,240,240,240,240,240,240,240,239,239,239,239,239,2010-11-10,10,1,243,11,2010,-0,2010
2010-11-11,244,244,244,244,244,244,244,244,244,244,244,244,244,244,244,244,244,244,244,244,244,244,244,244,244,244,244,244,244,244,2010-11-11,11,1,244,11,2010,0,2010
2010-11-12,244,245,246,246,247,248,248,249,250,250,251,252,252,253,254,254,255,255,256,257,257,258,259,259,260,261,261,262,263,263,2010-11-12,12,1,244,11,2010,1,2010
2010-11-13,244,245,246,246,247,248,248,249,250,250,251,252,252,253,254,254,255,255,256,257,257,258,259,259,260,261,261,262,263,263,2010-11-13,13,1,244,11,2010,1,2010
2010-11-14,250,252,253,255,256,258,260,261,263,265,266,268,270,271,273,275,276,278,280,281,283,284,286,288,289,291,293,294,296,298,2010-11-14,14,1,248,11,2010,2,2010
2010-11-15,255,257,259,261,263,266,268,270,272,275,277,279,281,283,286,288,290,292,295,297,299,301,303,306,308,310,312,315,317,319,2010-11-15,15,1,252,11,2010,2,2010
2010-11-16,258,261,264,267,269,272,275,277,280,283,286,288,291,294,296,299,302,305,307,310,313,315,318,321,323,326,329,332,334,337,2010-11-16,16,1,256,11,2010,3,2010
2010-11-17,266,269,272,275,278,281,284,286,289,292,295,298,301,304,307,310,313,315,318,321,324,327,330,333,336,339,342,345,347,350,2010-11-17,17,1,263,11,2010,3,2010
2010-11-18,272,276,280,283,287,290,294,298,301,305,308,312,316,319,323,326,330,333,337,341,344,348,351,355,359,362,366,369,373,376,2010-11-18,18,1,269,11,2010,4,2010
2010-11-19,292,299,305,311,317,323,329,335,341,347,353,359,365,372,378,384,390,396,402,408,414,420,426,432,438,444,451,457,463,469,2010-11-19,19,1,286,11,2010,6,2010
2010-11-20,300,307,314,321,328,335,342,349,356,363,370,376,383,390,397,404,411,418,425,432,439,446,453,460,467,474,481,488,495,502,2010-11-20,20,1,293,11,2010,7,2010
2010-11-21,292,297,303,308,314,319,324,330,335,341,346,352,357,363,368,373,379,384,390,395,401,406,412,417,422,428,433,439,444,450,2010-11-21,21,1,286,11,2010,5,2010
2010-11-22,295,300,306,311,317,322,327,333,338,343,349,354,359,365,370,375,381,386,391,397,402,407,413,418,423,429,434,440,445,450,2010-11-22,22,1,290,11,2010,5,2010
2010-11-23,295,299,304,309,314,319,324,329,334,338,343,348,353,358,363,368,372,377,382,387,392,397,402,406,411,416,421,426,431,436,2010-11-23,23,1,290,11,2010,5,2010
2010-11-24,297,301,305,310,314,318,322,326,331,335,339,343,347,352,356,360,364,368,373,377,381,385,390,394,398,402,406,411,415,419,2010-11-24,24,1,293,11,2010,4,2010
2010-11-25,300,303,307,311,315,319,323,326,330,334,338,342,346,349,353,357,361,365,369,373,376,380,384,388,392,396,399,403,407,411,2010-11-25,25,1,296,11,2010,4,2010
2010-11-26,297,298,300,301,302,304,305,307,308,309,311,312,313,315,316,317,319,320,321,323,324,325,327,328,329,331,332,333,335,336,2010-11-26,26,1,296,11,2010,1,2010
2010-11-27,296,297,297,298,298,298,299,299,300,300,301,301,301,302,302,303,303,304,304,305,305,305,306,306,307,307,308,308,309,309,2010-11-27,27,1,296,11,2010,0,2010
2010-11-28,302,304,306,308,310,312,314,315,317,319,321,323,325,327,329,331,333,335,337,339,341,343,345,346,348,350,352,354,356,358,2010-11-28,28,1,300,11,2010,2,2010
2010-11-29,311,314,316,319,321,324,327,329,332,335,337,340,343,345,348,351,353,356,358,361,364,366,369,372,374,377,380,382,385,388,2010-11-29,29,1,308,11,2010,3,2010
2010-11-30,319,322,326,329,333,337,340,344,347,351,355,358,362,365,369,373,376,380,383,387,391,394,398,401,405,409,412,416,419,423,2010-11-30,30,1,315,11,2010,4,2010
2010-12-01,338,344,350,356,361,367,373,379,384,390,396,401,407,413,419,424,430,436,441,447,453,459,464,470,476,482,487,493,499,504,2010-12-01,1,1,333,12,2010,6,2010
2010-12-02,346,352,358,364,370,377,383,389,395,402,408,414,420,426,433,439,445,451,458,464,470,476,483,489,495,501,507,514,520,526,2010-12-02,2,1,339,12,2010,6,2010
2010-12-03,351,358,365,372,379,386,393,400,407,414,421,428,435,442,449,456,463,470,477,484,491,498,505,512,519,526,533,540,546,553,2010-12-03,3,1,345,12,2010,7,2010
2010-12-04,357,365,373,381,388,396,404,411,419,427,434,442,450,458,465,473,481,488,496,504,512,519,527,535,542,550,558,566,573,581,2010-12-04,4,1,350,12,2010,8,2010
2010-12-05,366,375,383,391,400,408,416,425,433,441,449,458,466,474,483,491,499,508,516,524,532,541,549,557,566,574,582,591,599,607,2010-12-05,5,1,358,12,2010,8,2010
2010-12-06,372,380,388,395,403,411,419,427,435,443,451,459,467,475,483,491,499,506,514,522,530,538,546,554,562,570,578,586,594,602,2010-12-06,6,1,364,12,2010,8,2010
2010-12-07,382,390,398,407,415,424,432,440,449,457,465,474,482,490,499,507,515,524,532,540,549,557,566,574,582,591,599,607,616,624,2010-12-07,7,1,373,12,2010,8,2010
2010-12-08,386,393,399,406,413,419,426,432,439,446,452,459,466,472,479,486,492,499,506,512,519,526,532,539,546,552,559,565,572,579,2010-12-08,8,1,379,12,2010,7,2010
2010-12-09,385,391,396,402,408,414,419,425,431,436,442,448,453,459,465,471,476,482,488,493,499,505,511,516,522,528,533,539,545,551,2010-12-09,9,1,379,12,2010,6,2010
2010-12-10,393,399,405,411,417,423,429,436,442,448,454,460,466,472,478,484,490,496,502,508,514,521,527,533,539,545,551,557,563,569,2010-12-10,10,1,387,12,2010,6,2010
2010-12-11,395,400,406,412,417,423,428,434,440,445,451,457,462,468,473,479,485,490,496,502,507,513,518,524,530,535,541,547,552,558,2010-12-11,11,1,389,12,2010,6,2010
2010-12-12,400,406,411,416,422,427,432,437,443,448,453,459,464,469,474,480,485,490,496,501,506,511,517,522,527,533,538,543,548,554,2010-12-12,12,1,395,12,2010,5,2010
2010-12-13,405,410,415,420,425,430,435,441,446,451,456,461,466,471,476,481,487,492,497,502,507,512,517,522,528,533,538,543,548,553,2010-12-13,13,1,400,12,2010,5,2010
2010-12-14,407,411,416,420,424,428,433,437,441,445,449,454,458,462,466,471,475,479,483,487,492,496,500,504,509,513,517,521,525,530,2010-12-14,14,1,403,12,2010,4,2010
2010-12-15,416,421,425,430,435,439,444,448,453,458,462,467,471,476,481,485,490,495,499,504,508,513,518,522,527,531,536,541,545,550,2010-12-15,15,1,412,12,2010,5,2010
2010-12-16,429,435,441,448,454,460,466,472,479,485,491,497,503,510,516,522,528,534,541,547,553,559,566,572,578,584,590,597,603,609,2010-12-16,16,1,423,12,2010,6,2010
2010-12-17,437,443,450,456,462,469,475,481,487,494,500,506,513,519,525,531,538,544,550,556,563,569,575,582,588,594,600,607,613,619,2010-12-17,17,1,431,12,2010,6,2010
2010-12-18,448,455,463,470,477,485,492,499,507,514,521,529,536,544,551,558,566,573,580,588,595,602,610,617,624,632,639,647,654,661,2010-12-18,18,1,441,12,2010,7,2010
2010-12-19,475,485,495,506,516,526,536,546,556,566,576,586,596,606,616,626,636,646,656,666,676,686,696,706,716,726,736,746,756,766,2010-12-19,19,1,465,12,2010,10,2010
2010-12-20,489,500,511,522,533,544,555,567,578,589,600,611,622,633,644,656,667,678,689,700,711,722,733,745,756,767,778,789,800,811,2010-12-20,20,1,477,12,2010,11,2010
2010-12-21,499,511,523,535,546,558,570,582,594,606,618,630,642,654,666,678,690,702,714,726,738,750,762,774,786,798,810,821,833,845,2010-12-21,21,1,487,12,2010,12,2010
2010-12-22,515,528,541,554,567,580,593,606,619,632,645,658,671,684,697,710,723,735,748,761,774,787,800,813,826,839,852,865,878,891,2010-12-22,22,1,502,12,2010,13,2010
2010-12-23,537,551,565,579,594,608,622,636,651,665,679,693,708,722,736,750,765,779,793,807,822,836,850,864,879,893,907,921,936,950,2010-12-23,23,1,522,12,2010,14,2010
2010-12-24,564,580,597,613,630,647,663,680,696,713,730,746,763,779,796,812,829,846,862,879,895,912,929,945,962,978,995,1012,1028,1045,2010-12-24,24,1,547,12,2010,17,2010
2010-12-25,583,601,618,636,654,672,690,707,725,743,761,778,796,814,832,850,867,885,903,921,939,956,974,992,1010,1027,1045,1063,1081,1099,2010-12-25,25,1,565,12,2010,18,2010
2010-12-26,593,609,625,641,657,673,689,705,721,737,753,769,785,800,816,832,848,864,880,896,912,928,944,960,976,992,1008,1024,1040,1056,2010-12-26,26,1,577,12,2010,16,2010
2010-12-27,605,621,637,653,669,684,700,716,732,748,764,780,796,812,828,844,860,876,891,907,923,939,955,971,987,1003,1019,1035,1051,1067,2010-12-27,27,0,589,12,2010,16,2010
2010-12-28,622,638,655,672,689,706,723,740,757,773,790,807,824,841,858,875,891,908,925,942,959,976,993,1009,1026,1043,1060,1077,1094,1111,2010-12-28,28,0,605,12,2010,17,2010
2010-12-29,648,666,684,702,720,739,757,775,793,811,830,848,866,884,902,921,939,957,975,993,1011,1030,1048,1066,1084,1102,1121,1139,1157,1175,2010-12-29,29,0,630,12,2010,18,2010
2010-12-30,669,688,706,724,743,761,779,798,816,834,853,871,889,908,926,944,963,981,999,1018,1036,1054,1073,1091,1109,1128,1146,1164,1183,1201,2010-12-30,30,0,651,12,2010,18,2010
2010-12-31,686,704,721,739,756,773,791,808,826,843,861,878,895,913,930,948,965,982,1000,1017,1035,1052,1070,1087,1104,1122,1139,1157,1174,1192,2010-12-31,31,0,669,12,2010,17,2010
2011-01-01,698,715,732,748,765,782,799,815,832,849,865,882,899,915,932,949,965,982,999,1015,1032,1049,1065,1082,1099,1115,1132,1149,1165,1182,2011-01-01,1,0,682,1,2011,17,2010
2011-01-02,749,771,792,814,835,857,879,900,922,943,965,986,1008,1029,1051,1072,1094,1115,1137,1158,1180,1202,1223,1245,1266,1288,1309,1331,1352,1374,2011-01-02,2,0,728,1,2011,22,2010
2011-01-03,770,793,815,838,861,883,906,929,951,974,997,1019,1042,1065,1087,1110,1132,1155,1178,1200,1223,1246,1268,1291,1314,1336,1359,1382,1404,1427,2011-01-03,3,0,747,1,2011,23,2010
2011-01-04,815,842,868,894,921,947,973,1000,1026,1052,1079,1105,1131,1157,1184,1210,1236,1263,1289,1315,1342,1368,1394,1421,1447,1473,1500,1526,1552,1579,2011-01-04,4,0,789,1,2011,26,2010
2011-01-05,828,853,878,902,927,952,977,1002,1026,1051,1076,1101,1126,1150,1175,1200,1225,1250,1274,1299,1324,1349,1374,1398,1423,1448,1473,1498,1522,1547,2011-01-05,5,0,803,1,2011,25,2010
2011-01-06,854,879,904,930,955,980,1006,1031,1056,1082,1107,1132,1158,1183,1208,1234,1259,1284,1310,1335,1360,1386,1411,1436,1462,1487,1512,1538,1563,1588,2011-01-06,6,0,828,1,2011,25,2010
2011-01-07,869,894,919,944,969,994,1019,1044,1068,1093,1118,1143,1168,1193,1218,1243,1268,1293,1318,1343,1368,1393,1418,1443,1468,1493,1518,1543,1568,1593,2011-01-07,7,0,844,1,2011,25,2010
2011-01-08,893,919,946,972,999,1025,1052,1078,1104,1131,1157,1184,1210,1236,1263,1289,1316,1342,1368,1395,1421,1448,1474,1500,1527,1553,1580,1606,1633,1659,2011-01-08,8,0,867,1,2011,26,2010
2011-01-09,916,939,963,986,1010,1033,1057,1080,1104,1127,1151,1174,1198,1221,1245,1268,1292,1315,1339,1362,1386,1409,1433,1456,1480,1503,1527,1550,1574,1597,2011-01-09,9,0,892,1,2011,24,2010
2011-01-10,953,979,1005,1031,1056,1082,1108,1134,1159,1185,1211,1237,1262,1288,1314,1340,1365,1391,1417,1443,1468,1494,1520,1546,1571,1597,1623,1649,1674,1700,2011-01-10,10,0,928,1,2011,26,2010
2011-01-11,977,1001,1025,1048,1072,1095,1119,1142,1166,1190,1213,1237,1260,1284,1307,1331,1354,1378,1402,1425,1449,1472,1496,1519,1543,1566,1590,1614,1637,1661,2011-01-11,11,0,954,1,2011,24,2010
2011-01-12,995,1018,1042,1066,1090,1114,1138,1162,1186,1210,1234,1258,1282,1305,1329,1353,1377,1401,1425,1449,1473,1497,1521,1545,1569,1592,1616,1640,1664,1688,2011-01-12,12,0,971,1,2011,24,2010
2011-01-13,1023,1048,1072,1096,1121,1145,1170,1194,1218,1243,1267,1292,1316,1340,1365,1389,1413,1438,1462,1487,1511,1535,1560,1584,1609,1633,1657,1682,1706,1730,2011-01-13,13,0,999,1,2011,24,2010
2011-01-14,1063,1090,1117,1145,1172,1199,1227,1254,1281,1309,1336,1363,1391,1418,1445,1473,1500,1528,1555,1582,1610,1637,1664,1692,1719,1746,1774,1801,1828,1856,2011-01-14,14,0,1035,1,2011,27,2010
2011-01-15,1133,1167,1200,1233,1267,1300,1333,1367,1400,1433,1467,1500,1533,1567,1600,1633,1667,1700,1733,1767,1800,1833,1867,1900,1933,1966,2000,2033,2066,2100,2011-01-15,15,0,1100,1,2011,33,2010
2011-01-16,1174,1210,1245,1280,1315,1351,1386,1421,1456,1492,1527,1562,1597,1633,1668,1703,1738,1774,1809,1844,1879,1915,1950,1985,2020,2056,2091,2126,2161,2197,2011-01-16,16,0,1139,1,2011,35,2010
2011-01-17,1209,1244,1279,1315,1350,1385,1420,1455,1490,1525,1561,1596,1631,1666,1701,1736,1772,1807,1842,1877,1912,1947,1983,2018,2053,2088,2123,2158,2194,2229,2011-01-17,17,0,1174,1,2011,35,2010
2011-01-18,1261,1300,1338,1377,1415,1453,1492,1530,1569,1607,1646,1684,1722,1761,1799,1838,1876,1915,1953,1991,2030,2068,2107,2145,2184,2222,2260,2299,2337,2376,2011-01-18,18,0,1223,1,2011,38,2010
2011-01-19,1341,1387,1434,1480,1526,1573,1619,1665,1712,1758,1804,1851,1897,1943,1990,2036,2082,2129,2175,2221,2267,2314,2360,2406,2453,2499,2545,2592,2638,2684,2011-01-19,19,0,1295,1,2011,46,2010
2011-01-20,1481,1541,1602,1662,1722,1783,1843,1903,1963,2024,2084,2144,2205,2265,2325,2385,2446,2506,2566,2626,2687,2747,2807,2868,2928,2988,3048,3109,3169,3229,2011-01-20,20,0,1421,1,2011,60,2010
2011-01-21,1550,1615,1679,1744,1808,1872,1937,2001,2066,2130,2194,2259,2323,2388,2452,2516,2581,2645,2710,2774,2838,2903,2967,3032,3096,3160,3225,3289,3354,3418,2011-01-21,21,0,1486,1,2011,64,2010
2011-01-22,1681,1753,1826,1899,1971,2044,2116,2189,2262,2334,2407,2480,2552,2625,2697,2770,2843,2915,2988,3060,3133,3206,3278,3351,3423,3496,3569,3641,3714,3787,2011-01-22,22,0,1608,1,2011,73,2010
2011-01-23,1793,1875,1957,2039,2121,2202,2284,2366,2448,2529,2611,2693,2775,2857,2938,3020,3102,3184,3266,3347,3429,3511,3593,3674,3756,3838,3920,4002,4083,4165,2011-01-23,23,0,1712,1,2011,82,2010
2011-01-24,1925,2019,2113,2207,2301,2395,2489,2583,2676,2770,2864,2958,3052,3146,3240,3334,3428,3522,3616,3709,3803,3897,3991,4085,4179,4273,4367,4461,4555,4649,2011-01-24,24,0,1831,1,2011,94,2010
2011-01-25,1981,2076,2171,2265,2360,2455,2550,2645,2739,2834,2929,3024,3118,3213,3308,3403,3497,3592,3687,3782,3877,3971,4066,4161,4256,4350,4445,4540,4635,4730,2011-01-25,25,0,1886,1,2011,95,2010
2011-01-26,2009,2098,2187,2276,2366,2455,2544,2633,2723,2812,2901,2990,3079,3169,3258,3347,3436,3526,3615,3704,3793,3883,3972,4061,4150,4239,4329,4418,4507,4596,2011-01-26,26,0,1919,1,2011,89,2010
2011-01-27,2025,2100,2175,2251,2326,2402,2477,2553,2628,2704,2779,2855,2930,3005,3081,3156,3232,3307,3383,3458,3534,3609,3685,3760,3835,3911,3986,4062,4137,4213,2011-01-27,27,0,1949,1,2011,75,2010
2011-01-28,2022,2088,2155,2222,2289,2356,2423,2490,2557,2624,2691,2758,2825,2892,2959,3026,3093,3160,3226,3293,3360,3427,3494,3561,3628,3695,3762,3829,3896,3963,2011-01-28,28,0,1955,1,2011,67,2010
2011-01-29,2031,2084,2137,2190,2243,2296,2349,2402,2455,2508,2560,2613,2666,2719,2772,2825,2878,2931,2984,3037,3089,3142,3195,3248,3301,3354,3407,3460,3513,3566,2011-01-29,29,0,1979,1,2011,53,2010
2011-01-30,2031,2071,2111,2151,2191,2231,2271,2311,2351,2391,2431,2471,2511,2551,2591,2631,2671,2711,2751,2791,2831,2871,2911,2951,2991,3030,3070,3110,3150,3190,2011-01-30,30,0,1991,1,2011,40,2010
2011-01-31,2027,2051,2075,2100,2124,2149,2173,2198,2222,2246,2271,2295,2320,2344,2369,2393,2417,2442,2466,2491,2515,2540,2564,2588,2613,2637,2662,2686,2711,2735,2011-01-31,31,0,2002,1,2011,24,2010
2011-02-01,2048,2069,2089,2109,2129,2150,2170,2190,2210,2231,2251,2271,2291,2312,2332,2352,2373,2393,2413,2433,2454,2474,2494,2514,2535,2555,2575,2595,2616,2636,2011-02-01,1,0,2028,2,2011,20,2010
2011-02-02,2070,2088,2107,2126,2145,2163,2182,2201,2220,2238,2257,2276,2295,2313,2332,2351,2370,2389,2407,2426,2445,2464,2482,2501,2520,2539,2557,2576,2595,2614,2011-02-02,2,0,2051,2,2011,19,2010
2011-02-03,2103,2122,2141,2161,2180,2199,2218,2237,2257,2276,2295,2314,2334,2353,2372,2391,2410,2430,2449,2468,2487,2507,2526,2545,2564,2583,2603,2622,2641,2660,2011-02-03,3,0,2084,2,2011,19,2010
2011-02-04,2130,2152,2174,2196,2218,2240,2262,2284,2306,2328,2350,2372,2394,2416,2438,2460,2482,2504,2526,2548,2570,2592,2613,2635,2657,2679,2701,2723,2745,2767,2011-02-04,4,0,2108,2,2011,22,2010
2011-02-05,2148,2170,2191,2212,2233,2255,2276,2297,2318,2340,2361,2382,2403,2425,2446,2467,2488,2510,2531,2552,2573,2595,2616,2637,2658,2680,2701,2722,2743,2765,2011-02-05,5,0,2127,2,2011,21,2010
2011-02-06,2195,2220,2246,2271,2297,2322,2348,2373,2399,2424,2449,2475,2500,2526,2551,2577,2602,2628,2653,2678,2704,2729,2755,2780,2806,2831,2857,2882,2907,2933,2011-02-06,6,0,2170,2,2011,25,2010
2011-02-07,2226,2255,2283,2311,2339,2367,2395,2423,2451,2479,2507,2535,2563,2591,2619,2647,2675,2703,2731,2759,2787,2815,2843,2871,2899,2927,2955,2983,3011,3039,2011-02-07,7,0,2198,2,2011,28,2010
2011-02-08,2276,2307,2338,2369,2400,2431,2462,2492,2523,2554,2585,2616,2647,2678,2709,2740,2771,2802,2833,2864,2895,2926,2957,2988,3019,3050,3081,3112,3143,3174,2011-02-08,8,0,2245,2,2011,31,2010
2011-02-09,2332,2367,2402,2437,2472,2507,2542,2578,2613,2648,2683,2718,2753,2788,2823,2859,2894,2929,2964,2999,3034,3069,3104,3139,3175,3210,3245,3280,3315,3350,2011-02-09,9,0,2297,2,2011,35,2010
2011-02-10,2387,2425,2463,2501,2539,2577,2615,2653,2691,2729,2767,2805,2842,2880,2918,2956,2994,3032,3070,3108,3146,3184,3222,3260,3298,3336,3374,3412,3450,3487,2011-02-10,10,0,2349,2,2011,38,2010
2011-02-11,2473,2519,2565,2610,2656,2702,2747,2793,2839,2884,2930,2975,3021,3067,3112,3158,3204,3249,3295,3341,3386,3432,3477,3523,3569,3614,3660,3706,3751,3797,2011-02-11,11,0,2428,2,2011,46,2010
2011-02-12,2551,2605,2658,2711,2764,2817,2870,2923,2976,3029,3082,3135,3188,3241,3294,3347,3400,3453,3506,3559,3612,3665,3718,3771,3824,3877,3930,3983,4036,4089,2011-02-12,12,0,2498,2,2011,53,2010
2011-02-13,2644,2703,2762,2821,2881,2940,2999,3058,3118,3177,3236,3295,3355,3414,3473,3532,3592,3651,3710,3770,3829,3888,3947,4007,4066,4125,4184,4244,4303,4362,2011-02-13,13,0,2584,2,2011,59,2010
2011-02-14,2740,2808,2876,2944,3011,3079,3147,3214,3282,3350,3418,3485,3553,3621,3689,3756,3824,3892,3960,4027,4095,4163,4231,4298,4366,4434,4501,4569,4637,4705,2011-02-14,14,0,2673,2,2011,68,2010
2011-02-15,2870,2948,3026,3104,3182,3261,3339,3417,3495,3573,3651,3729,3808,3886,3964,4042,4120,4198,4276,4354,4433,4511,4589,4667,4745,4823,4901,4980,5058,5136,2011-02-15,15,0,2792,2,2011,78,2010
2011-02-16,2980,3065,3151,3236,3321,3407,3492,3578,3663,3748,3834,3919,4005,4090,4175,4261,4346,4432,4517,4602,4688,4773,4859,4944,5029,5115,5200,5286,5371,5456,2011-02-16,16,0,2894,2,2011,85,2010
2011-02-17,3100,3194,3288,3382,3475,3569,3663,3757,3851,3945,4039,4132,4226,4320,4414,4508,4602,4696,4789,4883,4977,5071,5165,5259,5352,5446,5540,5634,5728,5822,2011-02-17,17,0,3006,2,2011,94,2010
2011-02-18,3224,3324,3423,3523,3623,3722,3822,3921,4021,4120,4220,4319,4419,4519,4618,4718,4817,4917,5016,5116,5216,5315,5415,5514,5614,5713,5813,5912,6012,6112,2011-02-18,18,0,3125,2,2011,100,2010
2011-02-19,3384,3494,3605,3715,3826,3937,4047,4158,4269,4379,4490,4601,4711,4822,4932,5043,5154,5264,5375,5486,5596,5707,5818,5928,6039,6149,6260,6371,6481,6592,2011-02-19,19,0,3273,2,2011,111,2010
2011-02-20,3445,3553,3661,3768,3876,3984,4091,4199,4307,4414,4522,4629,4737,4845,4952,5060,5168,5275,5383,5491,5598,5706,5813,5921,6029,6136,6244,6352,6459,6567,2011-02-20,20,0,3338,2,2011,108,2010
2011-02-21,3530,3637,3744,3851,3958,4065,4172,4280,4387,4494,4601,4708,4815,4922,5029,5137,5244,5351,5458,5565,5672,5779,5887,5994,6101,6208,6315,6422,6529,6636,2011-02-21,21,0,3423,2,2011,107,2010
2011-02-22,3648,3755,3862,3969,4076,4183,4290,4397,4504,4611,4718,4825,4932,5039,5146,5253,5360,5467,5574,5681,5788,5895,6003,6110,6217,6324,6431,6538,6645,6752,2011-02-22,22,0,3541,2,2011,107,2010
2011-02-23,3722,3825,3928,4032,4135,4239,4342,4445,4549,4652,4756,4859,4963,5066,5169,5273,5376,5480,5583,5686,5790,5893,5997,6100,6203,6307,6410,6514,6617,6720,2011-02-23,23,0,3618,2,2011,103,2010
2011-02-24,3790,3887,3985,4083,4181,4279,4377,4475,4573,4671,4769,4867,4964,5062,5160,5258,5356,5454,5552,5650,5748,5846,5944,6042,6139,6237,6335,6433,6531,6629,2011-02-24,24,0,3692,2,2011,98,2010
2011-02-25,3817,3903,3990,4076,4163,4249,4336,4422,4509,4595,4682,4768,4855,4941,5028,5114,5200,5287,5373,5460,5546,5633,5719,5806,5892,5979,6065,6152,6238,6325,2011-02-25,25,0,3730,2,2011,86,2010
2011-02-26,3841,3912,3983,4054,4125,4196,4267,4338,4409,4480,4551,4622,4693,4764,4835,4906,4977,5048,5119,5190,5261,5332,5403,5474,5545,5616,5687,5758,5829,5900,2011-02-26,26,0,3770,2,2011,71,2010
2011-02-27,3832,3893,3955,4017,4079,4140,4202,4264,4326,4387,4449,4511,4573,4634,4696,4758,4820,4881,4943,5005,5067,5128,5190,5252,5313,5375,5437,5499,5560,5622,2011-02-27,27,0,3770,2,2011,62,2010
2011-02-28,3823,3873,3923,3973,4023,4073,4123,4173,4223,4273,4323,4373,4423,4473,4523,4573,4623,4673,4723,4773,4823,4873,4923,4973,5023,5073,5123,5173,5223,5273,2011-02-28,28,0,3773,2,2011,50,2010
2011-03-01,3806,3839,3872,3905,3938,3971,4004,4037,4070,4103,4137,4170,4203,4236,4269,4302,4335,4368,4401,4434,4467,4500,4534,4567,4600,4633,4666,4699,4732,4765,2011-03-01,1,0,3773,3,2011,33,2010
2011-03-02,3795,3817,3839,3861,3883,3905,3927,3949,3971,3993,4015,4037,4059,4081,4103,4125,4147,4169,4191,4213,4235,4258,4280,4302,4324,4346,4368,4390,4412,4434,2011-03-02,2,0,3773,3,2011,22,2010
2011-03-03,3781,3792,3804,3815,3826,3837,3848,3860,3871,3882,3893,3904,3916,3927,3938,3949,3960,3972,3983,3994,4005,4016,4028,4039,4050,4061,4072,4084,4095,4106,2011-03-03,3,0,3770,3,2011,11,2010
2011-03-04,3776,3781,3787,3793,3798,3804,3810,3815,3821,3827,3833,3838,3844,3850,3855,3861,3867,3872,3878,3884,3889,3895,3901,3906,3912,3918,3924,3929,3935,3941,2011-03-04,4,0,3770,3,2011,6,2010
2011-03-05,3770,3770,3770,3770,3770,3770,3770,3770,3770,3770,3770,3770,3770,3770,3770,3770,3770,3770,3770,3770,3770,3770,3770,3770,3770,3770,3770,3770,3770,3770,2011-03-05,5,0,3770,3,2011,0,2010
2011-03-06,3773,3773,3774,3774,3774,3775,3775,3776,3776,3776,3777,3777,3777,3778,3778,3778,3779,3779,3780,3780,3780,3781,3781,3781,3782,3782,3783,3783,3783,3784,2011-03-06,6,0,3773,3,2011,0,2010
2011-03-07,3806,3811,3815,3819,3823,3828,3832,3836,3840,3845,3849,3853,3857,3862,3866,3870,3874,3879,3883,3887,3891,3896,3900,3904,3908,3913,3917,3921,3925,3930,2011-03-07,7,0,3802,3,2011,4,2010
2011-03-08,3806,3811,3815,3819,3823,3828,3832,3836,3840,3845,3849,3853,3857,3862,3866,3870,3874,3879,3883,3887,3891,3896,3900,3904,3908,3913,3917,3921,3925,3930,2011-03-08,8,0,3802,3,2011,4,2010
2011-03-09,3773,3773,3773,3773,3773,3773,3773,3773,3773,3773,3773,3773,3773,3773,3773,3773,3773,3773,3773,3773,3773,3773,3773,3773,3773,3773,3773,3773,3773,3773,2011-03-09,9,0,3773,3,2011,0,2010
2011-03-10,3773,3773,3774,3774,3774,3775,3775,3776,3776,3776,3777,3777,3777,3778,3778,3778,3779,3779,3780,3780,3780,3781,3781,3781,3782,3782,3783,3783,3783,3784,2011-03-10,10,0,3773,3,2011,0,2010
2011-03-11,3773,3773,3774,3774,3774,3775,3775,3776,3776,3776,3777,3777,3777,3778,3778,3778,3779,3779,3780,3780,3780,3781,3781,3781,3782,3782,3783,3783,3783,3784,2011-03-11,11,0,3773,3,2011,0,2010
2011-03-12,3773,3773,3774,3774,3774,3775,3775,3776,3776,3776,3777,3777,3777,3778,3778,3778,3779,3779,3780,3780,3780,3781,3781,3781,3782,3782,3783,3783,3783,3784,2011-03-12,12,0,3773,3,2011,0,2010
2011-03-13,3773,3773,3773,3773,3773,3773,3773,3773,3773,3773,3773,3773,3773,3773,3773,3773,3773,3773,3773,3773,3773,3773,3773,3773,3773,3773,3773,3773,3773,3773,2011-03-13,13,0,3773,3,2011,0,2010
2011-03-14,3787,3785,3783,3781,3779,3777,3775,3773,3771,3769,3767,3765,3763,3761,3759,3757,3755,3754,3752,3750,3748,3746,3744,3742,3740,3738,3736,3734,3732,3730,2011-03-14,14,0,3789,3,2011,-2,2010
2011-03-15,3802,3802,3802,3802,3802,3802,3802,3802,3802,3802,3802,3802,3802,3802,3802,3802,3802,3802,3802,3802,3802,3802,3802,3802,3802,3802,3802,3802,3802,3802,2011-03-15,15,0,3802,3,2011,0,2010
2011-03-16,3806,3811,3815,3819,3823,3828,3832,3836,3840,3845,3849,3853,3857,3862,3866,3870,3874,3879,3883,3887,3891,3896,3900,3904,3908,3913,3917,3921,3925,3930,2011-03-16,16,0,3802,3,2011,4,2010
2011-03-17,3806,3811,3815,3819,3823,3828,3832,3836,3840,3845,3849,3853,3857,3862,3866,3870,3874,3879,3883,3887,3891,3896,3900,3904,3908,3913,3917,3921,3925,3930,2011-03-17,17,0,3802,3,2011,4,2010
2011-03-18,3806,3811,3815,3819,3823,3828,3832,3836,3840,3845,3849,3853,3857,3862,3866,3870,3874,3879,3883,3887,3891,3896,3900,3904,3908,3913,3917,3921,3925,3930,2011-03-18,18,0,3802,3,2011,4,2010
2011-03-19,3806,3811,3815,3819,3823,3828,3832,3836,3840,3845,3849,3853,3857,3862,3866,3870,3874,3879,3883,3887,3891,3896,3900,3904,3908,3913,3917,3921,3925,3930,2011-03-19,19,0,3802,3,2011,4,2010
2011-03-20,3838,3847,3855,3863,3871,3879,3888,3896,3904,3912,3920,3929,3937,3945,3953,3962,3970,3978,3986,3994,4003,4011,4019,4027,4036,4044,4052,4060,4068,4077,2011-03-20,20,0,3830,3,2011,8,2010
2011-03-21,3853,3861,3869,3877,3885,3894,3902,3910,3918,3926,3934,3942,3950,3958,3966,3974,3982,3990,3999,4007,4015,4023,4031,4039,4047,4055,4063,4071,4079,4087,2011-03-21,21,0,3845,3,2011,8,2010
2011-03-22,3851,3857,3863,3870,3876,3882,3888,3894,3900,3906,3913,3919,3925,3931,3937,3943,3949,3955,3962,3968,3974,3980,3986,3992,3998,4004,4011,4017,4023,4029,2011-03-22,22,0,3845,3,2011,6,2010
2011-03-23,3851,3857,3863,3870,3876,3882,3888,3894,3900,3906,3913,3919,3925,3931,3937,3943,3949,3955,3962,3968,3974,3980,3986,3992,3998,4004,4011,4017,4023,4029,2011-03-23,23,0,3845,3,2011,6,2010
2011-03-24,3851,3857,3863,3870,3876,3882,3888,3894,3900,3906,3913,3919,3925,3931,3937,3943,3949,3955,3962,3968,3974,3980,3986,3992,3998,4004,4011,4017,4023,4029,2011-03-24,24,0,3845,3,2011,6,2010
2011-03-25,3894,3906,3917,3929,3940,3952,3963,3975,3986,3998,4009,4021,4032,4044,4055,4067,4078,4090,4101,4113,4124,4136,4147,4159,4170,4182,4193,4205,4216,4228,2011-03-25,25,0,3883,3,2011,11,2010
2011-03-26,3894,3906,3917,3929,3940,3952,3963,3975,3986,3998,4009,4021,4032,4044,4055,4067,4078,4090,4101,4113,4124,4136,4147,4159,4170,4182,4193,4205,4216,4228,2011-03-26,26,0,3883,3,2011,11,2010
2011-03-27,3890,3898,3905,3913,3920,3928,3935,3943,3950,3958,3965,3973,3980,3988,3995,4003,4011,4018,4026,4033,4041,4048,4056,4063,4071,4078,4086,4093,4101,4108,2011-03-27,27,0,3883,3,2011,8,2010
2011-03-28,3888,3893,3899,3904,3910,3915,3920,3926,3931,3936,3942,3947,3953,3958,3963,3969,3974,3979,3985,3990,3995,4001,4006,4012,4017,4022,4028,4033,4038,4044,2011-03-28,28,0,3883,3,2011,5,2010
2011-03-29,3971,3986,4002,4018,4034,4049,4065,4081,4096,4112,4128,4144,4159,4175,4191,4206,4222,4238,4253,4269,4285,4301,4316,4332,4348,4363,4379,4395,4411,4426,2011-03-29,29,0,3955,3,2011,16,2010
2011-03-30,3998,4018,4037,4056,4075,4094,4114,4133,4152,4171,4190,4209,4229,4248,4267,4286,4305,4324,4344,4363,4382,4401,4420,4439,4459,4478,4497,4516,4535,4554,2011-03-30,30,0,3979,3,2011,19,2010
2011-03-31,3998,4018,4037,4056,4075,4094,4114,4133,4152,4171,4190,4209,4229,4248,4267,4286,4305,4324,4344,4363,4382,4401,4420,4439,4459,4478,4497,4516,4535,4554,2011-03-31,31,0,3979,3,2011,19,2010
2011-04-01,4012,4028,4044,4061,4077,4093,4109,4125,4141,4157,4174,4190,4206,4222,4238,4254,4271,4287,4303,4319,4335,4351,4368,4384,4400,4416,4432,4448,4465,4481,2011-04-01,1,0,3996,4,2011,16,2010
2011-04-02,4050,4071,4092,4113,4134,4154,4175,4196,4217,4238,4259,4280,4301,4322,4343,4364,4384,4405,4426,4447,4468,4489,4510,4531,4552,4573,4594,4614,4635,4656,2011-04-02,2,0,4029,4,2011,21,2010
2011-04-03,4054,4075,4097,4118,4139,4161,4182,4203,4225,4246,4268,4289,4310,4332,4353,4375,4396,4417,4439,4460,4481,4503,4524,4546,4567,4588,4610,4631,4653,4674,2011-04-03,3,0,4032,4,2011,21,2010
2011-04-04,4125,4155,4185,4216,4246,4276,4306,4337,4367,4397,4427,4458,4488,4518,4548,4579,4609,4639,4669,4700,4730,4760,4790,4821,4851,4881,4912,4942,4972,5002,2011-04-04,4,0,4095,4,2011,30,2010
2011-04-05,4134,4156,4178,4201,4223,4245,4268,4290,4312,4335,4357,4379,4402,4424,4446,4469,4491,4513,4536,4558,4580,4603,4625,4647,4670,4692,4714,4737,4759,4781,2011-04-05,5,0,4111,4,2011,22,2010
2011-04-06,4121,4139,4157,4175,4192,4210,4228,4246,4263,4281,4299,4317,4334,4352,4370,4388,4405,4423,4441,4459,4476,4494,4512,4530,4547,4565,4583,4601,4618,4636,2011-04-06,6,0,4104,4,2011,18,2010
2011-04-07,4160,4182,4205,4228,4250,4273,4295,4318,4340,4363,4386,4408,4431,4453,4476,4498,4521,4544,4566,4589,4611,4634,4656,4679,4702,4724,4747,4769,4792,4814,2011-04-07,7,0,4137,4,2011,23,2010
2011-04-08,4204,4230,4256,4282,4308,4334,4360,4386,4412,4438,4464,4490,4516,4542,4568,4594,4620,4646,4672,4698,4724,4750,4776,4802,4828,4854,4880,4906,4932,4958,2011-04-08,8,0,4178,4,2011,26,2010
2011-04-09,4238,4264,4290,4316,4342,4369,4395,4421,4447,4473,4499,4525,4551,4578,4604,4630,4656,4682,4708,4734,4760,4786,4813,4839,4865,4891,4917,4943,4969,4995,2011-04-09,9,0,4212,4,2011,26,2010
2011-04-10,4264,4293,4322,4351,4380,4409,4438,4467,4496,4525,4554,4583,4612,4641,4670,4699,4728,4757,4786,4815,4844,4873,4902,4931,4960,4989,5018,5047,5076,5105,2011-04-10,10,0,4235,4,2011,29,2010
2011-04-11,4275,4298,4320,4343,4365,4388,4410,4433,4456,4478,4501,4523,4546,4568,4591,4614,4636,4659,4681,4704,4726,4749,4771,4794,4817,4839,4862,4884,4907,4929,2011-04-11,11,0,4252,4,2011,23,2010
2011-04-12,4301,4325,4349,4373,4397,4420,4444,4468,4492,4515,4539,4563,4587,4610,4634,4658,4682,4705,4729,4753,4777,4801,4824,4848,4872,4896,4919,4943,4967,4991,2011-04-12,12,0,4278,4,2011,24,2010
2011-04-13,4345,4376,4406,4436,4466,4497,4527,4557,4587,4618,4648,4678,4708,4739,4769,4799,4829,4860,4890,4920,4950,4981,5011,5041,5071,5101,5132,5162,5192,5222,2011-04-13,13,0,4315,4,2011,30,2010
2011-04-14,4380,4411,4441,4472,4502,4532,4563,4593,4624,4654,4684,4715,4745,4775,4806,4836,4867,4897,4927,4958,4988,5019,5049,5079,5110,5140,5171,5201,5231,5262,2011-04-14,14,0,4350,4,2011,30,2010
2011-04-15,4395,4422,4450,4477,4504,4531,4558,4586,4613,4640,4667,4694,4722,4749,4776,4803,4830,4857,4885,4912,4939,4966,4993,5021,5048,5075,5102,5129,5156,5184,2011-04-15,15,0,4368,4,2011,27,2010
2011-04-16,4410,4435,4460,4485,4510,4534,4559,4584,4609,4634,4658,4683,4708,4733,4758,4783,4807,4832,4857,4882,4907,4931,4956,4981,5006,5031,5055,5080,5105,5130,2011-04-16,16,0,4386,4,2011,25,2010
2011-04-17,4404,4425,4446,4467,4488,4509,4530,4551,4572,4593,4614,4635,4656,4677,4698,4719,4740,4761,4782,4803,4824,4845,4866,4887,4908,4929,4950,4971,4993,5014,2011-04-17,17,0,4383,4,2011,21,2010
2011-04-18,4459,4485,4511,4537,4562,4588,4614,4640,4666,4691,4717,4743,4769,4795,4821,4846,4872,4898,4924,4950,4975,5001,5027,5053,5079,5105,5130,5156,5182,5208,2011-04-18,18,0,4433,4,2011,26,2010
2011-04-19,4455,4478,4500,4522,4544,4567,4589,4611,4633,4655,4678,4700,4722,4744,4766,4789,4811,4833,4855,4878,4900,4922,4944,4966,4989,5011,5033,5055,5077,5100,2011-04-19,19,0,4433,4,2011,22,2010
2011-04-20,4450,4467,4484,4501,4517,4534,4551,4568,4585,4602,4619,4635,4652,4669,4686,4703,4720,4737,4753,4770,4787,4804,4821,4838,4855,4871,4888,4905,4922,4939,2011-04-20,20,0,4433,4,2011,17,2010
2011-04-21,4445,4457,4469,4481,4493,4505,4516,4528,4540,4552,4564,4576,4588,4600,4612,4623,4635,4647,4659,4671,4683,4695,4707,4718,4730,4742,4754,4766,4778,4790,2011-04-21,21,0,4433,4,2011,12,2010
2011-04-22,4443,4452,4461,4470,4480,4489,4498,4508,4517,4526,4536,4545,4554,4563,4573,4582,4591,4601,4610,4619,4629,4638,4647,4657,4666,4675,4684,4694,4703,4712,2011-04-22,22,0,4433,4,2011,9,2010
2011-04-23,4440,4447,4454,4460,4467,4474,4481,4488,4495,4501,4508,4515,4522,4529,4535,4542,4549,4556,4563,4569,4576,4583,4590,4597,4603,4610,4617,4624,4631,4638,2011-04-23,23,0,4433,4,2011,7,2010
2011-04-24,4383,4383,4383,4383,4383,4383,4383,4383,4383,4383,4383,4383,4383,4383,4383,4383,4383,4383,4383,4383,4383,4383,4383,4383,4383,4383,4383,4383,4383,4383,2011-04-24,24,0,4383,4,2011,0,2010
2011-04-25,4359,4349,4340,4331,4322,4312,4303,4294,4284,4275,4266,4256,4247,4238,4229,4219,4210,4201,4191,4182,4173,4163,4154,4145,4135,4126,4117,4108,4098,4089,2011-04-25,25,0,4368,4,2011,-9,2010
2011-04-26,4339,4327,4315,4303,4292,4280,4268,4256,4245,4233,4221,4209,4197,4186,4174,4162,4150,4138,4127,4115,4103,4091,4079,4068,4056,4044,4032,4020,4009,3997,2011-04-26,26,0,4351,4,2011,-12,2010
2011-04-27,4338,4326,4314,4302,4291,4279,4267,4255,4243,4231,4219,4207,4196,4184,4172,4160,4148,4136,4124,4112,4100,4089,4077,4065,4053,4041,4029,4017,4005,3993,2011-04-27,27,0,4350,4,2011,-12,2010
2011-04-28,4338,4326,4314,4302,4291,4279,4267,4255,4243,4231,4219,4207,4196,4184,4172,4160,4148,4136,4124,4112,4100,4089,4077,4065,4053,4041,4029,4017,4005,3993,2011-04-28,28,0,4350,4,2011,-12,2010
2011-04-29,4318,4304,4290,4275,4261,4246,4232,4218,4203,4189,4175,4160,4146,4131,4117,4103,4088,4074,4060,4045,4031,4016,4002,3988,3973,3959,3945,3930,3916,3901,2011-04-29,29,0,4333,4,2011,-14,2010
2011-04-30,4275,4255,4236,4216,4196,4177,4157,4137,4117,4098,4078,4058,4038,4019,3999,3979,3959,3940,3920,3900,3880,3861,3841,3821,3801,3782,3762,3742,3722,3703,2011-04-30,30,0,4295,4,2011,-20,2010
2011-05-01,4214,4193,4172,4151,4130,4109,4088,4067,4046,4025,4004,3983,3962,3941,3920,3899,3878,3857,3836,3815,3794,3773,3752,3731,3710,3688,3667,3646,3625,3604,2011-05-01,1,0,4235,5,2011,-21,2010
2011-05-02,4190,4167,4145,4123,4100,4078,4056,4033,4011,3989,3966,3944,3922,3899,3877,3855,3833,3810,3788,3766,3743,3721,3699,3676,3654,3632,3609,3587,3565,3542,2011-05-02,2,0,4212,5,2011,-22,2010
2011-05-03,4153,4128,4104,4079,4054,4030,4005,3980,3956,3931,3906,3881,3857,3832,3807,3783,3758,3733,3709,3684,3659,3634,3610,3585,3560,3536,3511,3486,3462,3437,2011-05-03,3,0,4178,5,2011,-25,2010
2011-05-04,4126,4098,4070,4042,4014,3986,3958,3930,3902,3874,3846,3819,3791,3763,3735,3707,3679,3651,3623,3595,3567,3539,3511,3483,3455,3427,3399,3371,3343,3315,2011-05-04,4,0,4154,5,2011,-28,2010
2011-05-05,4107,4077,4046,4016,3985,3955,3925,3894,3864,3833,3803,3773,3742,3712,3681,3651,3621,3590,3560,3530,3499,3469,3438,3408,3378,3347,3317,3286,3256,3226,2011-05-05,5,0,4137,5,2011,-30,2010
2011-05-06,4071,4038,4005,3973,3940,3907,3875,3842,3809,3776,3744,3711,3678,3646,3613,3580,3547,3515,3482,3449,3417,3384,3351,3318,3286,3253,3220,3187,3155,3122,2011-05-06,6,0,4104,5,2011,-33,2010
2011-05-07,4066,4037,4009,3980,3951,3923,3894,3865,3837,3808,3780,3751,3722,3694,3665,3636,3608,3579,3550,3522,3493,3464,3436,3407,3379,3350,3321,3293,3264,3235,2011-05-07,7,0,4095,5,2011,-29,2010
2011-05-08,3981,3949,3917,3885,3853,3821,3790,3758,3726,3694,3662,3630,3598,3567,3535,3503,3471,3439,3407,3376,3344,3312,3280,3248,3216,3185,3153,3121,3089,3057,2011-05-08,8,0,4012,5,2011,-32,2010
2011-05-09,3937,3903,3869,3834,3800,3766,3731,3697,3663,3628,3594,3560,3525,3491,3457,3422,3388,3354,3319,3285,3251,3216,3182,3148,3113,3079,3045,3010,2976,2942,2011-05-09,9,0,3972,5,2011,-34,2010
2011-05-10,3893,3858,3822,3786,3751,3715,3680,3644,3609,3573,3537,3502,3466,3431,3395,3360,3324,3288,3253,3217,3182,3146,3111,3075,3039,3004,2968,2933,2897,2862,2011-05-10,10,0,3929,5,2011,-36,2010
2011-05-11,3844,3805,3766,3728,3689,3650,3611,3572,3534,3495,3456,3417,3379,3340,3301,3262,3223,3185,3146,3107,3068,3029,2991,2952,2913,2874,2836,2797,2758,2719,2011-05-11,11,0,3883,5,2011,-39,2010
2011-05-12,3803,3762,3720,3678,3636,3595,3553,3511,3469,3428,3386,3344,3303,3261,3219,3177,3136,3094,3052,3010,2969,2927,2885,2843,2802,2760,2718,2676,2635,2593,2011-05-12,12,0,3845,5,2011,-42,2010
2011-05-13,3791,3752,3713,3674,3635,3596,3557,3517,3478,3439,3400,3361,3322,3283,3244,3205,3166,3127,3088,3049,3010,2970,2931,2892,2853,2814,2775,2736,2697,2658,2011-05-13,13,0,3830,5,2011,-39,2010
2011-05-14,3727,3681,3635,3589,3543,3497,3451,3405,3359,3313,3267,3221,3175,3129,3083,3037,2991,2945,2899,2853,2807,2761,2715,2669,2623,2577,2531,2485,2439,2393,2011-05-14,14,0,3773,5,2011,-46,2010
2011-05-15,3646,3600,3554,3508,3462,3417,3371,3325,3279,3233,3187,3142,3096,3050,3004,2958,2912,2867,2821,2775,2729,2683,2637,2592,2546,2500,2454,2408,2362,2317,2011-05-15,15,0,3692,5,2011,-46,2010
2011-05-16,3546,3492,3439,3386,3333,3280,3226,3173,3120,3067,3013,2960,2907,2854,2800,2747,2694,2641,2587,2534,2481,2428,2375,2321,2268,2215,2162,2108,2055,2002,2011-05-16,16,0,3599,5,2011,-53,2010
2011-05-17,3486,3430,3375,3319,3264,3209,3153,3098,3042,2987,2931,2876,2821,2765,2710,2654,2599,2544,2488,2433,2377,2322,2267,2211,2156,2100,2045,1990,1934,1879,2011-05-17,17,0,3541,5,2011,-55,2010
2011-05-18,3412,3353,3294,3235,3177,3118,3059,3000,2941,2882,2823,2765,2706,2647,2588,2529,2470,2412,2353,2294,2235,2176,2117,2058,2000,1941,1882,1823,1764,1705,2011-05-18,18,0,3471,5,2011,-59,2010
2011-05-19,3362,3302,3241,3181,3121,3060,3000,2940,2879,2819,2758,2698,2638,2577,2517,2457,2396,2336,2275,2215,2155,2094,2034,1974,1913,1853,1792,1732,1672,1611,2011-05-19,19,0,3423,5,2011,-60,2010
2011-05-20,3275,3206,3136,3067,2997,2928,2859,2789,2720,2651,2581,2512,2442,2373,2304,2234,2165,2095,2026,1957,1887,1818,1749,1679,1610,1540,1471,1402,1332,1263,2011-05-20,20,0,3344,5,2011,-69,2010
2011-05-21,3276,3214,3151,3089,3027,2965,2903,2841,2779,2717,2655,2592,2530,2468,2406,2344,2282,2220,2158,2096,2034,1971,1909,1847,1785,1723,1661,1599,1537,1475,2011-05-21,21,0,3338,5,2011,-62,2010
2011-05-22,3213,3153,3093,3034,2974,2914,2854,2794,2735,2675,2615,2555,2495,2436,2376,2316,2256,2196,2137,2077,2017,1957,1897,1837,1778,1718,1658,1598,1538,1479,2011-05-22,22,0,3273,5,2011,-60,2010
2011-05-23,3129,3071,3012,2953,2894,2836,2777,2718,2660,2601,2542,2483,2425,2366,2307,2249,2190,2131,2073,2014,1955,1896,1838,1779,1720,1662,1603,1544,1485,1427,2011-05-23,23,0,3188,5,2011,-59,2010
2011-05-24,3065,3006,2946,2887,2827,2768,2709,2649,2590,2530,2471,2411,2352,2292,2233,2173,2114,2054,1995,1936,1876,1817,1757,1698,1638,1579,1519,1460,1400,1341,2011-05-24,24,0,3125,5,2011,-59,2010
2011-05-25,3007,2949,2891,2833,2775,2717,2658,2600,2542,2484,2426,2368,2310,2252,2194,2136,2078,2020,1962,1904,1846,1788,1730,1672,1614,1556,1498,1440,1382,1324,2011-05-25,25,0,3065,5,2011,-58,2010
2011-05-26,2967,2910,2853,2797,2740,2683,2626,2569,2512,2455,2398,2341,2284,2227,2171,2114,2057,2000,1943,1886,1829,1772,1715,1658,1602,1545,1488,1431,1374,1317,2011-05-26,26,0,3024,5,2011,-57,2010
2011-05-27,2900,2844,2789,2733,2678,2622,2567,2511,2455,2400,2344,2289,2233,2178,2122,2067,2011,1955,1900,1844,1789,1733,1678,1622,1567,1511,1455,1400,1344,1289,2011-05-27,27,0,2955,5,2011,-56,2010
2011-05-28,2831,2768,2704,2641,2578,2514,2451,2388,2324,2261,2198,2134,2071,2008,1944,1881,1818,1754,1691,1628,1564,1501,1438,1374,1311,1247,1184,1121,1057,994,2011-05-28,28,0,2894,5,2011,-63,2010
2011-05-29,2766,2703,2640,2577,2513,2450,2387,2323,2260,2197,2133,2070,2007,1943,1880,1817,1754,1690,1627,1564,1500,1437,1374,1310,1247,1184,1120,1057,994,931,2011-05-29,29,0,2830,5,2011,-63,2010
2011-05-30,2723,2665,2606,2548,2490,2432,2374,2316,2258,2199,2141,2083,2025,1967,1909,1851,1792,1734,1676,1618,1560,1502,1443,1385,1327,1269,1211,1153,1095,1036,2011-05-30,30,0,2781,5,2011,-58,2010
2011-05-31,2663,2606,2548,2490,2433,2375,2317,2260,2202,2144,2087,2029,1971,1914,1856,1798,1741,1683,1625,1568,1510,1452,1395,1337,1279,1222,1164,1106,1049,991,2011-05-31,31,0,2721,5,2011,-58,2010
2011-06-01,2617,2561,2505,2449,2393,2337,2281,2225,2169,2113,2057,2001,1945,1889,1833,1777,1721,1665,1609,1553,1497,1441,1384,1328,1272,1216,1160,1104,1048,992,2011-06-01,1,0,2673,6,2011,-56,2010
2011-06-02,2534,2473,2412,2351,2290,2228,2167,2106,2045,1983,1922,1861,1800,1739,1677,1616,1555,1494,1432,1371,1310,1249,1188,1126,1065,1004,943,881,820,759,2011-06-02,2,0,2596,6,2011,-61,2010
2011-06-03,2494,2436,2378,2320,2263,2205,2147,2089,2032,1974,1916,1858,1801,1743,1685,1628,1570,1512,1454,1397,1339,1281,1223,1166,1108,1050,992,935,877,819,2011-06-03,3,0,2551,6,2011,-58,2010
2011-06-04,2422,2363,2304,2245,2186,2127,2068,2009,1950,1891,1832,1773,1714,1654,1595,1536,1477,1418,1359,1300,1241,1182,1123,1064,1005,946,887,828,769,710,2011-06-04,4,0,2481,6,2011,-59,2010
2011-06-05,2365,2306,2248,2190,2132,2074,2016,1957,1899,1841,1783,1725,1667,1609,1550,1492,1434,1376,1318,1260,1202,1143,1085,1027,969,911,853,794,736,678,2011-06-05,5,0,2423,6,2011,-58,2010
2011-06-06,2288,2226,2164,2103,2041,1979,1918,1856,1794,1733,1671,1609,1547,1486,1424,1362,1301,1239,1177,1116,1054,992,931,869,807,746,684,622,561,499,2011-06-06,6,0,2349,6,2011,-62,2010
2011-06-07,2236,2175,2115,2054,1993,1933,1872,1812,1751,1690,1630,1569,1508,1448,1387,1326,1266,1205,1145,1084,1023,963,902,841,781,720,659,599,538,478,2011-06-07,7,0,2297,6,2011,-61,2010
2011-06-08,2184,2123,2061,2000,1939,1878,1817,1756,1695,1634,1573,1511,1450,1389,1328,1267,1206,1145,1084,1023,961,900,839,778,717,656,595,534,473,411,2011-06-08,8,0,2245,6,2011,-61,2010
2011-06-09,2142,2085,2028,1971,1915,1858,1801,1745,1688,1631,1574,1518,1461,1404,1347,1291,1234,1177,1120,1064,1007,950,893,837,780,723,666,610,553,496,2011-06-09,9,0,2198,6,2011,-57,2010
2011-06-10,2102,2046,1990,1933,1877,1821,1765,1709,1653,1596,1540,1484,1428,1372,1316,1259,1203,1147,1091,1035,979,922,866,810,754,698,641,585,529,473,2011-06-10,10,0,2158,6,2011,-56,2010
2011-06-11,2068,2016,1965,1913,1861,1810,1758,1706,1655,1603,1552,1500,1448,1397,1345,1293,1242,1190,1138,1087,1035,983,932,880,829,777,725,674,622,570,2011-06-11,11,0,2120,6,2011,-52,2010
2011-06-12,2035,1987,1938,1890,1841,1793,1745,1696,1648,1599,1551,1502,1454,1405,1357,1309,1260,1212,1163,1115,1066,1018,970,921,873,824,776,727,679,630,2011-06-12,12,0,2084,6,2011,-48,2010
2011-06-13,1982,1936,1891,1845,1799,1753,1707,1661,1615,1569,1524,1478,1432,1386,1340,1294,1248,1202,1157,1111,1065,1019,973,927,881,835,790,744,698,652,2011-06-13,13,0,2028,6,2011,-46,2010
2011-06-14,1933,1888,1842,1797,1751,1706,1660,1615,1570,1524,1479,1433,1388,1342,1297,1252,1206,1161,1115,1070,1024,979,933,888,843,797,752,706,661,615,2011-06-14,14,0,1979,6,2011,-45,2010
2011-06-15,1907,1865,1822,1780,1738,1696,1653,1611,1569,1527,1484,1442,1400,1358,1315,1273,1231,1189,1146,1104,1062,1019,977,935,893,850,808,766,724,681,2011-06-15,15,0,1949,6,2011,-42,2010
2011-06-16,1842,1797,1753,1708,1663,1619,1574,1530,1485,1440,1396,1351,1307,1262,1217,1173,1128,1084,1039,995,950,905,861,816,772,727,682,638,593,549,2011-06-16,16,0,1886,6,2011,-45,2010
2011-06-17,1767,1718,1669,1620,1571,1522,1473,1425,1376,1327,1278,1229,1180,1131,1082,1033,984,935,887,838,789,740,691,642,593,544,495,446,397,349,2011-06-17,17,0,1816,6,2011,-49,2010
2011-06-18,1703,1651,1599,1547,1495,1443,1391,1339,1287,1235,1183,1131,1078,1026,974,922,870,818,766,714,662,610,558,506,454,402,350,298,246,193,2011-06-18,18,0,1755,6,2011,-52,2010
2011-06-19,1670,1618,1566,1515,1463,1411,1360,1308,1256,1204,1153,1101,1049,997,946,894,842,791,739,687,635,584,532,480,429,377,325,273,222,170,2011-06-19,19,0,1722,6,2011,-52,2010
2011-06-20,1645,1597,1549,1502,1454,1406,1358,1310,1262,1214,1166,1119,1071,1023,975,927,879,831,783,736,688,640,592,544,496,448,400,353,305,257,2011-06-20,20,0,1693,6,2011,-48,2010
2011-06-21,1560,1507,1455,1402,1350,1298,1245,1193,1141,1088,1036,984,931,879,826,774,722,669,617,565,512,460,408,355,303,250,198,146,93,41,2011-06-21,21,0,1612,6,2011,-52,2010
2011-06-22,1512,1457,1402,1348,1293,1238,1184,1129,1074,1020,965,910,856,801,746,692,637,582,528,473,418,364,309,254,200,145,90,36,-19,-74,2011-06-22,22,0,1566,6,2011,-55,2010
2011-06-23,1446,1391,1336,1281,1226,1171,1116,1061,1006,950,895,840,785,730,675,620,565,510,455,400,345,290,235,180,125,70,15,-40,-95,-151,2011-06-23,23,0,1501,6,2011,-55,2010
2011-06-24,1423,1374,1325,1275,1226,1177,1128,1079,1030,981,932,883,833,784,735,686,637,588,539,490,440,391,342,293,244,195,146,97,48,-2,2011-06-24,24,0,1472,6,2011,-49,2010
2011-06-25,1380,1333,1286,1239,1192,1145,1098,1051,1004,957,910,863,817,770,723,676,629,582,535,488,441,394,347,300,253,206,159,113,66,19,2011-06-25,25,0,1427,6,2011,-47,2010
2011-06-26,1362,1317,1272,1227,1182,1137,1092,1047,1002,957,912,867,822,777,732,687,642,597,552,507,462,417,372,327,282,237,192,147,102,57,2011-06-26,26,0,1407,6,2011,-45,2010
2011-06-27,1307,1259,1210,1162,1114,1065,1017,969,921,872,824,776,728,679,631,583,535,486,438,390,341,293,245,197,148,100,52,4,-45,-93,2011-06-27,27,0,1355,6,2011,-48,2010
2011-06-28,1269,1226,1183,1140,1098,1055,1012,969,926,883,840,798,755,712,669,626,583,540,497,455,412,369,326,283,240,197,155,112,69,26,2011-06-28,28,0,1312,6,2011,-43,2010
2011-06-29,1220,1177,1133,1090,1047,1003,960,917,874,830,787,744,700,657,614,570,527,484,441,397,354,311,267,224,181,137,94,51,8,-36,2011-06-29,29,0,1263,6,2011,-43,2010
2011-06-30,1210,1174,1138,1101,1065,1029,992,956,920,883,847,811,774,738,701,665,629,592,556,520,483,447,411,374,338,302,265,229,193,156,2011-06-30,30,0,1247,6,2011,-36,2010
2011-07-01,1195,1160,1125,1091,1056,1021,987,952,917,883,848,813,779,744,709,675,640,605,571,536,501,466,432,397,362,328,293,258,224,189,2011-07-01,1,0,1229,7,2011,-35,2010
2011-07-02,1181,1150,1120,1089,1058,1027,997,966,935,905,874,843,812,782,751,720,689,659,628,597,567,536,505,474,444,413,382,352,321,290,2011-07-02,2,0,1212,7,2011,-31,2010
2011-07-03,1141,1107,1074,1041,1008,974,941,908,875,841,808,775,742,708,675,642,609,575,542,509,476,442,409,376,343,309,276,243,210,176,2011-07-03,3,0,1174,7,2011,-33,2010
2011-07-04,1116,1086,1056,1026,996,966,936,907,877,847,817,787,757,727,697,667,637,608,578,548,518,488,458,428,398,368,338,309,279,249,2011-07-04,4,0,1146,7,2011,-30,2010
2011-07-05,1102,1076,1049,1023,997,971,944,918,892,865,839,813,787,760,734,708,682,655,629,603,577,550,524,498,472,445,419,393,367,340,2011-07-05,5,0,1128,7,2011,-26,2010
2011-07-06,1086,1064,1042,1020,998,976,954,932,910,887,865,843,821,799,777,755,733,711,689,666,644,622,600,578,556,534,512,490,467,445,2011-07-06,6,0,1109,7,2011,-22,2010
2011-07-07,1063,1040,1017,994,971,948,925,902,880,857,834,811,788,765,742,719,696,673,650,627,604,581,558,535,512,490,467,444,421,398,2011-07-07,7,0,1086,7,2011,-23,2010
2011-07-08,1045,1022,999,976,952,929,906,883,860,837,814,791,768,745,722,699,676,653,630,606,583,560,537,514,491,468,445,422,399,376,2011-07-08,8,0,1068,7,2011,-23,2010
2011-07-09,1008,983,957,932,906,881,855,830,805,779,754,728,703,677,652,626,601,576,550,525,499,474,448,423,397,372,347,321,296,270,2011-07-09,9,0,1034,7,2011,-25,2010
2011-07-10,972,947,922,896,871,846,821,796,770,745,720,695,669,644,619,594,569,543,518,493,468,442,417,392,367,342,316,291,266,241,2011-07-10,10,0,997,7,2011,-25,2010
2011-07-11,937,911,885,859,833,807,781,755,729,703,677,651,625,599,573,547,521,495,469,443,417,391,365,338,312,286,260,234,208,182,2011-07-11,11,0,964,7,2011,-26,2010
2011-07-12,915,888,862,835,808,782,755,728,702,675,649,622,595,569,542,515,489,462,435,409,382,355,329,302,276,249,222,196,169,142,2011-07-12,12,0,942,7,2011,-27,2010
2011-07-13,896,870,843,817,790,763,737,710,684,657,631,604,578,551,525,498,471,445,418,392,365,339,312,286,259,233,206,180,153,126,2011-07-13,13,0,923,7,2011,-27,2010
2011-07-14,885,860,835,810,785,760,734,709,684,659,634,609,584,559,534,508,483,458,433,408,383,358,333,308,283,257,232,207,182,157,2011-07-14,14,0,910,7,2011,-25,2010
2011-07-15,867,842,817,792,767,742,717,692,667,642,617,592,566,541,516,491,466,441,416,391,366,341,316,291,266,241,216,190,165,140,2011-07-15,15,0,892,7,2011,-25,2010
2011-07-16,856,834,811,789,767,745,723,700,678,656,634,611,589,567,545,523,500,478,456,434,412,389,367,345,323,300,278,256,234,212,2011-07-16,16,0,878,7,2011,-22,2010
2011-07-17,833,813,792,772,751,730,710,689,669,648,628,607,587,566,546,525,505,484,464,443,423,402,381,361,340,320,299,279,258,238,2011-07-17,17,0,854,7,2011,-21,2010
2011-07-18,817,799,781,763,744,726,708,690,671,653,635,617,598,580,562,544,525,507,489,471,452,434,416,398,379,361,343,325,306,288,2011-07-18,18,0,836,7,2011,-18,2010
2011-07-19,801,784,766,749,731,713,696,678,661,643,626,608,591,573,556,538,520,503,485,468,450,433,415,398,380,362,345,327,310,292,2011-07-19,19,0,819,7,2011,-18,2010
2011-07-20,779,761,743,725,707,689,671,653,635,617,599,581,563,545,527,509,491,473,455,437,419,401,383,365,347,330,312,294,276,258,2011-07-20,20,0,797,7,2011,-18,2010
2011-07-21,759,740,721,702,683,664,645,626,608,589,570,551,532,513,494,475,456,437,418,399,380,362,343,324,305,286,267,248,229,210,2011-07-21,21,0,778,7,2011,-19,2010
2011-07-22,735,716,696,677,657,637,618,598,579,559,539,520,500,481,461,441,422,402,383,363,343,324,304,285,265,245,226,206,187,167,2011-07-22,22,0,755,7,2011,-20,2010
2011-07-23,710,689,668,647,625,604,583,562,541,520,499,478,457,436,415,394,373,352,331,310,289,268,247,226,204,183,162,141,120,99,2011-07-23,23,0,731,7,2011,-21,2010
2011-07-24,710,692,674,656,638,620,602,584,566,548,530,512,494,476,458,440,422,404,386,368,350,332,314,296,279,261,243,225,207,189,2011-07-24,24,0,728,7,2011,-18,2010
2011-07-25,691,672,654,636,618,600,582,564,545,527,509,491,473,455,436,418,400,382,364,346,328,309,291,273,255,237,219,201,182,164,2011-07-25,25,0,709,7,2011,-18,2010
2011-07-26,677,660,642,624,607,589,571,554,536,518,501,483,465,447,430,412,394,377,359,341,324,306,288,271,253,235,218,200,182,165,2011-07-26,26,0,695,7,2011,-18,2010
2011-07-27,665,649,632,616,600,583,567,550,534,517,501,484,468,452,435,419,402,386,369,353,337,320,304,287,271,254,238,221,205,189,2011-07-27,27,0,682,7,2011,-16,2010
2011-07-28,653,638,622,607,591,576,560,545,529,514,498,482,467,451,436,420,405,389,374,358,343,327,311,296,280,265,249,234,218,203,2011-07-28,28,0,669,7,2011,-16,2010
2011-07-29,645,631,617,604,590,576,562,548,535,521,507,493,480,466,452,438,424,411,397,383,369,356,342,328,314,300,287,273,259,245,2011-07-29,29,0,659,7,2011,-14,2010
2011-07-30,631,618,606,594,581,569,556,544,531,519,506,494,481,469,456,444,431,419,407,394,382,369,357,344,332,319,307,294,282,269,2011-07-30,30,0,643,7,2011,-12,2010
2011-07-31,616,601,587,573,559,545,531,517,503,489,475,461,447,433,419,405,391,377,363,349,335,321,307,293,279,265,251,237,223,209,2011-07-31,31,0,630,7,2011,-14,2010
2011-08-01,599,586,572,558,545,531,517,503,490,476,462,449,435,421,408,394,380,367,353,339,326,312,298,285,271,257,244,230,216,202,2011-08-01,1,0,613,8,2011,-14,2010
2011-08-02,590,577,564,551,538,525,512,499,486,472,459,446,433,420,407,394,381,368,355,342,328,315,302,289,276,263,250,237,224,211,2011-08-02,2,0,603,8,2011,-13,2010
2011-08-03,576,562,549,536,523,509,496,483,470,456,443,430,417,403,390,377,363,350,337,324,310,297,284,271,257,244,231,218,204,191,2011-08-03,3,0,589,8,2011,-13,2010
2011-08-04,575,563,552,540,528,516,505,493,481,469,458,446,434,423,411,399,387,376,364,352,340,329,317,305,293,282,270,258,246,235,2011-08-04,4,0,587,8,2011,-12,2010
2011-08-05,574,563,552,542,531,520,510,499,489,478,467,457,446,435,425,414,404,393,382,372,361,350,340,329,319,308,297,287,276,265,2011-08-05,5,0,584,8,2011,-11,2010
2011-08-06,565,555,545,535,525,516,506,496,486,476,467,457,447,437,427,417,408,398,388,378,368,358,349,339,329,319,309,299,290,280,2011-08-06,6,1,575,8,2011,-10,2010
2011-08-07,553,543,534,524,514,505,495,486,476,466,457,447,438,428,418,409,399,390,380,370,361,351,342,332,322,313,303,294,284,274,2011-08-07,7,1,562,8,2011,-10,2010
2011-08-08,555,548,541,533,526,519,512,505,497,490,483,476,468,461,454,447,440,432,425,418,411,403,396,389,382,375,367,360,353,346,2011-08-08,8,1,562,8,2011,-7,2010
2011-08-09,539,531,523,515,507,499,491,483,475,467,459,451,443,434,426,418,410,402,394,386,378,370,362,354,346,338,330,322,314,306,2011-08-09,9,1,547,8,2011,-8,2010
2011-08-10,536,530,523,517,510,504,497,490,484,477,471,464,458,451,444,438,431,425,418,412,405,398,392,385,379,372,366,359,352,346,2011-08-10,10,1,543,8,2011,-7,2010
2011-08-11,528,521,513,506,499,491,484,477,469,462,455,447,440,433,425,418,411,403,396,389,381,374,367,359,352,345,337,330,323,315,2011-08-11,11,1,535,8,2011,-7,2010
2011-08-12,514,505,496,487,478,470,461,452,443,434,425,417,408,399,390,381,372,364,355,346,337,328,320,311,302,293,284,275,267,258,2011-08-12,12,1,522,8,2011,-9,2010
2011-08-13,509,501,493,484,476,468,460,452,443,435,427,419,411,402,394,386,378,370,361,353,345,337,329,320,312,304,296,288,279,271,2011-08-13,13,1,517,8,2011,-8,2010
2011-08-14,498,490,482,474,465,457,449,441,433,425,417,409,401,393,385,377,369,360,352,344,336,328,320,312,304,296,288,280,272,264,2011-08-14,14,1,506,8,2011,-8,2010
2011-08-15,494,485,476,468,459,451,442,434,425,416,408,399,391,382,373,365,356,348,339,331,322,313,305,296,288,279,270,262,253,245,2011-08-15,15,1,502,8,2011,-9,2010
2011-08-16,491,484,477,471,464,457,450,443,436,429,422,415,408,401,394,387,380,373,366,359,352,345,338,331,324,317,310,304,297,290,2011-08-16,16,1,498,8,2011,-7,2010
2011-08-17,485,478,471,463,456,449,442,435,427,420,413,406,398,391,384,377,369,362,355,348,341,333,326,319,312,304,297,290,283,276,2011-08-17,17,1,492,8,2011,-7,2010
2011-08-18,475,467,460,452,445,437,430,422,415,407,399,392,384,377,369,362,354,347,339,331,324,316,309,301,294,286,279,271,263,256,2011-08-18,18,1,483,8,2011,-8,2010
2011-08-19,471,465,458,452,445,439,433,426,420,413,407,400,394,388,381,375,368,362,355,349,343,336,330,323,317,310,304,298,291,285,2011-08-19,19,1,477,8,2011,-6,2010
2011-08-20,472,466,460,455,449,443,437,432,426,420,415,409,403,398,392,386,380,375,369,363,358,352,346,341,335,329,324,318,312,306,2011-08-20,20,1,477,8,2011,-6,2010
2011-08-21,464,459,454,449,444,438,433,428,423,418,413,407,402,397,392,387,381,376,371,366,361,356,350,345,340,335,330,324,319,314,2011-08-21,21,1,470,8,2011,-5,2010
2011-08-22,460,455,450,444,439,434,428,423,418,413,407,402,397,392,386,381,376,371,365,360,355,349,344,339,334,328,323,318,313,307,2011-08-22,22,1,465,8,2011,-5,2010
2011-08-23,453,448,442,436,431,425,419,414,408,403,397,391,386,380,374,369,363,358,352,346,341,335,329,324,318,312,307,301,296,290,2011-08-23,23,1,459,8,2011,-6,2010
2011-08-24,450,444,439,434,428,423,418,412,407,402,396,391,386,380,375,370,364,359,354,348,343,338,332,327,322,316,311,306,300,295,2011-08-24,24,1,455,8,2011,-5,2010
2011-08-25,447,443,439,434,430,425,421,417,412,408,403,399,395,390,386,381,377,373,368,364,359,355,351,346,342,337,333,329,324,320,2011-08-25,25,1,452,8,2011,-4,2010
2011-08-26,443,438,434,429,425,421,416,412,408,403,399,395,390,386,381,377,373,368,364,360,355,351,346,342,338,333,329,325,320,316,2011-08-26,26,1,447,8,2011,-4,2010
2011-08-27,431,425,419,413,408,402,396,390,384,378,373,367,361,355,349,344,338,332,326,320,314,309,303,297,291,285,280,274,268,262,2011-08-27,27,1,437,8,2011,-6,2010
2011-08-28,425,420,414,409,403,398,392,387,381,376,370,365,359,354,348,343,337,332,326,321,315,310,304,299,293,288,282,277,271,266,2011-08-28,28,1,431,8,2011,-6,2010
2011-08-29,424,419,413,408,403,398,393,388,382,377,372,367,362,356,351,346,341,336,331,325,320,315,310,305,299,294,289,284,279,273,2011-08-29,29,1,429,8,2011,-5,2010
2011-08-30,418,412,407,402,397,392,387,381,376,371,366,361,356,350,345,340,335,330,325,319,314,309,304,299,294,288,283,278,273,268,2011-08-30,30,1,423,8,2011,-5,2010
2011-08-31,410,405,399,393,388,382,376,371,365,360,354,348,343,337,332,326,320,315,309,303,298,292,287,281,275,270,264,259,253,247,2011-08-31,31,1,416,8,2011,-6,2010
2011-09-01,399,392,386,379,372,366,359,352,346,339,333,326,319,313,306,299,293,286,280,273,266,260,253,246,240,233,227,220,213,207,2011-09-01,1,1,405,9,2011,-7,2010
2011-09-02,400,394,388,382,376,370,364,358,352,346,340,334,328,322,317,311,305,299,293,287,281,275,269,263,257,251,245,240,234,228,2011-09-02,2,1,405,9,2011,-6,2010
2011-09-03,398,393,389,384,379,374,369,365,360,355,350,345,341,336,331,326,321,316,312,307,302,297,292,288,283,278,273,268,264,259,2011-09-03,3,1,403,9,2011,-5,2010
2011-09-04,390,385,380,375,369,364,359,354,349,344,339,334,329,323,318,313,308,303,298,293,288,282,277,272,267,262,257,252,247,241,2011-09-04,4,1,395,9,2011,-5,2010
2011-09-05,390,385,381,376,371,366,361,356,351,347,342,337,332,327,322,317,313,308,303,298,293,288,284,279,274,269,264,259,254,250,2011-09-05,5,1,395,9,2011,-5,2010
2011-09-06,384,379,375,370,365,360,355,351,346,341,336,331,327,322,317,312,307,303,298,293,288,283,278,274,269,264,259,254,250,245,2011-09-06,6,1,389,9,2011,-5,2010
2011-09-07,383,379,375,371,366,362,358,354,350,346,342,338,334,330,325,321,317,313,309,305,301,297,293,289,284,280,276,272,268,264,2011-09-07,7,1,387,9,2011,-4,2010
2011-09-08,379,376,373,370,366,363,360,357,353,350,347,344,340,337,334,330,327,324,321,317,314,311,308,304,301,298,295,291,288,285,2011-09-08,8,1,383,9,2011,-3,2010
2011-09-09,376,372,368,364,361,357,353,349,346,342,338,334,331,327,323,320,316,312,308,305,301,297,293,290,286,282,278,275,271,267,2011-09-09,9,1,379,9,2011,-4,2010
2011-09-10,369,365,361,357,352,348,344,340,335,331,327,323,319,314,310,306,302,297,293,289,285,281,276,272,268,264,259,255,251,247,2011-09-10,10,1,373,9,2011,-4,2010
2011-09-11,359,355,350,346,341,337,332,328,323,319,315,310,306,301,297,292,288,283,279,274,270,265,261,256,252,247,243,238,234,229,2011-09-11,11,1,364,9,2011,-4,2010
2011-09-12,359,355,350,346,341,337,332,328,323,319,315,310,306,301,297,292,288,283,279,274,270,265,261,256,252,247,243,238,234,229,2011-09-12,12,1,364,9,2011,-4,2010
2011-09-13,356,351,347,343,339,335,331,326,322,318,314,310,306,301,297,293,289,285,280,276,272,268,264,260,255,251,247,243,239,235,2011-09-13,13,1,360,9,2011,-4,2010
2011-09-14,354,350,346,342,337,333,329,325,321,317,313,309,304,300,296,292,288,284,280,275,271,267,263,259,255,251,247,242,238,234,2011-09-14,14,1,358,9,2011,-4,2010
2011-09-15,353,350,346,343,339,335,332,328,324,321,317,313,310,306,303,299,295,292,288,284,281,277,273,270,266,262,259,255,252,248,2011-09-15,15,1,357,9,2011,-4,2010
2011-09-16,345,341,337,333,329,324,320,316,312,307,303,299,295,291,286,282,278,274,269,265,261,257,253,248,244,240,236,231,227,223,2011-09-16,16,1,350,9,2011,-4,2010
2011-09-17,346,343,339,336,332,329,326,322,319,315,312,309,305,302,298,295,292,288,285,281,278,274,271,268,264,261,257,254,251,247,2011-09-17,17,1,350,9,2011,-3,2010
2011-09-18,342,339,336,334,331,328,325,323,320,317,314,312,309,306,303,301,298,295,292,290,287,284,281,279,276,273,270,268,265,262,2011-09-18,18,1,345,9,2011,-3,2010
2011-09-19,342,339,336,334,331,328,325,323,320,317,314,312,309,306,303,301,298,295,292,290,287,284,281,279,276,273,270,268,265,262,2011-09-19,19,1,345,9,2011,-3,2010
2011-09-20,341,339,337,334,332,330,327,325,323,320,318,316,313,311,309,306,304,302,299,297,295,292,290,288,285,283,281,278,276,274,2011-09-20,20,1,344,9,2011,-2,2010
2011-09-21,337,334,331,329,326,323,321,318,315,313,310,307,305,302,299,296,294,291,288,286,283,280,278,275,272,270,267,264,262,259,2011-09-21,21,1,339,9,2011,-3,2010
2011-09-22,332,329,326,323,320,317,314,311,307,304,301,298,295,292,289,286,283,280,276,273,270,267,264,261,258,255,252,249,245,242,2011-09-22,22,1,335,9,2011,-3,2010
2011-09-23,330,328,325,323,321,318,316,313,311,309,306,304,301,299,296,294,292,289,287,284,282,279,277,275,272,270,267,265,262,260,2011-09-23,23,1,333,9,2011,-2,2010
2011-09-24,327,325,322,319,316,313,311,308,305,302,300,297,294,291,289,286,283,280,277,275,272,269,266,264,261,258,255,252,250,247,2011-09-24,24,1,330,9,2011,-3,2010
2011-09-25,323,320,317,315,312,309,307,304,301,298,296,293,290,288,285,282,279,277,274,271,269,266,263,260,258,255,252,250,247,244,2011-09-25,25,1,326,9,2011,-3,2010
2011-09-26,319,315,312,309,306,303,299,296,293,290,286,283,280,277,274,270,267,264,261,257,254,251,248,245,241,238,235,232,228,225,2011-09-26,26,1,322,9,2011,-3,2010
2011-09-27,318,315,311,308,305,302,299,295,292,289,286,283,279,276,273,270,267,263,260,257,254,251,247,244,241,238,234,231,228,225,2011-09-27,27,1,321,9,2011,-3,2010
2011-09-28,307,303,299,295,291,287,283,279,275,272,268,264,260,256,252,248,244,240,236,232,228,224,220,216,212,208,204,200,196,192,2011-09-28,28,1,311,9,2011,-4,2010
2011-09-29,304,301,297,293,289,285,281,277,273,269,266,262,258,254,250,246,242,238,235,231,227,223,219,215,211,207,204,200,196,192,2011-09-29,29,1,308,9,2011,-4,2010
2011-09-30,295,291,286,281,277,272,267,262,258,253,248,244,239,234,230,225,220,216,211,206,202,197,192,187,183,178,173,169,164,159,2011-09-30,30,1,300,9,2011,-5,2010
