DateVal,1,2,3,4,5,6,7,8,9,10,11,12,13,14,15,16,17,18,19,20,21,22,23,24,25,26,27,28,29,30,DateVal,Day,Exceedance,Flow,Month,Year,m,c,WaterYear
2017-10-01,200,198,197,195,193,192,190,188,187,185,183,182,180,178,177,175,173,172,170,168,167,165,164,162,160,159,157,155,154,152,2017-10-01,1,1,199,10,2017,-2,210,2017
2017-10-02,192,189,185,182,179,175,172,168,165,162,158,155,152,148,145,141,138,135,131,128,125,121,118,114,111,108,104,101,98,94,2017-10-02,2,1,194,10,2017,-3,212,2017
2017-10-03,188,184,181,177,173,169,165,162,158,154,150,146,142,139,135,131,127,123,120,116,112,108,104,101,97,93,89,85,82,78,2017-10-03,3,1,194,10,2017,-4,211,2017
2017-10-04,186,182,179,175,172,168,165,161,158,154,151,147,144,140,136,133,129,126,122,119,115,112,108,105,101,98,94,91,87,84,2017-10-04,4,1,191,10,2017,-4,207,2017
2017-10-05,188,186,184,182,180,178,176,174,172,170,168,167,165,163,161,159,157,155,153,151,149,147,146,144,142,140,138,136,134,132,2017-10-05,5,1,191,10,2017,-2,199,2017
2017-10-06,184,182,180,178,176,174,172,170,168,166,164,162,160,158,156,154,152,150,147,145,143,141,139,137,135,133,131,129,127,125,2017-10-06,6,1,185,10,2017,-2,197,2017
2017-10-07,181,179,176,174,171,169,166,164,161,159,156,154,151,149,146,144,142,139,137,134,132,129,127,124,122,119,117,114,112,109,2017-10-07,7,1,184,10,2017,-2,196,2017
2017-10-08,178,175,173,170,167,165,162,159,157,154,151,149,146,143,141,138,135,133,130,127,125,122,119,117,114,111,109,106,103,101,2017-10-08,8,1,181,10,2017,-3,194,2017
2017-10-09,177,174,172,170,167,165,162,160,157,155,153,150,148,145,143,140,138,135,133,131,128,126,123,121,118,116,114,111,109,106,2017-10-09,9,1,181,10,2017,-2,191,2017
2017-10-10,177,175,173,172,170,169,167,165,164,162,160,159,157,156,154,152,151,149,147,146,144,142,141,139,138,136,134,133,131,129,2017-10-10,10,1,178,10,2017,-2,187,2017
2017-10-11,175,173,171,170,168,166,165,163,161,159,158,156,154,153,151,149,147,146,144,142,141,139,137,135,134,132,130,129,127,125,2017-10-11,11,1,177,10,2017,-2,185,2017
2017-10-12,175,174,173,171,170,169,168,167,165,164,163,162,161,159,158,157,156,155,154,152,151,150,149,148,146,145,144,143,142,140,2017-10-12,12,1,177,10,2017,-1,182,2017
2017-10-13,181,182,183,183,184,185,185,186,187,187,188,189,189,190,191,191,192,193,193,194,195,195,196,197,197,198,199,199,200,201,2017-10-13,13,1,185,10,2017,1,177,2017
2017-10-14,186,189,191,193,195,197,199,201,203,205,207,210,212,214,216,218,220,222,224,226,228,230,233,235,237,239,241,243,245,247,2017-10-14,14,1,185,10,2017,2,174,2017
2017-10-15,189,191,194,196,199,201,203,206,208,211,213,216,218,221,223,225,228,230,233,235,238,240,243,245,247,250,252,255,257,260,2017-10-15,15,1,185,10,2017,2,174,2017
2017-10-16,188,190,191,193,194,196,198,199,201,203,204,206,208,209,211,212,214,216,217,219,221,222,224,225,227,229,230,232,234,235,2017-10-16,16,1,185,10,2017,2,178,2017
2017-10-17,181,181,180,179,178,177,176,176,175,174,173,172,171,170,170,169,168,167,166,165,165,164,163,162,161,160,160,159,158,157,2017-10-17,17,1,181,10,2017,-1,186,2017
2017-10-18,176,174,172,170,168,166,164,162,160,158,156,154,152,149,147,145,143,141,139,137,135,133,131,129,127,125,123,121,119,117,2017-10-18,18,1,177,10,2017,-2,188,2017
2017-10-19,170,167,163,160,157,154,150,147,144,141,137,134,131,127,124,121,118,114,111,108,105,101,98,95,91,88,85,82,78,75,2017-10-19,19,1,172,10,2017,-3,190,2017
2017-10-20,168,164,161,158,154,151,148,145,141,138,135,132,128,125,122,119,115,112,109,105,102,99,96,92,89,86,83,79,76,73,2017-10-20,20,1,172,10,2017,-3,187,2017
2017-10-21,172,171,170,168,167,166,165,164,162,161,160,159,158,156,155,154,153,152,150,149,148,147,146,144,143,142,141,140,138,137,2017-10-21,21,1,177,10,2017,-1,179,2017
2017-10-22,179,181,182,183,184,185,187,188,189,190,191,193,194,195,196,197,199,200,201,202,203,205,206,207,208,209,211,212,213,214,2017-10-22,22,1,181,10,2017,1,172,2017
2017-10-23,187,190,194,197,200,203,207,210,213,217,220,223,226,230,233,236,239,243,246,249,252,256,259,262,266,269,272,275,279,282,2017-10-23,23,1,185,10,2017,3,168,2017
2017-10-24,194,199,203,207,212,216,221,225,229,234,238,243,247,251,256,260,265,269,273,278,282,287,291,295,300,304,309,313,317,322,2017-10-24,24,1,190,10,2017,4,168,2017
2017-10-25,196,199,203,207,211,214,218,222,226,229,233,237,241,244,248,252,256,259,263,267,271,274,278,282,286,289,293,297,300,304,2017-10-25,25,1,190,10,2017,4,173,2017
2017-10-26,195,197,200,202,205,208,210,213,215,218,220,223,225,228,230,233,235,238,240,243,245,248,251,253,256,258,261,263,266,268,2017-10-26,26,1,190,10,2017,3,180,2017
2017-10-27,193,194,195,196,197,198,199,201,202,203,204,205,206,207,208,210,211,212,213,214,215,216,217,219,220,221,222,223,224,225,2017-10-27,27,1,190,10,2017,1,186,2017
2017-10-28,186,185,184,182,181,180,179,178,177,176,175,173,172,171,170,169,168,167,166,164,163,162,161,160,159,158,156,155,154,153,2017-10-28,28,1,185,10,2017,-1,193,2017
2017-10-29,182,181,179,177,175,173,172,170,168,166,164,162,161,159,157,155,153,151,150,148,146,144,142,140,139,137,135,133,131,129,2017-10-29,29,1,184,10,2017,-2,193,2017
2017-10-30,178,176,173,170,168,165,163,160,157,155,152,150,147,144,142,139,137,134,131,129,126,124,121,118,116,113,111,108,105,103,2017-10-30,30,1,181,10,2017,-3,194,2017
2017-10-31,177,174,172,170,167,165,163,160,158,155,153,151,148,146,143,141,139,136,134,132,129,127,124,122,120,117,115,112,110,108,2017-10-31,31,1,181,10,2017,-2,191,2017
2017-11-01,181,181,180,180,179,179,178,178,177,177,176,176,175,175,174,174,174,173,173,172,172,171,171,170,170,169,169,168,168,167,2017-11-01,1,1,184,11,2017,-0,184,2017
2017-11-02,198,201,205,209,213,217,221,225,228,232,236,240,244,248,251,255,259,263,267,271,274,278,282,286,290,294,298,301,305,309,2017-11-02,2,1,201,11,2017,4,175,2017
2017-11-03,206,212,218,223,229,235,241,246,252,258,264,269,275,281,286,292,298,304,309,315,321,327,332,338,344,349,355,361,367,372,2017-11-03,3,1,199,11,2017,6,172,2017
2017-11-04,212,218,224,230,236,242,248,255,261,267,273,279,285,291,297,303,309,315,321,328,334,340,346,352,358,364,370,376,382,388,2017-11-04,4,1,204,11,2017,6,175,2017
2017-11-05,211,215,219,223,227,231,236,240,244,248,252,256,260,264,269,273,277,281,285,289,293,298,302,306,310,314,318,322,326,331,2017-11-05,5,1,204,11,2017,4,186,2017
2017-11-06,201,201,201,201,201,201,201,201,200,200,200,200,200,200,200,200,200,200,200,200,200,200,200,199,199,199,199,199,199,199,2017-11-06,6,1,199,11,2017,-0,201,2017
2017-11-07,199,199,198,198,197,197,196,196,195,195,194,194,193,193,192,192,191,191,190,190,189,189,188,188,187,187,186,186,185,185,2017-11-07,7,1,199,11,2017,-0,202,2017
2017-11-08,190,187,184,180,177,174,171,168,165,162,159,156,152,149,146,143,140,137,134,131,128,124,121,118,115,112,109,106,103,100,2017-11-08,8,1,191,11,2017,-3,208,2017
2017-11-09,186,183,179,176,172,169,166,162,159,155,152,149,145,142,138,135,131,128,125,121,118,114,111,107,104,101,97,94,90,87,2017-11-09,9,1,191,11,2017,-3,207,2017
2017-11-10,182,178,175,171,167,164,160,157,153,149,146,142,139,135,131,128,124,121,117,113,110,106,103,99,95,92,88,85,81,77,2017-11-10,10,1,185,11,2017,-4,203,2017
2017-11-11,191,190,190,189,189,188,187,187,186,186,185,184,184,183,183,182,182,181,180,180,179,179,178,177,177,176,176,175,174,174,2017-11-11,11,1,199,11,2017,-1,194,2017
2017-11-12,204,207,211,214,218,221,224,228,231,235,238,242,245,248,252,255,259,262,266,269,272,276,279,283,286,289,293,296,300,303,2017-11-12,12,1,204,11,2017,3,183,2017
2017-11-13,212,217,222,227,232,237,242,248,253,258,263,268,273,278,283,288,293,298,303,308,314,319,324,329,334,339,344,349,354,359,2017-11-13,13,1,206,11,2017,5,182,2017
2017-11-14,215,221,226,231,236,241,246,251,256,262,267,272,277,282,287,292,298,303,308,313,318,323,328,334,339,344,349,354,359,364,2017-11-14,14,1,206,11,2017,5,185,2017
2017-11-15,214,216,219,222,225,227,230,233,236,238,241,244,247,249,252,255,258,260,263,266,269,271,274,277,280,282,285,288,291,293,2017-11-15,15,1,211,11,2017,3,197,2017
2017-11-16,216,219,221,224,226,229,232,234,237,239,242,244,247,250,252,255,257,260,262,265,268,270,273,275,278,280,283,286,288,291,2017-11-16,16,1,214,11,2017,3,201,2017
2017-11-17,223,226,230,234,237,241,244,248,252,255,259,263,266,270,273,277,281,284,288,292,295,299,302,306,310,313,317,321,324,328,2017-11-17,17,1,221,11,2017,4,201,2017
2017-11-18,223,226,230,233,236,239,242,245,248,251,254,258,261,264,267,270,273,276,279,282,286,289,292,295,298,301,304,307,311,314,2017-11-18,18,1,217,11,2017,3,205,2017
2017-11-19,218,219,220,221,222,223,224,225,226,227,228,229,230,231,231,232,233,234,235,236,237,238,239,240,241,242,243,244,245,246,2017-11-19,19,1,214,11,2017,1,213,2017
2017-11-20,215,215,214,214,214,213,213,213,212,212,211,211,211,210,210,209,209,209,208,208,208,207,207,206,206,206,205,205,204,204,2017-11-20,20,1,216,11,2017,-0,218,2017
2017-11-21,213,212,211,209,208,207,206,205,203,202,201,200,199,197,196,195,194,193,191,190,189,188,187,185,184,183,182,181,179,178,2017-11-21,21,1,216,11,2017,-1,220,2017
2017-11-22,215,215,215,214,214,214,214,214,213,213,213,213,213,212,212,212,212,212,212,211,211,211,211,211,210,210,210,210,210,209,2017-11-22,22,1,216,11,2017,-0,216,2017
2017-11-23,216,216,217,217,217,217,218,218,218,218,219,219,219,220,220,220,220,221,221,221,221,222,222,222,222,223,223,223,224,224,2017-11-23,23,1,216,11,2017,0,214,2017
2017-11-24,224,226,228,230,232,235,237,239,241,243,245,247,249,252,254,256,258,260,262,264,266,268,271,273,275,277,279,281,283,285,2017-11-24,24,1,226,11,2017,2,211,2017
2017-11-25,234,238,242,246,251,255,259,263,268,272,276,280,285,289,293,297,302,306,310,314,319,323,327,331,336,340,344,348,353,357,2017-11-25,25,1,232,11,2017,4,208,2017
2017-11-26,245,251,257,264,270,276,283,289,295,302,308,314,321,327,333,340,346,352,359,365,371,378,384,390,397,403,410,416,422,429,2017-11-26,26,1,239,11,2017,6,207,2017
2017-11-27,257,265,274,282,290,298,306,315,323,331,339,347,356,364,372,380,388,397,405,413,421,429,438,446,454,462,470,479,487,495,2017-11-27,27,1,250,11,2017,8,208,2017
2017-11-28,264,272,279,287,295,303,310,318,326,334,342,349,357,365,373,380,388,396,404,411,419,427,435,442,450,458,466,474,481,489,2017-11-28,28,1,256,11,2017,8,217,2017
2017-11-29,272,280,288,296,304,312,320,328,336,344,352,360,368,376,384,392,400,408,416,424,432,440,448,456,463,471,479,487,495,503,2017-11-29,29,1,263,11,2017,8,224,2017
2017-11-30,277,284,292,299,306,313,321,328,335,342,350,357,364,371,379,386,393,400,408,415,422,429,437,444,451,458,466,473,480,487,2017-11-30,30,1,269,11,2017,7,234,2017
2017-12-01,282,289,295,302,309,315,322,328,335,341,348,354,361,367,374,380,387,393,400,407,413,420,426,433,439,446,452,459,465,472,2017-12-01,1,1,276,12,2017,7,243,2017
2017-12-02,289,296,303,309,316,323,329,336,343,349,356,363,369,376,383,389,396,403,409,416,423,429,436,443,449,456,463,469,476,483,2017-12-02,2,1,283,12,2017,7,249,2017
2017-12-03,292,297,303,309,314,320,326,331,337,342,348,354,359,365,370,376,382,387,393,398,404,410,415,421,426,432,438,443,449,454,2017-12-03,3,1,284,12,2017,6,258,2017
2017-12-04,298,303,309,314,320,326,331,337,342,348,354,359,365,370,376,381,387,393,398,404,409,415,421,426,432,437,443,448,454,460,2017-12-04,4,1,293,12,2017,6,264,2017
2017-12-05,304,310,316,322,328,333,339,345,351,356,362,368,374,380,385,391,397,403,408,414,420,426,431,437,443,449,455,460,466,472,2017-12-05,5,1,300,12,2017,6,270,2017
2017-12-06,307,312,317,322,327,332,337,342,347,352,357,362,367,372,377,382,387,392,397,402,407,412,417,422,427,432,437,442,447,452,2017-12-06,6,1,300,12,2017,5,277,2017
2017-12-07,314,319,325,330,336,341,347,352,358,363,369,374,380,385,391,396,402,407,413,418,424,429,435,440,446,451,457,462,468,473,2017-12-07,7,1,308,12,2017,6,281,2017
2017-12-08,314,318,322,326,329,333,337,341,345,349,353,357,361,365,369,373,377,381,385,389,393,397,401,404,408,412,416,420,424,428,2017-12-08,8,1,308,12,2017,4,290,2017
2017-12-09,315,318,321,324,327,331,334,337,340,343,346,349,352,356,359,362,365,368,371,374,377,381,384,387,390,393,396,399,402,406,2017-12-09,9,1,311,12,2017,3,296,2017
2017-12-10,319,322,325,329,332,335,338,342,345,348,352,355,358,362,365,368,372,375,378,382,385,388,392,395,398,402,405,408,412,415,2017-12-10,10,1,315,12,2017,3,299,2017
2017-12-11,326,330,334,338,343,347,351,355,359,363,367,371,376,380,384,388,392,396,400,404,408,413,417,421,425,429,433,437,441,446,2017-12-11,11,1,326,12,2017,4,301,2017
2017-12-12,338,344,350,356,363,369,375,382,388,394,401,407,413,419,426,432,438,445,451,457,464,470,476,483,489,495,501,508,514,520,2017-12-12,12,1,333,12,2017,6,300,2017
2017-12-13,347,354,362,369,376,384,391,398,406,413,421,428,435,443,450,457,465,472,479,487,494,502,509,516,524,531,538,546,553,560,2017-12-13,13,1,339,12,2017,7,303,2017
2017-12-14,357,366,374,382,391,399,407,416,424,432,441,449,457,466,474,482,491,499,507,516,524,532,541,549,557,566,574,582,591,599,2017-12-14,14,1,350,12,2017,8,307,2017
2017-12-15,370,380,389,398,408,417,426,436,445,454,464,473,482,492,501,510,520,529,538,548,557,566,576,585,595,604,613,623,632,641,2017-12-15,15,1,364,12,2017,9,314,2017
2017-12-16,391,403,416,428,441,453,465,478,490,503,515,527,540,552,565,577,590,602,614,627,639,652,664,677,689,701,714,726,739,751,2017-12-16,16,1,383,12,2017,12,316,2017
2017-12-17,413,428,444,459,474,490,505,520,536,551,566,582,597,612,628,643,658,674,689,705,720,735,751,766,781,797,812,827,843,858,2017-12-17,17,1,400,12,2017,15,321,2017
2017-12-18,429,445,461,477,493,509,525,541,557,573,589,605,621,637,653,669,685,700,716,732,748,764,780,796,812,828,844,860,876,892,2017-12-18,18,1,412,12,2017,16,334,2017
2017-12-19,440,455,470,484,499,514,528,543,558,572,587,602,616,631,646,660,675,690,705,719,734,749,763,778,793,807,822,837,851,866,2017-12-19,19,1,423,12,2017,15,352,2017
2017-12-20,445,457,469,481,493,505,517,529,541,553,565,577,589,601,613,625,637,649,661,673,685,697,709,721,733,745,757,769,781,793,2017-12-20,20,1,431,12,2017,12,374,2017
2017-12-21,451,462,472,482,492,502,512,522,533,543,553,563,573,583,593,603,614,624,634,644,654,664,674,685,695,705,715,725,735,745,2017-12-21,21,1,441,12,2017,10,391,2017
2017-12-22,461,471,481,491,500,510,520,530,540,550,559,569,579,589,599,609,618,628,638,648,658,668,677,687,697,707,717,727,736,746,2017-12-22,22,1,452,12,2017,10,402,2017
2017-12-23,469,478,488,497,506,516,525,534,544,553,562,572,581,590,599,609,618,627,637,646,655,665,674,683,693,702,711,721,730,739,2017-12-23,23,1,459,12,2017,9,413,2017
2017-12-24,479,489,498,508,517,527,536,546,555,565,575,584,594,603,613,622,632,641,651,661,670,680,689,699,708,718,727,737,747,756,2017-12-24,24,1,470,12,2017,10,422,2017
2017-12-25,487,496,505,515,524,533,542,551,560,570,579,588,597,606,615,625,634,643,652,661,670,679,689,698,707,716,725,734,744,753,2017-12-25,25,1,477,12,2017,9,432,2017
2017-12-26,495,504,513,522,531,540,548,557,566,575,584,593,601,610,619,628,637,646,654,663,672,681,690,699,707,716,725,734,743,752,2017-12-26,26,1,487,12,2017,9,442,2017
2017-12-27,507,517,526,536,545,555,565,574,584,593,603,613,622,632,641,651,661,670,680,689,699,709,718,728,737,747,757,766,776,785,2017-12-27,27,1,498,12,2017,10,449,2017
2017-12-28,516,525,534,544,553,562,572,581,590,600,609,618,628,637,646,656,665,674,684,693,702,712,721,731,740,749,759,768,777,787,2017-12-28,28,1,506,12,2017,9,460,2017
2017-12-29,531,542,553,564,575,585,596,607,618,629,640,651,662,673,684,695,705,716,727,738,749,760,771,782,793,804,815,826,836,847,2017-12-29,29,1,522,12,2017,11,465,2017
2017-12-30,542,553,564,575,586,597,608,619,630,641,652,663,674,685,696,707,718,729,740,752,763,774,785,796,807,818,829,840,851,862,2017-12-30,30,1,530,12,2017,11,476,2017
2017-12-31,548,558,568,577,587,597,607,617,626,636,646,656,666,676,685,695,705,715,725,735,744,754,764,774,784,794,803,813,823,833,2017-12-31,31,1,535,12,2017,10,489,2017
2018-01-01,569,582,594,607,619,632,645,657,670,682,695,708,720,733,746,758,771,783,796,809,821,834,846,859,872,884,897,909,922,935,2018-01-01,1,1,562,1,2018,13,493,2017
2018-01-02,586,600,613,627,641,654,668,682,695,709,723,736,750,764,778,791,805,819,832,846,860,873,887,901,914,928,942,955,969,983,2018-01-02,2,1,575,1,2018,14,504,2017
2018-01-03,596,609,623,636,649,663,676,689,703,716,730,743,756,770,783,796,810,823,836,850,863,877,890,903,917,930,943,957,970,983,2018-01-03,3,1,577,1,2018,13,516,2017
2018-01-04,595,604,614,624,634,644,653,663,673,683,693,702,712,722,732,741,751,761,771,781,790,800,810,820,830,839,849,859,869,879,2018-01-04,4,1,577,1,2018,10,536,2017
2018-01-05,593,598,604,609,615,621,626,632,637,643,648,654,659,665,671,676,682,687,693,698,704,709,715,721,726,732,737,743,748,754,2018-01-05,5,0,589,1,2018,6,559,2017
2018-01-06,605,612,619,626,633,640,647,654,660,667,674,681,688,695,702,709,716,723,730,737,744,751,758,764,771,778,785,792,799,806,2018-01-06,6,0,603,1,2018,7,563,2017
2018-01-07,615,623,631,639,647,656,664,672,680,688,696,705,713,721,729,737,745,753,762,770,778,786,794,802,811,819,827,835,843,851,2018-01-07,7,0,605,1,2018,8,566,2017
2018-01-08,629,640,650,660,670,680,690,701,711,721,731,741,751,762,772,782,792,802,812,823,833,843,853,863,874,884,894,904,914,924,2018-01-08,8,0,620,1,2018,10,568,2017
2018-01-09,639,648,658,668,678,688,697,707,717,727,737,746,756,766,776,786,795,805,815,825,835,844,854,864,874,884,893,903,913,923,2018-01-09,9,0,630,1,2018,10,580,2017
2018-01-10,652,662,673,683,694,704,715,725,736,746,757,767,778,788,799,809,820,830,841,851,862,872,883,893,904,914,925,935,946,956,2018-01-10,10,0,643,1,2018,10,589,2017
2018-01-11,664,676,688,699,711,722,734,745,757,768,780,792,803,815,826,838,849,861,872,884,896,907,919,930,942,953,965,976,988,1000,2018-01-11,11,0,651,1,2018,12,595,2017
2018-01-12,678,690,702,714,726,738,750,762,774,786,797,809,821,833,845,857,869,881,893,905,917,929,940,952,964,976,988,1000,1012,1024,2018-01-12,12,0,669,1,2018,12,607,2017
2018-01-13,704,720,736,751,767,783,798,814,830,845,861,877,892,908,923,939,955,970,986,1002,1017,1033,1049,1064,1080,1096,1111,1127,1142,1158,2018-01-13,13,0,695,1,2018,16,611,2017
2018-01-14,715,730,744,759,774,788,803,818,833,847,862,877,892,906,921,936,951,965,980,995,1009,1024,1039,1054,1068,1083,1098,1113,1127,1142,2018-01-14,14,0,695,1,2018,15,626,2017
2018-01-15,715,727,738,750,761,772,784,795,807,818,830,841,852,864,875,887,898,910,921,933,944,955,967,978,990,1001,1013,1024,1035,1047,2018-01-15,15,0,695,1,2018,11,647,2017
2018-01-16,716,724,732,740,748,756,764,772,780,788,796,804,812,820,827,835,843,851,859,867,875,883,891,899,907,915,923,931,939,947,2018-01-16,16,0,709,1,2018,8,669,2017
2018-01-17,728,736,744,752,760,768,776,784,792,799,807,815,823,831,839,847,855,863,871,879,887,895,903,910,918,926,934,942,950,958,2018-01-17,17,0,728,1,2018,8,681,2017
2018-01-18,743,753,764,774,784,795,805,816,826,837,847,857,868,878,889,899,909,920,930,941,951,962,972,982,993,1003,1014,1024,1035,1045,2018-01-18,18,0,731,1,2018,10,680,2017
2018-01-19,760,773,785,798,811,824,836,849,862,874,887,900,912,925,938,951,963,976,989,1001,1014,1027,1039,1052,1065,1077,1090,1103,1116,1128,2018-01-19,19,0,747,1,2018,13,684,2017
2018-01-20,773,786,798,811,823,836,849,861,874,886,899,911,924,937,949,962,974,987,1000,1012,1025,1037,1050,1062,1075,1088,1100,1113,1125,1138,2018-01-20,20,0,762,1,2018,13,698,2017
2018-01-21,790,804,817,831,844,858,872,885,899,912,926,939,953,967,980,994,1007,1021,1034,1048,1061,1075,1089,1102,1116,1129,1143,1156,1170,1183,2018-01-21,21,0,780,1,2018,14,709,2017
2018-01-22,818,836,853,871,889,907,924,942,960,978,995,1013,1031,1049,1066,1084,1102,1120,1137,1155,1173,1191,1208,1226,1244,1262,1279,1297,1315,1333,2018-01-22,22,0,803,1,2018,18,711,2017
2018-01-23,843,862,882,902,921,941,961,980,1000,1020,1039,1059,1079,1098,1118,1138,1157,1177,1197,1216,1236,1256,1275,1295,1315,1334,1354,1374,1393,1413,2018-01-23,23,0,825,1,2018,20,725,2017
2018-01-24,873,896,919,942,965,988,1011,1034,1056,1079,1102,1125,1148,1171,1194,1217,1239,1262,1285,1308,1331,1354,1377,1400,1422,1445,1468,1491,1514,1537,2018-01-24,24,0,854,1,2018,23,736,2017
2018-01-25,928,959,990,1021,1052,1083,1114,1145,1176,1207,1238,1270,1301,1332,1363,1394,1425,1456,1487,1518,1549,1580,1611,1642,1673,1705,1736,1767,1798,1829,2018-01-25,25,0,910,1,2018,31,741,2017
2018-01-26,905,924,942,961,979,998,1017,1035,1054,1072,1091,1110,1128,1147,1165,1184,1203,1221,1240,1258,1277,1296,1314,1333,1351,1370,1389,1407,1426,1444,2018-01-26,26,0,854,1,2018,19,793,2017
2018-01-27,907,921,934,948,961,974,988,1001,1015,1028,1042,1055,1069,1082,1095,1109,1122,1136,1149,1163,1176,1190,1203,1216,1230,1243,1257,1270,1284,1297,2018-01-27,27,0,892,1,2018,13,827,2017
2018-01-28,969,993,1017,1041,1064,1088,1112,1136,1159,1183,1207,1230,1254,1278,1302,1325,1349,1373,1397,1420,1444,1468,1492,1515,1539,1563,1586,1610,1634,1658,2018-01-28,28,0,981,1,2018,24,827,2017
2018-01-29,970,988,1006,1024,1043,1061,1079,1097,1115,1134,1152,1170,1188,1207,1225,1243,1261,1279,1298,1316,1334,1352,1371,1389,1407,1425,1444,1462,1480,1498,2018-01-29,29,0,938,1,2018,18,860,2017
2018-01-30,984,1006,1027,1048,1070,1091,1112,1134,1155,1176,1197,1219,1240,1261,1283,1304,1325,1347,1368,1389,1411,1432,1453,1475,1496,1517,1538,1560,1581,1602,2018-01-30,30,0,938,1,2018,21,857,2017
2018-01-31,964,972,980,988,996,1004,1012,1020,1028,1036,1044,1052,1060,1068,1076,1084,1092,1099,1107,1115,1123,1131,1139,1147,1155,1163,1171,1179,1187,1195,2018-01-31,31,0,954,1,2018,8,917,2017
2018-02-01,949,947,945,943,941,939,938,936,934,932,930,928,926,924,922,920,918,917,915,913,911,909,907,905,903,901,899,898,896,894,2018-02-01,1,0,964,2,2018,-2,960,2017
2018-02-02,1003,1018,1033,1047,1062,1077,1092,1107,1122,1137,1151,1166,1181,1196,1211,1226,1241,1255,1270,1285,1300,1315,1330,1345,1359,1374,1389,1404,1419,1434,2018-02-02,2,0,999,2,2018,15,914,2017
2018-02-03,1109,1147,1186,1225,1263,1302,1341,1379,1418,1457,1495,1534,1573,1612,1650,1689,1728,1766,1805,1844,1882,1921,1960,1998,2037,2076,2114,2153,2192,2231,2018-02-03,3,0,1109,2,2018,39,876,2017
2018-02-04,1193,1246,1299,1351,1404,1457,1510,1563,1616,1669,1722,1774,1827,1880,1933,1986,2039,2092,2145,2197,2250,2303,2356,2409,2462,2515,2568,2620,2673,2726,2018-02-04,4,0,1146,2,2018,53,875,2017
2018-02-05,1373,1461,1549,1636,1724,1812,1900,1988,2076,2164,2252,2339,2427,2515,2603,2691,2779,2867,2955,3042,3130,3218,3306,3394,3482,3570,3658,3745,3833,3921,2018-02-05,5,0,1329,2,2018,88,846,2017
2018-02-06,1447,1535,1623,1712,1800,1888,1976,2064,2153,2241,2329,2417,2505,2594,2682,2770,2858,2946,3034,3123,3211,3299,3387,3475,3564,3652,3740,3828,3916,4005,2018-02-06,6,0,1329,2,2018,88,918,2017
2018-02-07,1457,1524,1592,1660,1727,1795,1863,1930,1998,2066,2133,2201,2269,2337,2404,2472,2540,2607,2675,2743,2810,2878,2946,3013,3081,3149,3216,3284,3352,3419,2018-02-07,7,0,1355,2,2018,68,1051,2017
2018-02-08,1468,1520,1572,1625,1677,1729,1782,1834,1886,1939,1991,2043,2095,2148,2200,2252,2305,2357,2409,2462,2514,2566,2619,2671,2723,2775,2828,2880,2932,2985,2018-02-08,8,0,1394,2,2018,52,1154,2017
2018-02-09,1481,1516,1551,1586,1621,1656,1691,1726,1761,1796,1831,1866,1901,1936,1971,2006,2041,2076,2111,2146,2181,2216,2251,2286,2321,2357,2392,2427,2462,2497,2018-02-09,9,0,1472,2,2018,35,1271,2017
2018-02-10,1580,1634,1688,1742,1796,1850,1904,1958,2012,2066,2119,2173,2227,2281,2335,2389,2443,2497,2551,2605,2659,2713,2767,2821,2875,2929,2982,3036,3090,3144,2018-02-10,10,0,1541,2,2018,54,1257,2017
2018-02-11,1713,1789,1865,1941,2017,2093,2169,2245,2321,2397,2473,2549,2625,2701,2777,2853,2929,3005,3081,3157,3233,3309,3385,3461,3537,3613,3689,3765,3841,3917,2018-02-11,11,0,1662,2,2018,76,1257,2017
2018-02-12,1887,1990,2093,2197,2300,2403,2506,2610,2713,2816,2919,3023,3126,3229,3333,3436,3539,3642,3746,3849,3952,4055,4159,4262,4365,4469,4572,4675,4778,4882,2018-02-12,12,0,1816,2,2018,103,1267,2017
2018-02-13,2007,2117,2227,2338,2448,2558,2669,2779,2890,3000,3110,3221,3331,3441,3552,3662,3773,3883,3993,4104,4214,4325,4435,4545,4656,4766,4876,4987,5097,5208,2018-02-13,13,0,1886,2,2018,110,1344,2017
2018-02-14,2107,2217,2327,2437,2547,2657,2767,2877,2987,3097,3207,3317,3427,3537,3647,3757,3867,3977,4087,4197,4307,4417,4527,4637,4747,4857,4967,5077,5187,5297,2018-02-14,14,0,1979,2,2018,110,1447,2017
2018-02-15,2247,2362,2478,2593,2709,2824,2940,3055,3171,3286,3402,3517,3633,3748,3863,3979,4094,4210,4325,4441,4556,4672,4787,4903,5018,5134,5249,5365,5480,5596,2018-02-15,15,0,2158,2,2018,115,1554,2017
2018-02-16,2319,2422,2526,2630,2733,2837,2941,3045,3148,3252,3356,3459,3563,3667,3771,3874,3978,4082,4185,4289,4393,4497,4600,4704,4808,4911,5015,5119,5223,5326,2018-02-16,16,0,2198,2,2018,104,1696,2017
2018-02-17,2374,2468,2562,2655,2749,2843,2936,3030,3124,3218,3311,3405,3499,3592,3686,3780,3873,3967,4061,4154,4248,4342,4436,4529,4623,4717,4810,4904,4998,5091,2018-02-17,17,0,2245,2,2018,94,1812,2017
2018-02-18,2361,2426,2491,2555,2620,2685,2749,2814,2878,2943,3008,3072,3137,3201,3266,3331,3395,3460,3524,3589,3654,3718,3783,3847,3912,3977,4041,4106,4171,4235,2018-02-18,18,0,2258,2,2018,65,1974,2017
2018-02-19,2562,2654,2745,2836,2927,3019,3110,3201,3292,3383,3475,3566,3657,3748,3840,3931,4022,4113,4204,4296,4387,4478,4569,4661,4752,4843,4934,5025,5117,5208,2018-02-19,19,0,2584,2,2018,91,2015,2017
2018-02-20,2597,2680,2763,2847,2930,3014,3097,3181,3264,3347,3431,3514,3598,3681,3765,3848,3931,4015,4098,4182,4265,4349,4432,4515,4599,4682,4766,4849,4933,5016,2018-02-20,20,0,2446,2,2018,83,2096,2017
2018-02-21,2573,2632,2691,2750,2809,2867,2926,2985,3044,3103,3162,3221,3280,3339,3398,3457,3516,3575,3634,3693,3752,3811,3870,3929,3988,4047,4106,4165,4224,4283,2018-02-21,21,0,2446,2,2018,59,2219,2017
2018-02-22,2553,2588,2623,2658,2693,2728,2764,2799,2834,2869,2904,2939,2974,3009,3044,3080,3115,3150,3185,3220,3255,3290,3325,3360,3396,3431,3466,3501,3536,3571,2018-02-22,22,0,2503,2,2018,35,2342,2017
2018-02-23,2513,2515,2516,2518,2519,2521,2522,2524,2525,2527,2528,2530,2531,2533,2534,2536,2537,2539,2540,2542,2543,2545,2546,2548,2549,2551,2552,2554,2555,2557,2018-02-23,23,0,2563,2,2018,2,2504,2017
2018-02-24,2645,2690,2734,2778,2822,2866,2910,2954,2998,3043,3087,3131,3175,3219,3263,3307,3351,3395,3440,3484,3528,3572,3616,3660,3704,3748,3792,3837,3881,3925,2018-02-24,24,0,2608,2,2018,44,2381,2017
2018-02-25,2735,2793,2851,2909,2967,3025,3083,3141,3199,3257,3315,3373,3431,3489,3547,3605,3663,3721,3779,3837,3895,3953,4011,4069,4127,4185,4243,4301,4359,4417,2018-02-25,25,0,2684,2,2018,58,2387,2017
2018-02-26,2791,2848,2906,2963,3021,3079,3136,3194,3251,3309,3367,3424,3482,3539,3597,3655,3712,3770,3827,3885,3943,4000,4058,4115,4173,4231,4288,4346,4403,4461,2018-02-26,26,0,2731,2,2018,58,2445,2017
2018-02-27,2869,2932,2995,3058,3121,3184,3247,3310,3373,3436,3499,3562,3624,3687,3750,3813,3876,3939,4002,4065,4128,4191,4254,4317,4380,4443,4506,4569,4632,4694,2018-02-27,27,0,2816,2,2018,63,2492,2017
2018-02-28,2958,3029,3100,3170,3241,3311,3382,3453,3523,3594,3665,3735,3806,3876,3947,4018,4088,4159,4229,4300,4371,4441,4512,4583,4653,4724,4794,4865,4936,5006,2018-02-28,28,0,2894,2,2018,71,2535,2017
2018-03-01,3035,3107,3179,3251,3324,3396,3468,3541,3613,3685,3757,3830,3902,3974,4047,4119,4191,4263,4336,4408,4480,4553,4625,4697,4769,4842,4914,4986,5059,5131,2018-03-01,1,0,2963,3,2018,72,2601,2017
2018-03-02,3106,3179,3253,3326,3399,3473,3546,3619,3693,3766,3839,3913,3986,4059,4133,4206,4279,4353,4426,4500,4573,4646,4720,4793,4866,4940,5013,5086,5160,5233,2018-03-02,2,0,3024,3,2018,73,2666,2017
2018-03-03,3140,3203,3266,3328,3391,3454,3516,3579,3642,3704,3767,3829,3892,3955,4017,4080,4143,4205,4268,4331,4393,4456,4518,4581,4644,4706,4769,4832,4894,4957,2018-03-03,3,0,3065,3,2018,63,2765,2017
2018-03-04,3183,3239,3295,3351,3408,3464,3520,3576,3632,3689,3745,3801,3857,3913,3970,4026,4082,4138,4194,4251,4307,4363,4419,4475,4532,4588,4644,4700,4756,4813,2018-03-04,4,0,3125,3,2018,56,2846,2017
2018-03-05,3239,3294,3350,3405,3460,3515,3571,3626,3681,3737,3792,3847,3902,3958,4013,4068,4124,4179,4234,4289,4345,4400,4455,4510,4566,4621,4676,4732,4787,4842,2018-03-05,5,0,3189,3,2018,55,2907,2017
2018-03-06,3255,3301,3346,3392,3437,3483,3528,3574,3619,3665,3710,3756,3801,3847,3892,3938,3984,4029,4075,4120,4166,4211,4257,4302,4348,4393,4439,4484,4530,4575,2018-03-06,6,0,3189,3,2018,46,2982,2017
2018-03-07,3246,3277,3309,3340,3372,3403,3434,3466,3497,3529,3560,3592,3623,3654,3686,3717,3749,3780,3811,3843,3874,3906,3937,3969,4000,4031,4063,4094,4126,4157,2018-03-07,7,0,3189,3,2018,31,3057,2017
2018-03-08,3203,3212,3222,3232,3242,3251,3261,3271,3281,3290,3300,3310,3320,3329,3339,3349,3359,3368,3378,3388,3398,3407,3417,3427,3437,3446,3456,3466,3476,3485,2018-03-08,8,0,3173,3,2018,10,3144,2017
2018-03-09,3169,3164,3159,3154,3150,3145,3140,3135,3130,3126,3121,3116,3111,3107,3102,3097,3092,3087,3083,3078,3073,3068,3064,3059,3054,3049,3044,3040,3035,3030,2018-03-09,9,0,3173,3,2018,-5,3197,2017
2018-03-10,3178,3177,3175,3173,3172,3170,3169,3167,3166,3164,3162,3161,3159,3158,3156,3154,3153,3151,3150,3148,3146,3145,3143,3142,3140,3138,3137,3135,3134,3132,2018-03-10,10,0,3189,3,2018,-2,3188,2017
2018-03-11,3188,3189,3191,3193,3194,3196,3197,3199,3201,3202,3204,3205,3207,3209,3210,3212,3213,3215,3216,3218,3220,3221,3223,3224,3226,3228,3229,3231,3232,3234,2018-03-11,11,0,3189,3,2018,2,3178,2017
2018-03-12,3223,3235,3246,3257,3268,3280,3291,3302,3314,3325,3336,3347,3359,3370,3381,3392,3404,3415,3426,3438,3449,3460,3471,3483,3494,3505,3516,3528,3539,3550,2018-03-12,12,0,3222,3,2018,11,3156,2017
2018-03-13,3277,3299,3322,3345,3367,3390,3413,3435,3458,3481,3503,3526,3549,3571,3594,3616,3639,3662,3684,3707,3730,3752,3775,3798,3820,3843,3865,3888,3911,3933,2018-03-13,13,0,3270,3,2018,23,3141,2017
2018-03-14,3303,3328,3353,3378,3402,3427,3452,3477,3502,3526,3551,3576,3601,3626,3650,3675,3700,3725,3750,3775,3799,3824,3849,3874,3899,3923,3948,3973,3998,4023,2018-03-14,14,0,3273,3,2018,25,3154,2017
2018-03-15,3323,3348,3372,3397,3422,3447,3471,3496,3521,3546,3570,3595,3620,3645,3669,3694,3719,3744,3768,3793,3818,3843,3867,3892,3917,3942,3966,3991,4016,4041,2018-03-15,15,0,3288,3,2018,25,3174,2017
2018-03-16,3311,3326,3341,3355,3370,3384,3399,3413,3428,3443,3457,3472,3486,3501,3515,3530,3544,3559,3574,3588,3603,3617,3632,3646,3661,3676,3690,3705,3719,3734,2018-03-16,16,0,3286,3,2018,15,3224,2017
2018-03-17,3320,3331,3342,3353,3364,3375,3386,3397,3408,3419,3430,3441,3452,3463,3474,3485,3496,3507,3518,3529,3540,3551,3562,3573,3584,3595,3606,3617,3628,3639,2018-03-17,17,0,3319,3,2018,11,3254,2017
2018-03-18,3349,3365,3381,3397,3413,3429,3445,3462,3478,3494,3510,3526,3542,3558,3574,3590,3606,3623,3639,3655,3671,3687,3703,3719,3735,3751,3767,3783,3800,3816,2018-03-18,18,0,3338,3,2018,16,3252,2017
2018-03-19,3364,3381,3398,3414,3431,3447,3464,3480,3497,3513,3530,3546,3563,3579,3596,3612,3629,3645,3662,3678,3695,3711,3728,3744,3761,3777,3794,3810,3827,3843,2018-03-19,19,0,3344,3,2018,17,3265,2017
2018-03-20,3406,3429,3453,3476,3500,3523,3546,3570,3593,3617,3640,3664,3687,3711,3734,3757,3781,3804,3828,3851,3875,3898,3922,3945,3968,3992,4015,4039,4062,4086,2018-03-20,20,0,3391,3,2018,23,3265,2017
2018-03-21,3441,3467,3493,3519,3545,3571,3597,3623,3649,3675,3701,3727,3753,3779,3805,3831,3857,3883,3909,3935,3961,3987,4013,4039,4065,4091,4117,4143,4169,4195,2018-03-21,21,0,3423,3,2018,26,3285,2017
2018-03-22,3496,3531,3565,3600,3634,3668,3703,3737,3772,3806,3841,3875,3909,3944,3978,4013,4047,4081,4116,4150,4185,4219,4253,4288,4322,4357,4391,4426,4460,4494,2018-03-22,22,0,3471,3,2018,34,3290,2017
2018-03-23,3576,3623,3671,3718,3765,3813,3860,3907,3955,4002,4049,4097,4144,4191,4239,4286,4333,4381,4428,4475,4523,4570,4617,4665,4712,4759,4807,4854,4901,4949,2018-03-23,23,0,3541,3,2018,47,3292,2017
2018-03-24,3631,3681,3731,3781,3831,3881,3931,3980,4030,4080,4130,4180,4230,4280,4330,4380,4430,4480,4530,4580,4630,4680,4730,4779,4829,4879,4929,4979,5029,5079,2018-03-24,24,0,3581,3,2018,50,3331,2017
2018-03-25,3647,3690,3733,3776,3818,3861,3904,3946,3989,4032,4075,4117,4160,4203,4245,4288,4331,4374,4416,4459,4502,4544,4587,4630,4673,4715,4758,4801,4843,4886,2018-03-25,25,0,3581,3,2018,43,3391,2017
2018-03-26,3671,3708,3745,3781,3818,3855,3891,3928,3964,4001,4038,4074,4111,4148,4184,4221,4258,4294,4331,4367,4404,4441,4477,4514,4551,4587,4624,4661,4697,4734,2018-03-26,26,0,3634,3,2018,37,3452,2017
2018-03-27,3666,3690,3714,3737,3761,3785,3809,3833,3857,3881,3905,3929,3953,3976,4000,4024,4048,4072,4096,4120,4144,4168,4191,4215,4239,4263,4287,4311,4335,4359,2018-03-27,27,0,3634,3,2018,24,3522,2017
2018-03-28,3674,3693,3712,3731,3750,3769,3789,3808,3827,3846,3865,3884,3904,3923,3942,3961,3980,4000,4019,4038,4057,4076,4095,4115,4134,4153,4172,4191,4210,4230,2018-03-28,28,0,3650,3,2018,19,3559,2017
2018-03-29,3689,3708,3726,3745,3764,3783,3801,3820,3839,3857,3876,3895,3913,3932,3951,3969,3988,4007,4025,4044,4063,4081,4100,4119,4137,4156,4175,4194,4212,4231,2018-03-29,29,0,3666,3,2018,19,3577,2017
2018-03-30,3699,3714,3729,3744,3758,3773,3788,3803,3818,3832,3847,3862,3877,3891,3906,3921,3936,3950,3965,3980,3995,4009,4024,4039,4054,4068,4083,4098,4113,4127,2018-03-30,30,0,3692,3,2018,15,3611,2017
2018-03-31,3714,3729,3745,3761,3776,3792,3808,3823,3839,3855,3870,3886,3902,3917,3933,3948,3964,3980,3995,4011,4027,4042,4058,4074,4089,4105,4121,4136,4152,4168,2018-03-31,31,0,3692,3,2018,16,3620,2017
2018-04-01,3729,3744,3759,3775,3790,3805,3821,3836,3851,3866,3882,3897,3912,3928,3943,3958,3974,3989,4004,4020,4035,4050,4065,4081,4096,4111,4127,4142,4157,4173,2018-04-01,1,0,3714,4,2018,15,3637,2017
2018-04-02,3731,3743,3755,3767,3779,3791,3802,3814,3826,3838,3850,3862,3874,3886,3897,3909,3921,3933,3945,3957,3969,3981,3992,4004,4016,4028,4040,4052,4064,4076,2018-04-02,2,0,3714,4,2018,12,3660,2017
2018-04-03,3751,3764,3777,3791,3804,3817,3830,3843,3856,3870,3883,3896,3909,3922,3935,3949,3962,3975,3988,4001,4015,4028,4041,4054,4067,4080,4094,4107,4120,4133,2018-04-03,3,0,3746,4,2018,13,3672,2017
2018-04-04,3784,3803,3822,3840,3859,3878,3897,3916,3935,3954,3973,3991,4010,4029,4048,4067,4086,4105,4123,4142,4161,4180,4199,4218,4237,4256,4274,4293,4312,4331,2018-04-04,4,0,3770,4,2018,19,3671,2017
2018-04-05,3819,3842,3865,3888,3912,3935,3958,3981,4004,4028,4051,4074,4097,4120,4143,4167,4190,4213,4236,4259,4283,4306,4329,4352,4375,4398,4422,4445,4468,4491,2018-04-05,5,0,3802,4,2018,23,3680,2017
2018-04-06,3871,3903,3934,3966,3998,4030,4062,4093,4125,4157,4189,4221,4252,4284,4316,4348,4380,4411,4443,4475,4507,4539,4570,4602,4634,4666,4697,4729,4761,4793,2018-04-06,6,0,3845,4,2018,32,3680,2017
2018-04-07,3914,3949,3983,4018,4053,4088,4123,4158,4192,4227,4262,4297,4332,4367,4401,4436,4471,4506,4541,4576,4610,4645,4680,4715,4750,4784,4819,4854,4889,4924,2018-04-07,7,0,3883,4,2018,35,3705,2017
2018-04-08,3965,4005,4045,4085,4124,4164,4204,4244,4284,4323,4363,4403,4443,4483,4523,4562,4602,4642,4682,4722,4761,4801,4841,4881,4921,4960,5000,5040,5080,5120,2018-04-08,8,0,3929,4,2018,40,3726,2017
2018-04-09,4000,4038,4077,4116,4155,4194,4233,4272,4311,4350,4389,4428,4467,4506,4545,4583,4622,4661,4700,4739,4778,4817,4856,4895,4934,4973,5012,5051,5090,5128,2018-04-09,9,0,3955,4,2018,39,3766,2017
2018-04-10,4001,4030,4059,4089,4118,4147,4176,4206,4235,4264,4293,4322,4352,4381,4410,4439,4469,4498,4527,4556,4585,4615,4644,4673,4702,4732,4761,4790,4819,4848,2018-04-10,10,0,3955,4,2018,29,3826,2017
2018-04-11,4019,4045,4070,4095,4120,4146,4171,4196,4221,4247,4272,4297,4322,4348,4373,4398,4423,4449,4474,4499,4524,4550,4575,4600,4625,4651,4676,4701,4726,4752,2018-04-11,11,0,3996,4,2018,25,3868,2017
2018-04-12,4048,4073,4097,4122,4147,4172,4197,4221,4246,4271,4296,4321,4345,4370,4395,4420,4445,4470,4494,4519,4544,4569,4594,4618,4643,4668,4693,4718,4742,4767,2018-04-12,12,0,4032,4,2018,25,3899,2017
2018-04-13,4064,4087,4110,4133,4157,4180,4203,4226,4249,4273,4296,4319,4342,4365,4389,4412,4435,4458,4481,4505,4528,4551,4574,4597,4621,4644,4667,4690,4713,4737,2018-04-13,13,0,4032,4,2018,23,3925,2017
2018-04-14,4067,4086,4105,4124,4143,4163,4182,4201,4220,4239,4258,4277,4296,4316,4335,4354,4373,4392,4411,4430,4449,4469,4488,4507,4526,4545,4564,4583,4602,4622,2018-04-14,14,0,4032,4,2018,19,3952,2017
2018-04-15,4104,4126,4147,4169,4190,4212,4233,4255,4276,4298,4319,4341,4363,4384,4406,4427,4449,4470,4492,4513,4535,4556,4578,4600,4621,4643,4664,4686,4707,4729,2018-04-15,15,0,4104,4,2018,22,3975,2017
2018-04-16,4125,4146,4168,4189,4210,4232,4253,4274,4296,4317,4339,4360,4381,4403,4424,4445,4467,4488,4509,4531,4552,4573,4595,4616,4638,4659,4680,4702,4723,4744,2018-04-16,16,0,4104,4,2018,21,3997,2017
2018-04-17,4153,4177,4202,4227,4252,4276,4301,4326,4350,4375,4400,4425,4449,4474,4499,4524,4548,4573,4598,4622,4647,4672,4697,4721,4746,4771,4795,4820,4845,4870,2018-04-17,17,0,4120,4,2018,25,4004,2017
2018-04-18,4167,4190,4213,4235,4258,4281,4303,4326,4349,4371,4394,4417,4439,4462,4485,4507,4530,4553,4575,4598,4621,4643,4666,4689,4711,4734,4757,4779,4802,4825,2018-04-18,18,0,4137,4,2018,23,4031,2017
2018-04-19,4151,4161,4171,4181,4191,4201,4211,4222,4232,4242,4252,4262,4272,4282,4292,4302,4313,4323,4333,4343,4353,4363,4373,4383,4393,4404,4414,4424,4434,4444,2018-04-19,19,0,4137,4,2018,10,4090,2017
2018-04-20,4245,4276,4308,4339,4370,4402,4433,4465,4496,4528,4559,4591,4622,4654,4685,4717,4748,4780,4811,4842,4874,4905,4937,4968,5000,5031,5063,5094,5126,5157,2018-04-20,20,0,4252,4,2018,31,4056,2017
2018-04-21,4344,4394,4445,4495,4546,4596,4647,4697,4748,4798,4849,4899,4950,5000,5051,5101,5152,5202,5253,5303,5354,5404,5455,5505,5556,5606,5657,5707,5758,5808,2018-04-21,21,0,4315,4,2018,50,4041,2017
2018-04-22,4420,4480,4541,4601,4662,4722,4783,4843,4904,4964,5025,5085,5146,5206,5267,5327,5388,5448,5508,5569,5629,5690,5750,5811,5871,5932,5992,6053,6113,6174,2018-04-22,22,0,4351,4,2018,60,4057,2017
2018-04-23,4464,4523,4582,4641,4700,4759,4818,4876,4935,4994,5053,5112,5171,5230,5288,5347,5406,5465,5524,5583,5642,5701,5759,5818,5877,5936,5995,6054,6113,6172,2018-04-23,23,0,4383,4,2018,59,4111,2017
2018-04-24,4510,4561,4612,4664,4715,4767,4818,4870,4921,4972,5024,5075,5127,5178,5229,5281,5332,5384,5435,5487,5538,5589,5641,5692,5744,5795,5847,5898,5949,6001,2018-04-24,24,0,4476,4,2018,51,4201,2017
2018-04-25,4583,4640,4696,4753,4810,4867,4924,4981,5037,5094,5151,5208,5265,5322,5379,5435,5492,5549,5606,5663,5720,5776,5833,5890,5947,6004,6061,6117,6174,6231,2018-04-25,25,0,4537,4,2018,57,4242,2017
2018-04-26,4659,4723,4786,4850,4914,4978,5041,5105,5169,5233,5296,5360,5424,5488,5551,5615,5679,5743,5806,5870,5934,5998,6061,6125,6189,6253,6316,6380,6444,6508,2018-04-26,26,0,4592,4,2018,64,4276,2017
2018-04-27,4757,4831,4905,4978,5052,5126,5199,5273,5347,5420,5494,5568,5641,5715,5789,5863,5936,6010,6084,6157,6231,6305,6378,6452,6526,6599,6673,6747,6821,6894,2018-04-27,27,0,4693,4,2018,74,4315,2017
2018-04-28,4802,4868,4933,4999,5065,5131,5196,5262,5328,5393,5459,5525,5590,5656,5722,5788,5853,5919,5985,6050,6116,6182,6248,6313,6379,6445,6510,6576,6642,6708,2018-04-28,28,0,4726,4,2018,66,4408,2017
2018-04-29,4824,4879,4934,4989,5044,5099,5154,5209,5264,5319,5374,5429,5484,5539,5594,5649,5704,5759,5814,5869,5924,5979,6034,6090,6145,6200,6255,6310,6365,6420,2018-04-29,29,0,4745,4,2018,55,4494,2017
2018-04-30,4807,4843,4879,4915,4950,4986,5022,5058,5093,5129,5165,5201,5236,5272,5308,5343,5379,5415,5451,5486,5522,5558,5594,5629,5665,5701,5737,5772,5808,5844,2018-04-30,30,0,4745,4,2018,36,4593,2017
2018-05-01,4796,4816,4835,4855,4874,4894,4913,4933,4952,4972,4991,5011,5030,5050,5069,5089,5108,5128,5147,5167,5186,5206,5225,5245,5264,5283,5303,5322,5342,5361,2018-05-01,1,0,4781,5,2018,19,4680,2017
2018-05-02,4799,4814,4828,4843,4857,4872,4886,4901,4915,4930,4944,4959,4973,4988,5003,5017,5032,5046,5061,5075,5090,5104,5119,5133,5148,5162,5177,5191,5206,5220,2018-05-02,2,0,4781,5,2018,15,4712,2017
2018-05-03,4814,4829,4843,4858,4872,4887,4901,4916,4930,4945,4959,4974,4989,5003,5018,5032,5047,5061,5076,5090,5105,5120,5134,5149,5163,5178,5192,5207,5221,5236,2018-05-03,3,0,4800,5,2018,15,4727,2017
2018-05-04,4820,4832,4845,4858,4871,4884,4896,4909,4922,4935,4948,4960,4973,4986,4999,5012,5025,5037,5050,5063,5076,5089,5101,5114,5127,5140,5153,5165,5178,5191,2018-05-04,4,0,4800,5,2018,13,4743,2017
2018-05-05,4863,4883,4902,4921,4940,4959,4979,4998,5017,5036,5055,5075,5094,5113,5132,5151,5171,5190,5209,5228,5247,5267,5286,5305,5324,5343,5363,5382,5401,5420,2018-05-05,5,0,4868,5,2018,19,4748,2017
2018-05-06,4841,4852,4862,4873,4883,4894,4904,4915,4925,4936,4946,4957,4967,4978,4989,4999,5010,5020,5031,5041,5052,5062,5073,5083,5094,5104,5115,5125,5136,5147,2018-05-06,6,0,4800,5,2018,11,4778,2017
2018-05-07,4769,4759,4748,4737,4726,4715,4704,4693,4682,4671,4660,4649,4638,4627,4616,4605,4594,4583,4573,4562,4551,4540,4529,4518,4507,4496,4485,4474,4463,4452,2018-05-07,7,0,4745,5,2018,-11,4835,2017
2018-05-08,4722,4698,4675,4652,4629,4606,4582,4559,4536,4513,4489,4466,4443,4420,4397,4373,4350,4327,4304,4280,4257,4234,4211,4188,4164,4141,4118,4095,4071,4048,2018-05-08,8,0,4745,5,2018,-23,4861,2017
2018-05-09,4649,4608,4568,4527,4487,4446,4406,4366,4325,4285,4244,4204,4163,4123,4082,4042,4002,3961,3921,3880,3840,3799,3759,3718,3678,3638,3597,3557,3516,3476,2018-05-09,9,0,4693,5,2018,-40,4891,2017
2018-05-10,4591,4548,4505,4463,4420,4377,4334,4292,4249,4206,4164,4121,4078,4035,3993,3950,3907,3864,3822,3779,3736,3694,3651,3608,3565,3523,3480,3437,3395,3352,2018-05-10,10,0,4612,5,2018,-43,4847,2017
2018-05-11,4532,4484,4437,4389,4342,4294,4247,4200,4152,4105,4057,4010,3963,3915,3868,3820,3773,3725,3678,3631,3583,3536,3488,3441,3394,3346,3299,3251,3204,3156,2018-05-11,11,0,4574,5,2018,-47,4816,2017
2018-05-12,4472,4418,4365,4311,4258,4204,4151,4097,4044,3990,3937,3884,3830,3777,3723,3670,3616,3563,3509,3456,3402,3349,3295,3242,3188,3135,3081,3028,2974,2921,2018-05-12,12,0,4537,5,2018,-53,4793,2017
2018-05-13,4440,4393,4345,4298,4250,4203,4156,4108,4061,4014,3966,3919,3872,3824,3777,3730,3682,3635,3587,3540,3493,3445,3398,3351,3303,3256,3209,3161,3114,3067,2018-05-13,13,0,4494,5,2018,-47,4724,2017
2018-05-14,4399,4355,4311,4267,4223,4179,4136,4092,4048,4004,3960,3916,3873,3829,3785,3741,3697,3654,3610,3566,3522,3478,3434,3391,3347,3303,3259,3215,3171,3128,2018-05-14,14,0,4433,5,2018,-44,4661,2017
2018-05-15,4340,4292,4244,4196,4148,4100,4052,4004,3956,3908,3859,3811,3763,3715,3667,3619,3571,3523,3475,3427,3378,3330,3282,3234,3186,3138,3090,3042,2994,2946,2018-05-15,15,0,4386,5,2018,-48,4629,2017
2018-05-16,4295,4247,4199,4151,4103,4054,4006,3958,3910,3862,3814,3765,3717,3669,3621,3573,3525,3476,3428,3380,3332,3284,3236,3187,3139,3091,3043,2995,2946,2898,2018-05-16,16,0,4350,5,2018,-48,4584,2017
2018-05-17,4234,4182,4130,4079,4027,3976,3924,3873,3821,3770,3718,3667,3615,3564,3512,3461,3409,3358,3306,3255,3203,3152,3100,3049,2997,2946,2894,2843,2791,2740,2018-05-17,17,0,4278,5,2018,-52,4543,2017
2018-05-18,4139,4077,4016,3954,3892,3830,3768,3706,3644,3582,3521,3459,3397,3335,3273,3211,3149,3087,3026,2964,2902,2840,2778,2716,2654,2592,2531,2469,2407,2345,2018-05-18,18,0,4178,5,2018,-62,4510,2017
2018-05-19,4079,4015,3952,3888,3825,3761,3698,3634,3571,3507,3444,3380,3317,3253,3190,3126,3063,2999,2936,2872,2809,2745,2682,2618,2555,2491,2428,2364,2301,2237,2018-05-19,19,0,4154,5,2018,-63,4460,2017
2018-05-20,4041,3983,3925,3866,3808,3750,3692,3633,3575,3517,3458,3400,3342,3284,3225,3167,3109,3051,2992,2934,2876,2817,2759,2701,2643,2584,2526,2468,2410,2351,2018-05-20,20,0,4120,5,2018,-58,4391,2017
2018-05-21,4051,4012,3973,3934,3895,3856,3817,3778,3739,3700,3661,3622,3583,3544,3505,3466,3427,3388,3349,3310,3271,3232,3193,3154,3115,3076,3037,2998,2959,2920,2018-05-21,21,0,4111,5,2018,-39,4285,2017
2018-05-22,4003,3966,3928,3891,3854,3816,3779,3742,3704,3667,3630,3592,3555,3518,3480,3443,3406,3368,3331,3293,3256,3219,3181,3144,3107,3069,3032,2995,2957,2920,2018-05-22,22,0,4012,5,2018,-37,4227,2017
2018-05-23,3885,3826,3766,3707,3648,3589,3530,3471,3411,3352,3293,3234,3175,3116,3056,2997,2938,2879,2820,2761,2701,2642,2583,2524,2465,2406,2346,2287,2228,2169,2018-05-23,23,0,3912,5,2018,-59,4240,2017
2018-05-24,3741,3658,3574,3491,3407,3323,3240,3156,3073,2989,2906,2822,2739,2655,2572,2488,2405,2321,2238,2154,2070,1987,1903,1820,1736,1653,1569,1486,1402,1319,2018-05-24,24,0,3802,5,2018,-84,4242,2017
2018-05-25,3622,3525,3427,3330,3233,3136,3038,2941,2844,2747,2649,2552,2455,2358,2260,2163,2066,1968,1871,1774,1677,1579,1482,1385,1288,1190,1093,996,899,801,2018-05-25,25,0,3730,5,2018,-97,4206,2017
2018-05-26,3536,3443,3349,3255,3161,3067,2973,2879,2785,2691,2597,2503,2409,2315,2222,2128,2034,1940,1846,1752,1658,1564,1470,1376,1282,1188,1094,1000,907,813,2018-05-26,26,0,3634,5,2018,-94,4100,2017
2018-05-27,3451,3359,3268,3177,3086,2995,2904,2813,2722,2630,2539,2448,2357,2266,2175,2084,1993,1902,1810,1719,1628,1537,1446,1355,1264,1173,1081,990,899,808,2018-05-27,27,0,3541,5,2018,-91,3997,2017
2018-05-28,3341,3246,3152,3057,2962,2867,2772,2677,2582,2488,2393,2298,2203,2108,2013,1918,1823,1729,1634,1539,1444,1349,1254,1159,1065,970,875,780,685,590,2018-05-28,28,0,3423,5,2018,-95,3911,2017
2018-05-29,3239,3141,3043,2945,2846,2748,2650,2551,2453,2355,2257,2158,2060,1962,1863,1765,1667,1568,1470,1372,1274,1175,1077,979,880,782,684,585,487,389,2018-05-29,29,0,3344,5,2018,-98,3829,2017
2018-05-30,3192,3107,3021,2935,2850,2764,2678,2593,2507,2422,2336,2250,2165,2079,1993,1908,1822,1736,1651,1565,1480,1394,1308,1223,1137,1051,966,880,794,709,2018-05-30,30,0,3304,5,2018,-86,3706,2017
2018-05-31,3140,3064,2988,2913,2837,2761,2686,2610,2534,2459,2383,2308,2232,2156,2081,2005,1929,1854,1778,1702,1627,1551,1475,1400,1324,1248,1173,1097,1021,946,2018-05-31,31,0,3222,5,2018,-76,3594,2017
2018-06-01,3068,2996,2924,2853,2781,2709,2637,2565,2494,2422,2350,2278,2206,2135,2063,1991,1919,1847,1776,1704,1632,1560,1488,1417,1345,1273,1201,1129,1057,986,2018-06-01,1,0,3125,6,2018,-72,3499,2017
2018-06-02,3038,2977,2915,2853,2791,2729,2667,2605,2543,2482,2420,2358,2296,2234,2172,2110,2049,1987,1925,1863,1801,1739,1677,1616,1554,1492,1430,1368,1306,1244,2018-06-02,2,0,3125,6,2018,-62,3410,2017
2018-06-03,2983,2922,2862,2801,2740,2679,2619,2558,2497,2437,2376,2315,2255,2194,2133,2073,2012,1951,1891,1830,1769,1709,1648,1587,1527,1466,1405,1345,1284,1223,2018-06-03,3,0,3049,6,2018,-61,3347,2017
2018-06-04,2953,2903,2852,2801,2751,2700,2649,2598,2548,2497,2446,2396,2345,2294,2244,2193,2142,2092,2041,1990,1939,1889,1838,1787,1737,1686,1635,1585,1534,1483,2018-06-04,4,0,3006,6,2018,-51,3257,2017
2018-06-05,2896,2845,2795,2744,2694,2643,2593,2542,2492,2441,2391,2340,2290,2240,2189,2139,2088,2038,1987,1937,1886,1836,1785,1735,1684,1634,1583,1533,1482,1432,2018-06-05,5,0,2932,6,2018,-50,3199,2017
2018-06-06,2799,2734,2669,2604,2539,2474,2409,2344,2279,2214,2149,2084,2019,1954,1889,1824,1759,1694,1629,1564,1499,1434,1369,1304,1239,1174,1109,1044,980,915,2018-06-06,6,0,2859,6,2018,-65,3189,2017
2018-06-07,2735,2670,2606,2541,2477,2412,2347,2283,2218,2153,2089,2024,1959,1895,1830,1765,1701,1636,1572,1507,1442,1378,1313,1248,1184,1119,1054,990,925,860,2018-06-07,7,0,2800,6,2018,-65,3123,2017
2018-06-08,2659,2590,2521,2452,2384,2315,2246,2177,2109,2040,1971,1902,1833,1765,1696,1627,1558,1490,1421,1352,1283,1215,1146,1077,1008,940,871,802,733,665,2018-06-08,8,0,2728,6,2018,-69,3071,2017
2018-06-09,2604,2539,2474,2409,2344,2280,2215,2150,2085,2020,1955,1891,1826,1761,1696,1631,1566,1502,1437,1372,1307,1242,1177,1113,1048,983,918,853,788,724,2018-06-09,9,0,2673,6,2018,-65,2993,2017
2018-06-10,2545,2482,2419,2356,2293,2230,2167,2104,2041,1979,1916,1853,1790,1727,1664,1601,1538,1475,1412,1350,1287,1224,1161,1098,1035,972,909,846,783,720,2018-06-10,10,0,2608,6,2018,-63,2922,2017
2018-06-11,2487,2425,2363,2301,2240,2178,2116,2054,1993,1931,1869,1807,1746,1684,1622,1560,1499,1437,1375,1313,1252,1190,1128,1066,1005,943,881,819,758,696,2018-06-11,11,0,2551,6,2018,-62,2857,2017
2018-06-12,2423,2362,2300,2239,2177,2116,2054,1993,1931,1869,1808,1746,1685,1623,1562,1500,1438,1377,1315,1254,1192,1131,1069,1007,946,884,823,761,700,638,2018-06-12,12,0,2481,6,2018,-62,2793,2017
2018-06-13,2349,2284,2219,2154,2089,2024,1959,1894,1829,1764,1699,1634,1569,1503,1438,1373,1308,1243,1178,1113,1048,983,918,853,788,723,657,592,527,462,2018-06-13,13,0,2411,6,2018,-65,2740,2017
2018-06-14,2269,2200,2131,2061,1992,1923,1854,1785,1715,1646,1577,1508,1439,1369,1300,1231,1162,1093,1023,954,885,816,747,678,608,539,470,401,332,262,2018-06-14,14,0,2332,6,2018,-69,2684,2017
2018-06-15,2217,2151,2085,2019,1953,1888,1822,1756,1690,1624,1558,1493,1427,1361,1295,1229,1163,1098,1032,966,900,834,768,702,637,571,505,439,373,307,2018-06-15,15,0,2297,6,2018,-66,2612,2017
2018-06-16,2177,2118,2060,2001,1943,1884,1825,1767,1708,1649,1591,1532,1473,1415,1356,1297,1239,1180,1121,1063,1004,946,887,828,770,711,652,594,535,476,2018-06-16,16,0,2245,6,2018,-59,2529,2017
2018-06-17,2143,2092,2041,1990,1938,1887,1836,1785,1734,1683,1632,1580,1529,1478,1427,1376,1325,1274,1222,1171,1120,1069,1018,967,916,864,813,762,711,660,2018-06-17,17,0,2198,6,2018,-51,2450,2017
2018-06-18,2112,2068,2023,1978,1934,1889,1844,1800,1755,1711,1666,1621,1577,1532,1488,1443,1398,1354,1309,1265,1220,1175,1131,1086,1041,997,952,908,863,818,2018-06-18,18,0,2158,6,2018,-45,2380,2017
2018-06-19,2071,2027,1983,1939,1895,1851,1807,1763,1719,1675,1631,1586,1542,1498,1454,1410,1366,1322,1278,1234,1190,1146,1102,1058,1014,969,925,881,837,793,2018-06-19,19,0,2120,6,2018,-44,2336,2017
2018-06-20,2041,2000,1960,1920,1880,1840,1800,1760,1720,1679,1639,1599,1559,1519,1479,1439,1399,1358,1318,1278,1238,1198,1158,1118,1078,1037,997,957,917,877,2018-06-20,20,0,2084,6,2018,-40,2281,2017
2018-06-21,1993,1952,1910,1868,1827,1785,1744,1702,1661,1619,1578,1536,1495,1453,1412,1370,1329,1287,1246,1204,1163,1121,1080,1038,997,955,914,872,831,789,2018-06-21,21,0,2028,6,2018,-42,2242,2017
2018-06-22,1938,1893,1848,1803,1758,1713,1668,1623,1578,1533,1488,1443,1398,1353,1308,1262,1217,1172,1127,1082,1037,992,947,902,857,812,767,722,677,632,2018-06-22,22,0,1979,6,2018,-45,2209,2017
2018-06-23,1874,1824,1773,1723,1672,1622,1571,1520,1470,1419,1369,1318,1268,1217,1167,1116,1066,1015,965,914,863,813,762,712,661,611,560,510,459,409,2018-06-23,23,0,1919,6,2018,-51,2177,2017
2018-06-24,1803,1747,1690,1633,1577,1520,1464,1407,1350,1294,1237,1181,1124,1067,1011,954,898,841,784,728,671,614,558,501,445,388,331,275,218,162,2018-06-24,24,0,1855,6,2018,-57,2143,2017
2018-06-25,1786,1739,1692,1645,1598,1551,1504,1457,1410,1363,1316,1269,1222,1175,1128,1081,1034,987,940,893,846,799,752,706,659,612,565,518,471,424,2018-06-25,25,0,1855,6,2018,-47,2068,2017
2018-06-26,1736,1689,1642,1595,1548,1501,1454,1407,1360,1313,1266,1219,1172,1125,1078,1031,984,937,890,843,796,749,702,655,608,561,514,467,419,372,2018-06-26,26,0,1776,6,2018,-47,2018,2017
2018-06-27,1635,1576,1516,1457,1398,1338,1279,1219,1160,1101,1041,982,922,863,804,744,685,625,566,507,447,388,328,269,210,150,91,31,-28,-87,2018-06-27,27,0,1662,6,2018,-59,1992,2017
2018-06-28,1548,1480,1412,1345,1277,1209,1141,1073,1005,937,869,801,734,666,598,530,462,394,326,258,190,123,55,-13,-81,-149,-217,-285,-353,-421,2018-06-28,28,0,1612,6,2018,-68,1956,2017
2018-06-29,1473,1399,1326,1252,1178,1104,1031,957,883,809,735,662,588,514,440,366,293,219,145,71,-2,-76,-150,-224,-298,-371,-445,-519,-593,-666,2018-06-29,29,0,1568,6,2018,-74,1916,2017
2018-06-30,1442,1381,1319,1258,1197,1135,1074,1012,951,889,828,767,705,644,582,521,459,398,336,275,214,152,91,29,-32,-94,-155,-216,-278,-339,2018-06-30,30,0,1516,6,2018,-61,1811,2017
2018-07-01,1423,1375,1328,1280,1232,1185,1137,1089,1042,994,946,899,851,803,756,708,660,613,565,517,470,422,374,327,279,232,184,136,89,41,2018-07-01,1,0,1472,7,2018,-48,1709,2017
2018-07-02,1392,1349,1306,1262,1219,1176,1132,1089,1046,1002,959,916,872,829,786,742,699,656,613,569,526,483,439,396,353,309,266,223,179,136,2018-07-02,2,0,1443,7,2018,-43,1652,2017
2018-07-03,1374,1337,1301,1264,1227,1191,1154,1118,1081,1044,1008,971,934,898,861,824,788,751,714,678,641,605,568,531,495,458,421,385,348,311,2018-07-03,3,0,1421,7,2018,-37,1594,2017
2018-07-04,1361,1332,1303,1273,1244,1215,1185,1156,1127,1097,1068,1039,1009,980,951,921,892,863,833,804,775,745,716,687,657,628,599,569,540,511,2018-07-04,4,0,1394,7,2018,-29,1537,2017
2018-07-05,1332,1304,1276,1248,1219,1191,1163,1135,1106,1078,1050,1022,993,965,937,909,880,852,824,795,767,739,711,682,654,626,598,569,541,513,2018-07-05,5,0,1355,7,2018,-28,1502,2017
2018-07-06,1248,1205,1162,1120,1077,1035,992,949,907,864,822,779,736,694,651,609,566,523,481,438,396,353,310,268,225,183,140,97,55,12,2018-07-06,6,0,1263,7,2018,-43,1503,2017
2018-07-07,1190,1141,1092,1044,995,947,898,849,801,752,704,655,607,558,509,461,412,364,315,266,218,169,121,72,23,-25,-74,-122,-171,-220,2018-07-07,7,0,1243,7,2018,-49,1481,2017
2018-07-08,1159,1114,1068,1023,977,932,887,841,796,750,705,659,614,568,523,477,432,386,341,295,250,204,159,113,68,22,-23,-69,-114,-159,2018-07-08,8,0,1223,7,2018,-45,1432,2017
2018-07-09,1152,1117,1082,1047,1012,977,941,906,871,836,801,766,731,696,661,626,591,556,521,486,451,416,381,345,310,275,240,205,170,135,2018-07-09,9,0,1200,7,2018,-35,1362,2017
2018-07-10,1145,1121,1096,1072,1047,1023,998,974,949,925,900,876,852,827,803,778,754,729,705,680,656,631,607,582,558,534,509,485,460,436,2018-07-10,10,0,1163,7,2018,-24,1292,2017
2018-07-11,1118,1093,1067,1042,1016,991,965,939,914,888,863,837,812,786,760,735,709,684,658,633,607,582,556,530,505,479,454,428,403,377,2018-07-11,11,0,1146,7,2018,-26,1272,2017
2018-07-12,1099,1074,1050,1026,1001,977,952,928,904,879,855,831,806,782,757,733,709,684,660,635,611,587,562,538,514,489,465,440,416,392,2018-07-12,12,0,1128,7,2018,-24,1245,2017
2018-07-13,1077,1053,1030,1006,983,960,936,913,889,866,842,819,795,772,748,725,701,678,654,631,607,584,561,537,514,490,467,443,420,396,2018-07-13,13,0,1100,7,2018,-23,1218,2017
2018-07-14,1050,1027,1003,979,956,932,909,885,862,838,815,791,767,744,720,697,673,650,626,602,579,555,532,508,485,461,438,414,390,367,2018-07-14,14,0,1068,7,2018,-24,1192,2017
2018-07-15,1001,970,939,908,878,847,816,785,755,724,693,662,632,601,570,539,509,478,447,416,386,355,324,293,263,232,201,170,139,109,2018-07-15,15,0,1022,7,2018,-31,1185,2017
2018-07-16,963,929,895,862,828,794,761,727,694,660,626,593,559,526,492,458,425,391,357,324,290,257,223,189,156,122,88,55,21,-12,2018-07-16,16,0,999,7,2018,-34,1164,2017
2018-07-17,934,901,868,835,803,770,737,704,671,639,606,573,540,508,475,442,409,377,344,311,278,246,213,180,147,114,82,49,16,-17,2018-07-17,17,0,971,7,2018,-33,1130,2017
2018-07-18,919,891,863,835,807,779,751,723,695,667,639,612,584,556,528,500,472,444,416,388,360,332,304,276,248,220,193,165,137,109,2018-07-18,18,0,954,7,2018,-28,1086,2017
2018-07-19,904,881,858,834,811,788,764,741,717,694,671,647,624,600,577,554,530,507,483,460,437,413,390,367,343,320,296,273,250,226,2018-07-19,19,0,928,7,2018,-23,1045,2017
2018-07-20,886,864,842,820,798,776,754,732,710,688,666,644,622,600,578,556,534,512,490,468,446,424,402,380,358,336,314,292,270,248,2018-07-20,20,0,910,7,2018,-22,1018,2017
2018-07-21,871,851,831,811,791,771,751,731,711,691,671,651,631,611,591,571,551,531,511,491,471,451,430,410,390,370,350,330,310,290,2018-07-21,21,0,892,7,2018,-20,991,2017
2018-07-22,837,813,790,766,742,719,695,672,648,624,601,577,554,530,506,483,459,436,412,388,365,341,318,294,270,247,223,200,176,152,2018-07-22,22,0,854,7,2018,-24,978,2017
2018-07-23,803,777,751,725,699,672,646,620,594,568,541,515,489,463,437,411,384,358,332,306,280,254,227,201,175,149,123,96,70,44,2018-07-23,23,0,825,7,2018,-26,960,2017
2018-07-24,783,758,733,707,682,657,631,606,580,555,530,504,479,453,428,403,377,352,326,301,276,250,225,200,174,149,123,98,73,47,2018-07-24,24,0,817,7,2018,-25,936,2017
2018-07-25,769,746,723,700,678,655,632,609,587,564,541,518,496,473,450,427,404,382,359,336,313,291,268,245,222,200,177,154,131,109,2018-07-25,25,0,797,7,2018,-23,905,2017
2018-07-26,762,744,727,709,692,674,657,639,622,604,587,569,552,534,516,499,481,464,446,429,411,394,376,359,341,324,306,289,271,253,2018-07-26,26,0,780,7,2018,-18,867,2017
2018-07-27,754,740,725,710,696,681,667,652,637,623,608,594,579,564,550,535,521,506,492,477,462,448,433,419,404,389,375,360,346,331,2018-07-27,27,0,771,7,2018,-15,842,2017
2018-07-28,719,700,680,660,640,620,600,580,561,541,521,501,481,461,441,421,402,382,362,342,322,302,282,263,243,223,203,183,163,143,2018-07-28,28,0,731,7,2018,-20,839,2017
2018-07-29,687,664,641,618,594,571,548,525,502,478,455,432,409,386,362,339,316,293,270,246,223,200,177,154,130,107,84,61,38,14,2018-07-29,29,0,706,7,2018,-23,826,2017
2018-07-30,655,629,603,577,551,524,498,472,446,420,394,367,341,315,289,263,237,211,184,158,132,106,80,54,27,1,-25,-51,-77,-103,2018-07-30,30,0,682,7,2018,-26,812,2017
2018-07-31,636,611,585,560,535,510,485,459,434,409,384,359,333,308,283,258,232,207,182,157,132,106,81,56,31,6,-20,-45,-70,-95,2018-07-31,31,0,669,7,2018,-25,787,2017
2018-08-01,629,609,589,570,550,531,511,491,472,452,432,413,393,373,354,334,315,295,275,256,236,216,197,177,157,138,118,99,79,59,2018-08-01,1,0,651,8,2018,-20,746,2017
2018-08-02,612,594,576,558,539,521,503,484,466,448,430,411,393,375,356,338,320,301,283,265,247,228,210,192,173,155,137,118,100,82,2018-08-02,2,0,630,8,2018,-18,722,2017
2018-08-03,596,578,560,543,525,507,489,472,454,436,418,401,383,365,348,330,312,294,277,259,241,224,206,188,170,153,135,117,100,82,2018-08-03,3,0,613,8,2018,-18,702,2017
2018-08-04,582,565,549,532,515,498,481,464,447,430,413,396,379,362,346,329,312,295,278,261,244,227,210,193,176,159,142,126,109,92,2018-08-04,4,0,603,8,2018,-17,684,2017
2018-08-05,572,557,542,527,512,497,482,467,452,437,422,407,392,377,362,347,332,317,302,287,272,257,242,227,212,197,182,167,152,137,2018-08-05,5,0,589,8,2018,-15,662,2017
2018-08-06,569,558,547,535,524,512,501,489,478,466,455,443,432,420,409,398,386,375,363,352,340,329,317,306,294,283,272,260,249,237,2018-08-06,6,0,584,8,2018,-11,638,2017
2018-08-07,564,555,545,535,526,516,507,497,488,478,468,459,449,440,430,421,411,401,392,382,373,363,354,344,335,325,315,306,296,287,2018-08-07,7,1,575,8,2018,-10,622,2017
2018-08-08,556,547,538,529,520,511,501,492,483,474,465,456,447,438,429,420,410,401,392,383,374,365,356,347,338,329,320,310,301,292,2018-08-08,8,1,565,8,2018,-9,611,2017
2018-08-09,553,546,539,532,524,517,510,503,495,488,481,474,466,459,452,445,438,430,423,416,409,401,394,387,380,372,365,358,351,343,2018-08-09,9,1,562,8,2018,-7,597,2017
2018-08-10,541,532,523,515,506,497,489,480,471,463,454,445,437,428,419,411,402,393,385,376,367,359,350,341,333,324,315,307,298,289,2018-08-10,10,1,547,8,2018,-9,593,2017
2018-08-11,534,526,518,510,501,493,485,477,469,461,453,445,436,428,420,412,404,396,388,379,371,363,355,347,339,331,322,314,306,298,2018-08-11,11,1,543,8,2018,-8,583,2017
2018-08-12,522,514,505,496,487,478,469,460,451,442,433,424,415,406,397,388,379,370,361,352,343,334,325,316,307,298,289,280,271,262,2018-08-12,12,1,530,8,2018,-9,576,2017
2018-08-13,499,485,472,459,446,433,420,407,394,381,368,355,342,329,316,303,290,277,264,251,238,225,212,199,186,173,160,147,134,121,2018-08-13,13,1,506,8,2018,-13,577,2017
2018-08-14,484,471,458,444,431,417,404,390,377,363,350,336,323,310,296,283,269,256,242,229,215,202,188,175,162,148,135,121,108,94,2018-08-14,14,1,498,8,2018,-13,565,2017
2018-08-15,474,461,448,434,421,408,394,381,368,355,341,328,315,302,288,275,262,249,235,222,209,195,182,169,156,142,129,116,103,89,2018-08-15,15,1,492,8,2018,-13,554,2017
2018-08-16,473,463,453,443,433,423,413,403,393,383,373,363,353,343,333,323,313,303,293,283,273,263,253,243,233,223,213,203,193,183,2018-08-16,16,1,487,8,2018,-10,533,2017
2018-08-17,472,465,458,451,444,437,431,424,417,410,403,396,390,383,376,369,362,355,349,342,335,328,321,314,308,301,294,287,280,274,2018-08-17,17,1,477,8,2018,-7,513,2017
2018-08-18,463,456,449,441,434,427,420,412,405,398,391,383,376,369,362,354,347,340,333,325,318,311,304,296,289,282,275,267,260,253,2018-08-18,18,1,470,8,2018,-7,507,2017
2018-08-19,452,443,435,427,418,410,401,393,385,376,368,359,351,343,334,326,317,309,301,292,284,275,267,259,250,242,233,225,217,208,2018-08-19,19,1,459,8,2018,-8,502,2017
2018-08-20,448,441,433,426,418,411,404,396,389,381,374,367,359,352,344,337,330,322,315,307,300,292,285,278,270,263,255,248,241,233,2018-08-20,20,1,459,8,2018,-7,493,2017
2018-08-21,447,442,436,431,425,420,414,408,403,397,392,386,381,375,370,364,358,353,347,342,336,331,325,320,314,308,303,297,292,286,2018-08-21,21,1,455,8,2018,-6,481,2017
2018-08-22,447,443,439,435,431,427,423,419,416,412,408,404,400,396,392,388,384,380,376,372,368,364,360,357,353,349,345,341,337,333,2018-08-22,22,1,452,8,2018,-4,471,2017
2018-08-23,449,447,445,442,440,438,436,434,432,430,428,425,423,421,419,417,415,413,410,408,406,404,402,400,398,396,393,391,389,387,2018-08-23,23,1,452,8,2018,-2,462,2017
2018-08-24,440,436,432,428,424,420,416,412,408,404,400,396,392,388,384,380,376,372,368,364,360,356,352,348,344,340,336,332,328,324,2018-08-24,24,1,441,8,2018,-4,464,2017
2018-08-25,428,422,416,410,404,398,393,387,381,375,369,363,357,351,345,339,333,327,321,315,309,303,297,292,286,280,274,268,262,256,2018-08-25,25,1,431,8,2018,-6,464,2017
2018-08-26,416,408,400,392,384,376,368,361,353,345,337,329,321,313,305,297,289,282,274,266,258,250,242,234,226,218,211,203,195,187,2018-08-26,26,1,423,8,2018,-8,463,2017
2018-08-27,402,392,382,373,363,353,343,333,323,314,304,294,284,274,264,255,245,235,225,215,205,196,186,176,166,156,146,137,127,117,2018-08-27,27,1,412,8,2018,-10,461,2017
2018-08-28,393,384,374,365,356,346,337,327,318,308,299,289,280,270,261,252,242,233,223,214,204,195,185,176,167,157,148,138,129,119,2018-08-28,28,1,403,8,2018,-9,450,2017
2018-08-29,385,376,367,358,349,340,330,321,312,303,294,285,275,266,257,248,239,230,221,211,202,193,184,175,166,157,147,138,129,120,2018-08-29,29,1,395,8,2018,-9,440,2017
2018-08-30,377,369,360,351,342,334,325,316,307,298,290,281,272,263,254,246,237,228,219,210,202,193,184,175,166,158,149,140,131,122,2018-08-30,30,1,387,8,2018,-9,430,2017
2018-08-31,371,363,355,347,339,331,323,315,307,299,291,282,274,266,258,250,242,234,226,218,210,202,194,186,178,170,162,154,146,138,2018-08-31,31,1,379,8,2018,-8,419,2017
2018-09-01,370,363,357,351,345,338,332,326,319,313,307,300,294,288,281,275,269,262,256,250,243,237,231,224,218,212,205,199,193,187,2018-09-01,1,1,379,9,2018,-6,408,2017
2018-09-02,372,368,364,360,356,353,349,345,341,337,333,329,325,321,317,313,309,305,301,298,294,290,286,282,278,274,270,266,262,258,2018-09-02,2,1,379,9,2018,-4,396,2017
2018-09-03,376,375,373,372,370,369,367,365,364,362,361,359,358,356,355,353,352,350,348,347,345,344,342,341,339,338,336,335,333,332,2018-09-03,3,1,379,9,2018,-2,385,2017
2018-09-04,379,379,379,379,379,379,379,379,379,379,379,379,379,379,379,379,379,379,379,379,379,379,379,379,379,379,379,379,379,379,2018-09-04,4,1,379,9,2018,-0,379,2017
2018-09-05,367,364,361,358,354,351,348,345,342,339,336,333,330,326,323,320,317,314,311,308,305,302,299,295,292,289,286,283,280,277,2018-09-05,5,1,364,9,2018,-3,386,2017
2018-09-06,359,354,350,345,340,336,331,326,322,317,312,308,303,299,294,289,285,280,275,271,266,261,257,252,247,243,238,233,229,224,2018-09-06,6,1,364,9,2018,-5,387,2017
2018-09-07,356,351,347,342,337,333,328,323,319,314,309,305,300,295,291,286,281,277,272,267,263,258,253,249,244,239,235,230,226,221,2018-09-07,7,1,364,9,2018,-5,384,2017
2018-09-08,353,349,345,340,336,332,328,323,319,315,311,306,302,298,294,289,285,281,277,272,268,264,260,255,251,247,243,238,234,230,2018-09-08,8,1,358,9,2018,-4,378,2017
2018-09-09,356,355,353,351,350,348,346,344,343,341,339,338,336,334,333,331,329,327,326,324,322,321,319,317,316,314,312,310,309,307,2018-09-09,9,1,358,9,2018,-2,367,2017
2018-09-10,354,353,351,349,347,345,343,341,339,337,336,334,332,330,328,326,324,322,320,319,317,315,313,311,309,307,305,303,301,300,2018-09-10,10,1,357,9,2018,-2,366,2017
2018-09-11,355,353,352,350,349,347,346,345,343,342,340,339,338,336,335,333,332,330,329,328,326,325,323,322,320,319,318,316,315,313,2018-09-11,11,1,357,9,2018,-1,363,2017
2018-09-12,351,349,347,345,344,342,340,338,337,335,333,331,330,328,326,324,322,321,319,317,315,314,312,310,308,307,305,303,301,299,2018-09-12,12,1,350,9,2018,-2,361,2017
2018-09-13,347,345,342,340,337,335,333,330,328,325,323,321,318,316,313,311,308,306,304,301,299,296,294,292,289,287,284,282,279,277,2018-09-13,13,1,350,9,2018,-2,362,2017
2018-09-14,346,344,341,339,337,335,332,330,328,326,323,321,319,317,314,312,310,308,305,303,301,298,296,294,292,289,287,285,283,280,2018-09-14,14,1,350,9,2018,-2,359,2017
2018-09-15,343,340,337,335,332,330,327,325,322,320,317,315,312,309,307,304,302,299,297,294,292,289,287,284,282,279,276,274,271,269,2018-09-15,15,1,345,9,2018,-3,358,2017
2018-09-16,339,336,334,331,328,326,323,321,318,315,313,310,308,305,302,300,297,295,292,289,287,284,282,279,276,274,271,269,266,263,2018-09-16,16,1,339,9,2018,-3,354,2017
2018-09-17,330,326,321,317,312,308,303,299,295,290,286,281,277,273,268,264,259,255,250,246,242,237,233,228,224,220,215,211,206,202,2018-09-17,17,1,333,9,2018,-4,356,2017
2018-09-18,320,314,308,302,296,290,284,279,273,267,261,255,249,243,237,231,225,219,213,207,201,195,189,183,177,171,165,159,153,147,2018-09-18,18,1,326,9,2018,-6,356,2017
2018-09-19,310,302,295,288,280,273,266,259,251,244,237,229,222,215,208,200,193,186,178,171,164,157,149,142,135,127,120,113,106,98,2018-09-19,19,1,315,9,2018,-7,353,2017
2018-09-20,300,292,284,276,268,260,252,244,236,228,220,212,204,196,188,180,172,164,156,148,140,132,124,116,108,100,92,84,76,68,2018-09-20,20,1,308,9,2018,-8,348,2017
2018-09-21,291,283,275,267,258,250,242,233,225,217,209,200,192,184,175,167,159,151,142,134,126,117,109,101,93,84,76,68,59,51,2018-09-21,21,1,300,9,2018,-8,341,2017
2018-09-22,284,276,268,260,252,244,236,228,220,211,203,195,187,179,171,163,155,147,139,131,123,115,107,98,90,82,74,66,58,50,2018-09-22,22,1,293,9,2018,-8,332,2017
2018-09-23,279,271,264,257,249,242,235,228,220,213,206,199,191,184,177,169,162,155,148,140,133,126,118,111,104,97,89,82,75,67,2018-09-23,23,1,286,9,2018,-7,322,2017
2018-09-24,275,268,262,255,249,242,236,229,223,216,210,203,197,190,184,177,171,164,158,151,145,138,132,126,119,113,106,100,93,87,2018-09-24,24,1,283,9,2018,-6,313,2017
2018-09-25,275,271,267,262,258,253,249,244,240,235,231,226,222,218,213,209,204,200,195,191,186,182,177,173,168,164,160,155,151,146,2018-09-25,25,1,283,9,2018,-4,302,2017
2018-09-26,273,269,266,262,258,255,251,247,243,240,236,232,229,225,221,218,214,210,207,203,199,196,192,188,184,181,177,173,170,166,2018-09-26,26,1,276,9,2018,-4,295,2017
2018-09-27,267,263,259,254,250,246,242,238,234,230,225,221,217,213,209,205,200,196,192,188,184,180,176,171,167,163,159,155,151,147,2018-09-27,27,1,269,9,2018,-4,292,2017
2018-09-28,256,249,243,237,231,225,219,213,207,201,195,189,182,176,170,164,158,152,146,140,134,128,121,115,109,103,97,91,85,79,2018-09-28,28,1,259,9,2018,-6,292,2017
2018-09-29,247,240,233,226,219,212,205,198,191,183,176,169,162,155,148,141,134,127,120,113,105,98,91,84,77,70,63,56,49,42,2018-09-29,29,1,256,9,2018,-7,290,2017
2018-09-30,242,236,229,223,216,210,203,197,190,184,177,170,164,157,151,144,138,131,125,118,112,105,99,92,86,79,72,66,59,53,2018-09-30,30,1,250,9,2018,-7,282,2017
