DateVal,1,2,3,4,5,6,7,8,9,10,11,12,13,14,15,16,17,18,19,20,21,22,23,24,25,26,27,28,29,30,DateVal,Day,Exceedance,Flow,Month,Year,m,n,c,WaterYear
1932-10-01,256,256,256,256,256,256,256,256,256,256,256,256,256,256,256,256,256,256,256,256,256,256,256,256,256,256,256,256,256,256,1932-10-01,1,1,256,10,1932,-0,0,256,1932
1932-10-02,246,235,222,205,185,161,134,103,70,32,-8,-52,-100,-150,-205,-262,-323,-387,-455,-526,-601,-679,-760,-844,-933,-1024,-1119,-1217,-1318,-1423,1932-10-02,2,1,252,10,1932,-2,5,252,1932
1932-10-03,256,263,273,286,303,323,347,374,405,439,476,516,560,608,659,713,770,831,896,963,1034,1109,1187,1268,1353,1441,1532,1627,1725,1827,1932-10-03,3,1,252,10,1932,2,-8,263,1932
1932-10-04,243,234,223,208,190,169,145,118,88,55,19,-19,-61,-106,-154,-205,-258,-315,-375,-438,-503,-572,-644,-718,-796,-877,-960,-1047,-1137,-1229,1932-10-04,4,1,249,10,1932,-1,4,249,1932
1932-10-05,241,236,230,224,217,209,200,190,180,170,158,146,133,119,105,90,74,57,40,22,3,-16,-36,-57,-78,-101,-124,-147,-172,-197,1932-10-05,5,1,246,10,1932,-0,-2,255,1932
1932-10-06,245,248,253,261,270,282,297,313,332,352,376,401,428,458,490,525,561,600,641,684,730,777,827,879,934,990,1049,1110,1174,1239,1932-10-06,6,1,244,10,1932,1,-7,255,1932
1932-10-07,246,249,253,259,266,275,285,297,310,325,341,359,378,398,420,444,469,495,523,552,583,615,649,684,721,759,798,839,882,926,1932-10-07,7,1,244,10,1932,1,-4,249,1932
1932-10-08,238,231,223,212,199,184,167,148,127,103,78,50,20,-12,-46,-82,-121,-161,-204,-249,-296,-345,-396,-450,-505,-563,-623,-685,-749,-815,1932-10-08,8,1,242,10,1932,-1,3,242,1932
1932-10-09,236,232,227,222,216,209,202,194,186,177,167,157,146,134,122,109,96,81,67,51,35,19,1,-17,-35,-54,-74,-95,-116,-138,1932-10-09,9,1,239,10,1932,-0,-1,246,1932
1932-10-10,208,180,142,97,43,-20,-92,-172,-260,-357,-463,-577,-700,-831,-971,-1120,-1277,-1443,-1617,-1800,-1992,-2192,-2400,-2618,-2843,-3078,-3321,-3572,-3832,-4101,1932-10-10,10,1,228,10,1932,-4,10,236,1932
1932-10-11,230,243,265,295,333,379,434,497,568,647,735,831,935,1047,1168,1296,1433,1579,1732,1894,2064,2242,2429,2623,2826,3038,3257,3485,3721,3965,1932-10-11,11,1,225,10,1932,4,-24,259,1932
1932-10-12,221,220,221,222,223,226,229,234,239,245,251,259,267,276,286,297,308,321,334,348,363,378,395,412,430,449,469,489,511,533,1932-10-12,12,1,223,10,1932,0,-4,232,1932
1932-10-13,225,229,236,245,257,271,287,305,326,348,374,401,431,463,497,534,573,614,657,703,751,801,854,909,966,1025,1087,1151,1217,1286,1932-10-13,13,1,223,10,1932,1,-6,229,1932
1932-10-14,223,223,223,223,223,223,223,223,223,223,223,223,223,223,223,223,223,223,223,223,223,223,223,223,223,223,223,223,223,223,1932-10-14,14,1,223,10,1932,0,-0,223,1932
1932-10-15,223,223,223,223,223,223,223,223,223,223,223,223,223,223,223,223,223,223,223,223,223,223,223,223,223,223,223,223,223,223,1932-10-15,15,1,223,10,1932,0,-0,223,1932
1932-10-16,223,223,223,223,223,223,223,223,223,223,223,223,223,223,223,223,223,223,223,223,223,223,223,223,223,223,223,223,223,223,1932-10-16,16,1,223,10,1932,0,-0,223,1932
1932-10-17,216,208,199,187,173,156,137,116,92,66,38,7,-26,-62,-100,-140,-182,-228,-275,-325,-377,-431,-488,-547,-609,-673,-739,-808,-879,-952,1932-10-17,17,1,220,10,1932,-1,4,220,1932
1932-10-18,223,227,234,244,256,270,287,306,327,351,377,405,436,469,505,542,583,625,670,718,767,820,874,931,990,1052,1116,1182,1251,1322,1932-10-18,18,1,220,10,1932,1,-6,227,1932
1932-10-19,204,187,166,138,106,67,24,-26,-80,-140,-206,-277,-353,-435,-523,-616,-714,-818,-927,-1042,-1162,-1287,-1419,-1555,-1697,-1845,-1998,-2156,-2320,-2489,1932-10-19,19,1,215,10,1932,-3,8,215,1932
1932-10-20,216,223,234,250,269,293,321,353,389,429,473,522,574,631,692,757,827,900,978,1059,1145,1235,1330,1428,1531,1637,1748,1863,1982,2105,1932-10-20,20,1,213,10,1932,2,-12,230,1932
1932-10-21,215,217,221,227,233,241,250,261,272,285,300,316,333,351,371,392,414,437,462,488,516,545,575,606,639,673,708,745,783,822,1932-10-21,21,1,213,10,1932,1,-3,217,1932
1932-10-22,202,191,175,156,134,107,76,42,4,-38,-83,-133,-186,-243,-304,-369,-437,-510,-586,-666,-749,-837,-928,-1023,-1122,-1225,-1332,-1442,-1556,-1674,1932-10-22,22,1,210,10,1932,-2,6,210,1932
1932-10-23,207,208,211,216,222,231,240,252,265,280,296,315,334,356,379,404,431,460,490,522,555,590,627,666,706,748,792,837,884,933,1932-10-23,23,1,208,10,1932,1,-6,219,1932
1932-10-24,210,214,220,229,239,252,267,283,302,324,347,372,400,429,461,494,530,568,608,651,695,741,790,840,893,948,1005,1064,1125,1188,1932-10-24,24,1,208,10,1932,1,-5,214,1932
1932-10-25,208,208,208,208,208,208,208,208,208,208,208,208,208,208,208,208,208,208,208,208,208,208,208,208,208,208,208,208,208,208,1932-10-25,25,1,208,10,1932,-0,0,208,1932
1932-10-26,200,193,183,170,155,138,118,96,71,43,14,-19,-54,-91,-131,-173,-218,-265,-315,-367,-422,-479,-539,-601,-666,-733,-802,-875,-949,-1026,1932-10-26,26,1,205,10,1932,-1,4,205,1932
1932-10-27,200,198,195,193,191,188,186,184,181,179,177,175,172,170,168,166,164,162,160,157,155,153,151,149,147,145,144,142,140,138,1932-10-27,27,1,203,10,1932,0,-3,210,1932
1932-10-28,205,210,217,227,240,254,272,291,314,338,365,395,427,462,499,538,580,625,671,721,773,827,884,943,1005,1069,1135,1204,1276,1350,1932-10-28,28,1,203,10,1932,1,-6,210,1932
1932-10-29,203,203,203,203,203,203,203,203,203,203,203,203,203,203,203,203,203,203,203,203,203,203,203,203,203,203,203,203,203,203,1932-10-29,29,1,203,10,1932,-0,0,203,1932
1932-10-30,203,203,203,203,203,203,203,203,203,203,203,203,203,203,203,203,203,203,203,203,203,203,203,203,203,203,203,203,203,203,1932-10-30,30,1,203,10,1932,-0,0,203,1932
1932-10-31,203,203,203,203,203,203,203,203,203,203,203,203,203,203,203,203,203,203,203,203,203,203,203,203,203,203,203,203,203,203,1932-10-31,31,1,203,10,1932,-0,0,203,1932
1932-11-01,203,203,203,203,203,203,203,203,203,203,203,203,203,203,203,203,203,203,203,203,203,203,203,203,203,203,203,203,203,203,1932-11-01,1,1,203,11,1932,-0,0,203,1932
1932-11-02,203,203,203,203,203,203,203,203,203,203,203,203,203,203,203,203,203,203,203,203,203,203,203,203,203,203,203,203,203,203,1932-11-02,2,1,203,11,1932,-0,0,203,1932
1932-11-03,203,203,203,203,203,203,203,203,203,203,203,203,203,203,203,203,203,203,203,203,203,203,203,203,203,203,203,203,203,203,1932-11-03,3,1,203,11,1932,-0,0,203,1932
1932-11-04,203,203,203,203,203,203,203,203,203,203,203,203,203,203,203,203,203,203,203,203,203,203,203,203,203,203,203,203,203,203,1932-11-04,4,1,203,11,1932,-0,0,203,1932
1932-11-05,203,203,203,203,203,203,203,203,203,203,203,203,203,203,203,203,203,203,203,203,203,203,203,203,203,203,203,203,203,203,1932-11-05,5,1,203,11,1932,-0,0,203,1932
1932-11-06,203,203,203,203,203,203,203,203,203,203,203,203,203,203,203,203,203,203,203,203,203,203,203,203,203,203,203,203,203,203,1932-11-06,6,1,203,11,1932,-0,0,203,1932
1932-11-07,203,203,203,203,203,203,203,203,203,203,203,203,203,203,203,203,203,203,203,203,203,203,203,203,203,203,203,203,203,203,1932-11-07,7,1,203,11,1932,-0,0,203,1932
1932-11-08,203,203,203,203,203,203,203,203,203,203,203,203,203,203,203,203,203,203,203,203,203,203,203,203,203,203,203,203,203,203,1932-11-08,8,1,203,11,1932,-0,0,203,1932
1932-11-09,203,203,203,203,203,203,203,203,203,203,203,203,203,203,203,203,203,203,203,203,203,203,203,203,203,203,203,203,203,203,1932-11-09,9,1,203,11,1932,-0,0,203,1932
1932-11-10,203,203,203,203,203,203,203,203,203,203,203,203,203,203,203,203,203,203,203,203,203,203,203,203,203,203,203,203,203,203,1932-11-10,10,1,203,11,1932,-0,0,203,1932
1932-11-11,203,203,203,203,203,203,203,203,203,203,203,203,203,203,203,203,203,203,203,203,203,203,203,203,203,203,203,203,203,203,1932-11-11,11,1,203,11,1932,-0,0,203,1932
1932-11-12,203,203,203,203,203,203,203,203,203,203,203,203,203,203,203,203,203,203,203,203,203,203,203,203,203,203,203,203,203,203,1932-11-12,12,1,203,11,1932,-0,0,203,1932
1932-11-13,203,203,203,203,203,203,203,203,203,203,203,203,203,203,203,203,203,203,203,203,203,203,203,203,203,203,203,203,203,203,1932-11-13,13,1,203,11,1932,-0,0,203,1932
1932-11-14,203,203,203,203,203,203,203,203,203,203,203,203,203,203,203,203,203,203,203,203,203,203,203,203,203,203,203,203,203,203,1932-11-14,14,1,203,11,1932,-0,0,203,1932
1932-11-15,217,232,252,277,307,341,381,426,475,530,589,654,723,797,877,961,1050,1144,1243,1347,1456,1570,1689,1813,1942,2076,2214,2358,2507,2660,1932-11-15,15,1,208,11,1932,2,-7,208,1932
1932-11-16,203,193,178,158,133,103,69,29,-15,-65,-119,-179,-243,-313,-387,-466,-551,-640,-734,-833,-937,-1046,-1160,-1279,-1403,-1532,-1666,-1804,-1948,-2097,1932-11-16,16,1,208,11,1932,-2,12,193,1932
1932-11-17,214,220,229,239,252,267,283,302,324,347,372,400,429,461,494,530,568,608,651,695,741,790,840,893,948,1005,1064,1125,1188,1254,1932-11-17,17,1,210,11,1932,1,-3,210,1932
1932-11-18,219,226,235,246,258,272,288,305,324,345,367,391,417,445,474,505,538,572,608,646,685,726,769,814,860,908,957,1009,1062,1116,1932-11-18,18,1,213,11,1932,1,-0,207,1932
1932-11-19,210,202,191,175,156,134,107,76,42,4,-38,-83,-133,-186,-243,-304,-369,-437,-510,-586,-666,-749,-837,-928,-1023,-1122,-1225,-1332,-1442,-1556,1932-11-19,19,1,213,11,1932,-2,10,202,1932
1932-11-20,241,268,305,351,405,469,543,625,716,817,926,1045,1173,1310,1457,1612,1777,1950,2133,2325,2526,2736,2956,3184,3422,3669,3925,4190,4464,4747,1932-11-20,20,1,223,11,1932,5,-14,223,1932
1932-11-21,278,325,384,456,540,636,746,867,1001,1148,1307,1479,1663,1859,2068,2290,2524,2771,3030,3301,3585,3882,4191,4512,4846,5193,5552,5923,6307,6704,1932-11-21,21,1,244,11,1932,6,-10,217,1932
1932-11-22,233,200,149,80,-8,-113,-237,-379,-539,-718,-914,-1129,-1362,-1613,-1882,-2170,-2475,-2799,-3141,-3501,-3879,-4276,-4691,-5123,-5575,-6044,-6531,-7037,-7561,-8103,1932-11-22,22,1,248,11,1932,-9,49,183,1932
1932-11-23,315,379,462,566,690,834,998,1183,1387,1611,1856,2120,2405,2710,3034,3379,3744,4129,4534,4960,5405,5870,6356,6861,7387,7933,8499,9084,9690,10316,1932-11-23,23,1,271,11,1932,10,-27,261,1932
1932-11-24,258,221,163,86,-12,-130,-268,-427,-605,-804,-1023,-1263,-1522,-1802,-2102,-2422,-2762,-3123,-3504,-3905,-4326,-4768,-5229,-5711,-6213,-6736,-7278,-7841,-8424,-9027,1932-11-24,24,1,275,11,1932,-10,54,204,1932
1932-11-25,266,255,238,217,191,160,123,82,36,-15,-71,-132,-198,-268,-344,-425,-510,-601,-696,-797,-902,-1012,-1127,-1248,-1373,-1503,-1638,-1778,-1922,-2072,1932-11-25,25,1,273,11,1932,-2,11,263,1932
1932-11-26,223,175,111,32,-63,-174,-300,-441,-598,-771,-959,-1163,-1382,-1617,-1867,-2133,-2414,-2711,-3024,-3352,-3696,-4055,-4430,-4820,-5226,-5647,-6084,-6536,-7004,-7488,1932-11-26,26,1,256,11,1932,-8,22,261,1932
1932-11-27,295,351,432,537,667,822,1000,1204,1431,1684,1961,2262,2588,2938,3313,3712,4136,4584,5057,5554,6076,6622,7193,7788,8408,9052,9721,10414,11132,11874,1932-11-27,27,1,263,11,1932,12,-54,315,1932
1932-11-28,290,310,334,361,393,430,470,514,563,615,672,733,798,867,940,1017,1099,1184,1274,1367,1465,1567,1673,1783,1898,2016,2138,2265,2396,2531,1932-11-28,28,1,275,11,1932,2,1,253,1932
1932-11-29,299,312,325,339,353,368,383,399,416,432,450,467,485,504,523,543,563,584,605,626,648,671,694,717,741,766,791,816,842,868,1932-11-29,29,1,286,11,1932,0,11,252,1932
1932-11-30,265,232,183,120,41,-53,-162,-286,-425,-579,-748,-933,-1132,-1347,-1576,-1821,-2081,-2356,-2646,-2951,-3271,-3607,-3957,-4323,-4703,-5099,-5510,-5936,-6377,-6833,1932-11-30,30,1,283,11,1932,-8,35,248,1932
1932-12-01,273,267,259,249,239,227,215,201,185,169,151,132,112,91,69,45,20,-6,-33,-62,-91,-122,-154,-188,-222,-258,-295,-333,-372,-413,1932-12-01,1,1,279,12,1932,-1,-1,288,1932
1932-12-02,265,256,245,233,219,203,186,167,146,124,100,75,47,19,-12,-43,-77,-112,-149,-187,-227,-269,-312,-357,-404,-452,-502,-553,-606,-661,1932-12-02,2,1,273,12,1932,-1,-2,286,1932
1932-12-03,279,291,309,333,363,399,441,489,543,603,669,741,819,903,993,1089,1191,1299,1412,1532,1658,1790,1928,2072,2222,2378,2540,2708,2882,3062,1932-12-03,3,1,273,12,1932,3,-15,291,1932
1932-12-04,273,273,273,273,273,273,273,273,273,273,273,273,273,273,273,273,273,273,273,273,273,273,273,273,273,273,273,273,273,273,1932-12-04,4,1,273,12,1932,0,-0,273,1932
1932-12-05,278,283,289,297,307,318,331,346,362,380,399,420,443,467,493,520,549,580,613,647,682,719,758,799,841,884,930,976,1025,1075,1932-12-05,5,1,275,12,1932,1,-2,275,1932
1932-12-06,286,296,309,324,342,363,387,413,443,475,509,547,587,630,676,725,776,830,887,947,1009,1074,1142,1213,1286,1363,1442,1523,1608,1695,1932-12-06,6,1,279,12,1932,1,-3,274,1932
1932-12-07,275,266,253,235,213,187,156,121,82,38,-10,-63,-120,-181,-247,-317,-391,-470,-553,-641,-733,-829,-930,-1035,-1145,-1259,-1377,-1499,-1627,-1758,1932-12-07,7,1,279,12,1932,-2,11,266,1932
1932-12-08,279,279,279,279,279,279,279,279,279,279,279,279,279,279,279,279,279,279,279,279,279,279,279,279,279,279,279,279,279,279,1932-12-08,8,1,279,12,1932,0,-0,279,1932
1932-12-09,302,324,354,392,437,490,551,619,694,777,868,966,1071,1185,1305,1434,1570,1713,1864,2023,2189,2362,2543,2732,2928,3132,3343,3562,3789,4023,1932-12-09,9,1,286,12,1932,4,-11,286,1932
1932-12-10,289,284,275,261,243,221,195,165,130,91,48,1,-51,-106,-166,-230,-299,-371,-448,-529,-614,-704,-797,-895,-997,-1104,-1214,-1329,-1448,-1571,1932-12-10,10,1,290,12,1932,-2,14,267,1932
1932-12-11,303,312,324,338,354,372,393,415,439,466,495,525,558,593,631,670,711,755,800,848,898,950,1004,1060,1118,1179,1241,1306,1372,1441,1932-12-11,11,1,295,12,1932,1,0,285,1932
1932-12-12,327,353,386,426,473,527,588,656,730,812,900,996,1098,1207,1323,1446,1576,1713,1857,2008,2166,2330,2502,2680,2865,3058,3257,3463,3676,3896,1932-12-12,12,1,308,12,1932,3,-5,291,1932
1932-12-13,307,294,272,241,203,155,99,35,-38,-120,-210,-308,-416,-531,-655,-788,-929,-1079,-1238,-1405,-1580,-1764,-1956,-2157,-2367,-2585,-2812,-3047,-3291,-3543,1932-12-13,13,1,311,12,1932,-4,25,274,1932
1932-12-14,319,322,326,329,332,335,338,341,343,346,348,351,353,355,357,359,360,362,363,365,366,367,368,369,370,370,371,371,372,372,1932-12-14,14,1,315,12,1932,-0,4,304,1932
1932-12-15,339,360,386,417,454,497,545,599,658,723,793,869,951,1038,1131,1229,1332,1442,1557,1677,1803,1935,2072,2214,2363,2517,2676,2841,3011,3187,1932-12-15,15,1,324,12,1932,3,-5,313,1932
1932-12-16,335,337,336,332,326,318,307,293,277,258,237,213,186,157,126,91,55,16,-26,-71,-117,-167,-219,-273,-330,-390,-452,-517,-584,-654,1932-12-16,16,1,331,12,1932,-1,13,303,1932
1932-12-17,373,407,451,505,567,640,721,812,912,1021,1140,1268,1405,1552,1708,1874,2048,2232,2426,2629,2841,3062,3293,3533,3782,4041,4309,4587,4873,5169,1932-12-17,17,1,347,12,1932,5,-7,327,1932
1932-12-18,366,368,366,359,348,333,312,288,258,224,186,143,96,44,-13,-74,-140,-210,-284,-364,-447,-536,-629,-726,-828,-934,-1045,-1161,-1281,-1405,1932-12-18,18,1,359,12,1932,-2,23,311,1932
1932-12-19,360,350,333,309,277,238,193,139,79,12,-63,-145,-233,-330,-433,-543,-661,-786,-918,-1057,-1203,-1357,-1517,-1685,-1860,-2043,-2232,-2429,-2632,-2843,1932-12-19,19,1,363,12,1932,-4,22,329,1932
1932-12-20,414,461,521,596,685,788,905,1036,1181,1340,1514,1701,1903,2118,2348,2592,2850,3122,3408,3708,4022,4350,4693,5049,5420,5804,6203,6616,7043,7484,1932-12-20,20,1,381,12,1932,7,-17,368,1932
1932-12-21,363,326,271,197,105,-5,-134,-282,-448,-632,-835,-1056,-1295,-1553,-1829,-2124,-2437,-2769,-3119,-3488,-3875,-4280,-4704,-5146,-5606,-6085,-6583,-7099,-7633,-8186,1932-12-21,21,1,381,12,1932,-9,46,326,1932
1932-12-22,381,381,381,381,381,381,381,381,381,381,381,381,381,381,381,381,381,381,381,381,381,381,381,381,381,381,381,381,381,381,1932-12-22,22,1,381,12,1932,-0,0,381,1932
1932-12-23,397,412,432,457,487,522,563,608,658,713,774,839,910,985,1065,1151,1242,1337,1438,1543,1654,1770,1890,2016,2147,2283,2423,2569,2720,2876,1932-12-23,23,1,387,12,1932,3,-8,387,1932
1932-12-24,387,383,376,366,353,336,317,295,269,241,209,175,137,97,53,6,-43,-96,-152,-211,-273,-338,-406,-477,-551,-628,-708,-792,-878,-967,1932-12-24,24,1,388,12,1932,-2,10,373,1932
1932-12-25,426,462,510,568,638,720,812,916,1031,1158,1296,1445,1606,1777,1961,2155,2361,2578,2807,3047,3298,3560,3834,4119,4416,4723,5043,5373,5715,6068,1932-12-25,25,1,402,12,1932,6,-15,396,1932
1932-12-26,414,412,406,394,378,357,331,299,263,222,176,126,70,9,-57,-127,-203,-283,-369,-459,-555,-655,-760,-870,-985,-1105,-1230,-1360,-1495,-1635,1932-12-26,26,1,410,12,1932,-2,21,370,1932
1932-12-27,445,471,503,541,585,635,691,752,820,894,973,1059,1150,1248,1351,1460,1575,1696,1823,1956,2095,2240,2391,2547,2710,2879,3053,3233,3420,3612,1932-12-27,27,1,424,12,1932,3,-1,399,1932
1932-12-28,424,409,385,351,307,253,190,117,34,-58,-160,-272,-394,-525,-666,-816,-977,-1147,-1326,-1516,-1715,-1924,-2142,-2370,-2608,-2856,-3113,-3380,-3657,-3943,1932-12-28,28,1,429,12,1932,-5,29,386,1932
1932-12-29,502,570,659,769,900,1052,1226,1421,1636,1873,2131,2410,2710,3032,3374,3738,4122,4528,4955,5403,5872,6362,6873,7406,7959,8534,9130,9746,10384,11043,1932-12-29,29,1,455,12,1932,11,-27,441,1932
1932-12-30,429,378,301,198,69,-85,-265,-471,-702,-960,-1243,-1551,-1886,-2246,-2631,-3043,-3480,-3943,-4432,-4946,-5486,-6052,-6643,-7261,-7904,-8572,-9267,-9987,-10733,-11504,1932-12-30,30,1,455,12,1932,-13,64,378,1932
1932-12-31,487,520,563,617,682,757,844,941,1049,1168,1297,1438,1589,1751,1924,2107,2302,2507,2723,2950,3187,3436,3695,3965,4246,4538,4840,5153,5477,5812,1932-12-31,31,1,466,12,1932,5,-16,466,1932
1933-01-01,466,456,439,415,383,345,300,248,189,122,49,-31,-118,-212,-314,-422,-537,-659,-789,-925,-1068,-1218,-1375,-1540,-1711,-1889,-2074,-2267,-2466,-2672,1933-01-01,1,1,469,1,1933,-4,21,437,1932
1933-01-02,478,482,487,491,496,501,507,512,518,524,530,536,543,550,557,564,571,578,586,594,602,610,619,627,636,645,655,664,674,683,1933-01-02,2,1,473,1,1933,0,4,462,1932
1933-01-03,506,535,571,616,669,731,800,878,964,1058,1160,1271,1390,1517,1652,1795,1946,2106,2274,2450,2634,2827,3027,3236,3453,3678,3912,4153,4403,4661,1933-01-03,3,1,486,1,1933,4,-8,474,1932
1933-01-04,492,485,473,455,430,400,363,320,271,216,155,88,14,-65,-151,-243,-340,-444,-554,-671,-793,-921,-1056,-1196,-1343,-1496,-1655,-1820,-1991,-2169,1933-01-04,4,1,492,1,1933,-3,21,455,1932
1933-01-05,555,613,687,779,887,1013,1156,1316,1493,1687,1899,2127,2372,2635,2915,3212,3525,3856,4205,4570,4952,5351,5768,6202,6652,7120,7605,8107,8626,9163,1933-01-05,5,1,515,1,1933,9,-20,497,1932
1933-01-06,465,392,286,149,-21,-222,-456,-722,-1020,-1351,-1713,-2107,-2534,-2993,-3484,-4007,-4562,-5149,-5768,-6420,-7104,-7819,-8567,-9347,-10159,-11004,-11880,-12789,-13729,-14702,1933-01-06,6,1,506,1,1933,-16,71,436,1932
1933-01-07,619,742,908,1118,1372,1670,2012,2397,2827,3300,3817,4377,4982,5630,6323,7059,7838,8662,9530,10441,11396,12395,13438,14524,15655,16829,18047,19309,20615,21964,1933-01-07,7,1,541,1,1933,22,-75,568,1932
1933-01-08,639,702,774,856,947,1048,1158,1278,1407,1545,1693,1850,2016,2192,2378,2572,2776,2990,3213,3445,3687,3938,4199,4469,4748,5037,5335,5643,5959,6286,1933-01-08,8,0,585,1,1933,5,21,480,1932
1933-01-09,468,306,75,-224,-592,-1028,-1533,-2107,-2750,-3461,-4241,-5090,-6007,-6993,-8048,-9171,-10363,-11624,-12954,-14352,-15819,-17354,-18958,-20631,-22373,-24183,-26062,-28010,-30026,-32111,1933-01-09,9,1,561,1,1933,-34,147,428,1932
1933-01-10,620,704,825,981,1174,1403,1668,1969,2306,2680,3089,3535,4017,4536,5090,5681,6307,6970,7669,8405,9176,9984,10828,11708,12624,13576,14565,15590,16650,17747,1933-01-10,10,1,572,1,1933,18,-79,646,1932
1933-01-11,667,751,858,989,1144,1323,1525,1752,2002,2276,2575,2896,3242,3612,4005,4423,4864,5329,5818,6331,6867,7428,8012,8621,9253,9909,10588,11292,12020,12771,1933-01-11,11,0,608,1,1933,12,-24,573,1932
1933-01-12,532,421,260,51,-208,-515,-871,-1277,-1731,-2235,-2787,-3389,-4040,-4739,-5488,-6285,-7132,-8027,-8972,-9966,-11008,-12100,-13241,-14430,-15669,-16957,-18294,-19679,-21114,-22598,1933-01-12,12,0,595,1,1933,-25,109,488,1932
1933-01-13,570,560,550,541,532,525,519,513,508,505,502,499,498,498,498,500,502,505,509,513,519,526,533,541,550,560,571,583,596,609,1933-01-13,13,1,582,1,1933,0,-15,622,1932
1933-01-14,652,735,849,995,1173,1382,1623,1896,2200,2536,2904,3303,3735,4197,4692,5218,5776,6366,6987,7640,8325,9041,9790,10569,11381,12224,13099,14006,14944,15914,1933-01-14,14,0,601,1,1933,16,-60,639,1932
1933-01-15,589,557,508,442,359,259,142,8,-142,-310,-495,-697,-916,-1152,-1405,-1675,-1962,-2266,-2587,-2925,-3280,-3652,-4041,-4447,-4870,-5310,-5767,-6241,-6732,-7240,1933-01-15,15,0,603,1,1933,-9,45,546,1932
1933-01-16,664,723,800,897,1012,1145,1298,1470,1660,1869,2097,2344,2610,2894,3197,3519,3860,4220,4598,4996,5412,5847,6300,6773,7264,7775,8304,8852,9418,10004,1933-01-16,16,0,624,1,1933,9,-26,618,1932
1933-01-17,722,799,894,1007,1140,1291,1460,1648,1854,2079,2323,2585,2865,3164,3482,3818,4173,4546,4938,5349,5778,6225,6691,7176,7679,8201,8741,9300,9877,10473,1933-01-17,17,0,664,1,1933,9,-7,601,1932
1933-01-18,733,763,790,814,834,851,865,876,883,887,888,886,881,873,861,846,828,807,782,754,723,689,652,611,568,521,471,417,361,301,1933-01-18,18,0,700,1,1933,-2,44,582,1932
1933-01-19,744,751,748,735,713,680,639,587,525,454,373,282,181,71,-50,-180,-319,-469,-629,-798,-977,-1166,-1364,-1572,-1791,-2018,-2256,-2504,-2761,-3028,1933-01-19,19,0,727,1,1933,-5,51,618,1932
1933-01-20,700,647,568,461,329,170,-16,-228,-467,-733,-1025,-1343,-1688,-2059,-2457,-2882,-3333,-3811,-4315,-4846,-5403,-5987,-6597,-7234,-7897,-8587,-9304,-10047,-10816,-11612,1933-01-20,20,0,727,1,1933,-13,66,647,1932
1933-01-21,778,829,897,983,1085,1204,1341,1494,1665,1853,2057,2279,2518,2774,3047,3337,3644,3968,4309,4667,5042,5435,5844,6271,6714,7175,7652,8147,8659,9187,1933-01-21,21,0,744,1,1933,9,-26,744,1932
1933-01-22,727,693,642,573,488,386,266,130,-24,-194,-382,-587,-808,-1047,-1303,-1576,-1866,-2173,-2497,-2838,-3196,-3572,-3964,-4373,-4800,-5243,-5704,-6182,-6676,-7188,1933-01-22,22,0,744,1,1933,-9,43,693,1932
1933-01-23,702,661,606,537,454,357,246,122,-16,-168,-334,-514,-707,-915,-1136,-1371,-1619,-1882,-2158,-2449,-2753,-3071,-3402,-3748,-4107,-4480,-4867,-5268,-5683,-6111,1933-01-23,23,0,730,1,1933,-7,21,730,1932
1933-01-24,734,752,781,820,869,930,1000,1082,1174,1276,1390,1513,1648,1793,1948,2114,2291,2478,2676,2884,3103,3333,3573,3824,4085,4357,4640,4933,5236,5551,1933-01-24,24,0,727,1,1933,5,-30,768,1932
1933-01-25,699,675,643,605,559,507,447,380,307,226,138,43,-59,-168,-284,-407,-538,-675,-819,-970,-1129,-1294,-1467,-1646,-1833,-2027,-2227,-2435,-2650,-2872,1933-01-25,25,0,717,1,1933,-4,7,726,1932
1933-01-26,635,565,474,363,232,80,-91,-283,-494,-726,-978,-1251,-1543,-1855,-2188,-2541,-2914,-3307,-3720,-4153,-4607,-5080,-5574,-6088,-6622,-7176,-7751,-8345,-8960,-9595,1933-01-26,26,0,686,1,1933,-10,20,717,1932
1933-01-27,759,863,1011,1203,1441,1723,2049,2420,2836,3297,3802,4351,4946,5585,6268,6997,7769,8587,9449,10356,11307,12303,13344,14429,15559,16733,17952,19216,20525,21878,1933-01-27,27,0,700,1,1933,22,-97,792,1932
1933-01-28,686,658,615,558,487,402,303,189,62,-80,-236,-407,-591,-790,-1003,-1230,-1471,-1726,-1996,-2280,-2578,-2890,-3216,-3557,-3912,-4281,-4664,-5061,-5473,-5898,1933-01-28,28,0,700,1,1933,-7,35,658,1932
1933-01-29,700,700,700,700,700,700,700,700,700,700,700,700,700,700,700,700,700,700,700,700,700,700,700,700,700,700,700,700,700,700,1933-01-29,29,0,700,1,1933,-0,0,700,1932
1933-01-30,717,734,757,786,820,860,905,957,1014,1077,1145,1219,1299,1384,1476,1572,1675,1783,1897,2017,2143,2274,2410,2553,2701,2855,3015,3180,3351,3528,1933-01-30,30,0,706,1,1933,3,-9,706,1932
1933-01-31,763,814,880,961,1058,1170,1296,1438,1595,1768,1955,2157,2375,2608,2855,3118,3397,3690,3998,4322,4660,5014,5383,5767,6166,6581,7010,7455,7914,8389,1933-01-31,31,0,727,1,1933,8,-17,710,1932
1933-02-01,706,664,602,518,414,289,143,-23,-211,-419,-648,-898,-1169,-1461,-1773,-2107,-2461,-2836,-3232,-3649,-4086,-4544,-5024,-5524,-6045,-6586,-7149,-7732,-8336,-8962,1933-02-01,1,0,727,2,1933,-10,52,664,1932
1933-02-02,727,727,727,727,727,727,727,727,727,727,727,727,727,727,727,727,727,727,727,727,727,727,727,727,727,727,727,727,727,727,1933-02-02,2,0,727,2,1933,-0,0,727,1932
1933-02-03,727,727,727,727,727,727,727,727,727,727,727,727,727,727,727,727,727,727,727,727,727,727,727,727,727,727,727,727,727,727,1933-02-03,3,0,727,2,1933,-0,0,727,1932
1933-02-04,737,746,759,775,795,817,843,872,905,940,979,1021,1067,1115,1167,1222,1280,1342,1407,1475,1546,1620,1698,1779,1863,1951,2041,2135,2232,2333,1933-02-04,4,0,730,2,1933,2,-5,730,1932
1933-02-05,768,803,849,905,972,1049,1137,1235,1344,1464,1594,1735,1887,2049,2221,2404,2598,2802,3017,3243,3479,3725,3983,4250,4529,4818,5117,5427,5748,6079,1933-02-05,5,0,744,2,1933,5,-13,734,1932
1933-02-06,755,752,743,729,709,683,652,615,573,525,471,412,347,277,201,119,32,-61,-160,-264,-374,-489,-610,-737,-869,-1007,-1151,-1300,-1455,-1615,1933-02-06,6,0,752,2,1933,-3,22,711,1932
1933-02-07,788,816,851,892,939,993,1054,1121,1195,1276,1363,1456,1556,1663,1776,1896,2022,2155,2295,2441,2594,2753,2919,3091,3270,3455,3647,3846,4051,4263,1933-02-07,7,0,767,2,1933,3,-2,742,1932
1933-02-08,752,723,678,619,545,457,353,235,102,-45,-208,-385,-577,-784,-1005,-1241,-1492,-1758,-2039,-2334,-2644,-2969,-3309,-3663,-4032,-4416,-4815,-5228,-5657,-6100,1933-02-08,8,0,767,2,1933,-7,37,723,1932
1933-02-09,767,767,767,767,767,767,767,767,767,767,767,767,767,767,767,767,767,767,767,767,767,767,767,767,767,767,767,767,767,767,1933-02-09,9,0,767,2,1933,0,-0,767,1932
1933-02-10,767,767,767,767,767,767,767,767,767,767,767,767,767,767,767,767,767,767,767,767,767,767,767,767,767,767,767,767,767,767,1933-02-10,10,0,767,2,1933,0,-0,767,1932
1933-02-11,790,813,844,882,928,982,1044,1113,1190,1275,1367,1467,1575,1690,1813,1944,2082,2229,2382,2544,2713,2890,3075,3267,3467,3675,3890,4113,4344,4583,1933-02-11,11,0,775,2,1933,4,-12,775,1932
1933-02-12,805,828,856,889,927,970,1018,1072,1130,1193,1262,1335,1414,1497,1586,1680,1778,1882,1991,2105,2224,2348,2477,2612,2751,2895,3045,3199,3359,3523,1933-02-12,12,0,787,2,1933,3,0,764,1932
1933-02-13,775,749,711,660,596,519,430,328,213,86,-55,-208,-373,-552,-743,-947,-1164,-1394,-1636,-1891,-2159,-2440,-2733,-3039,-3358,-3690,-4034,-4391,-4761,-5144,1933-02-13,13,0,787,2,1933,-6,32,749,1932
1933-02-14,787,787,787,787,787,787,787,787,787,787,787,787,787,787,787,787,787,787,787,787,787,787,787,787,787,787,787,787,787,787,1933-02-14,14,0,787,2,1933,0,-0,787,1932
1933-02-15,798,808,822,840,861,886,914,946,981,1020,1062,1108,1157,1210,1266,1326,1389,1456,1526,1600,1678,1759,1843,1931,2023,2118,2216,2318,2424,2533,1933-02-15,15,0,791,2,1933,2,-5,791,1932
1933-02-16,864,934,1026,1139,1275,1433,1613,1815,2040,2286,2554,2845,3157,3492,3848,4227,4628,5050,5495,5962,6451,6962,7495,8050,8628,9227,9848,10492,11157,11845,1933-02-16,16,0,816,2,1933,11,-30,806,1932
1933-02-17,842,842,833,816,791,756,714,662,603,534,457,372,278,176,65,-55,-183,-320,-465,-619,-781,-952,-1131,-1319,-1515,-1720,-1934,-2156,-2386,-2626,1933-02-17,17,0,833,2,1933,-4,38,757,1932
1933-02-18,841,831,812,784,747,701,646,582,509,427,337,237,128,10,-117,-253,-398,-551,-714,-886,-1067,-1257,-1455,-1663,-1880,-2106,-2341,-2584,-2837,-3099,1933-02-18,18,0,841,2,1933,-4,31,790,1932
1933-02-19,866,882,902,924,949,977,1007,1040,1077,1115,1157,1202,1249,1299,1352,1408,1467,1528,1592,1659,1729,1802,1877,1956,2037,2121,2207,2297,2389,2484,1933-02-19,19,0,852,2,1933,1,4,828,1932
1933-02-20,871,879,887,893,898,902,906,909,910,911,911,909,907,904,900,896,890,883,875,867,857,847,836,823,810,796,781,765,748,730,1933-02-20,20,0,862,2,1933,-0,12,830,1932
1933-02-21,881,890,898,906,914,921,928,935,941,947,952,957,962,966,970,974,977,980,982,984,986,987,988,988,988,988,988,987,985,983,1933-02-21,21,0,872,2,1933,-0,11,842,1932
1933-02-22,944,1007,1087,1185,1301,1435,1586,1755,1942,2146,2369,2608,2866,3141,3434,3745,4074,4420,4784,5165,5565,5982,6416,6869,7339,7827,8333,8856,9397,9956,1933-02-22,22,0,899,2,1933,9,-17,870,1932
1933-02-23,892,858,804,729,634,518,382,225,48,-150,-368,-606,-865,-1144,-1444,-1764,-2105,-2466,-2847,-3249,-3671,-4114,-4577,-5061,-5565,-6090,-6635,-7200,-7786,-8392,1933-02-23,23,0,906,2,1933,-10,58,824,1932
1933-02-24,929,945,964,986,1011,1039,1071,1105,1143,1183,1227,1273,1323,1376,1431,1490,1552,1617,1685,1756,1830,1907,1988,2071,2157,2247,2339,2435,2533,2635,1933-02-24,24,0,916,2,1933,2,2,895,1932
1933-02-25,906,886,856,817,767,708,639,560,470,371,263,144,15,-124,-272,-430,-599,-777,-965,-1163,-1371,-1589,-1816,-2054,-2301,-2559,-2826,-3103,-3390,-3687,1933-02-25,25,0,916,2,1933,-5,25,886,1932
1933-02-26,935,955,981,1013,1052,1097,1149,1207,1272,1343,1421,1505,1596,1693,1797,1907,2023,2146,2276,2412,2554,2703,2859,3021,3189,3364,3545,3733,3927,4128,1933-02-26,26,0,922,2,1933,3,-10,922,1932
1933-02-27,952,975,1004,1038,1078,1124,1175,1232,1294,1362,1435,1514,1599,1689,1785,1886,1993,2106,2224,2347,2477,2611,2752,2898,3049,3206,3369,3537,3711,3891,1933-02-27,27,0,934,2,1933,3,-2,915,1932
1933-02-28,986,1025,1074,1131,1198,1274,1359,1453,1556,1668,1790,1920,2060,2208,2366,2533,2709,2894,3088,3292,3504,3726,3956,4196,4445,4703,4970,5246,5532,5826,1933-02-28,28,0,956,2,1933,5,-2,919,1932
1933-03-01,934,892,829,744,638,511,363,194,3,-209,-441,-695,-970,-1267,-1584,-1923,-2283,-2664,-3066,-3489,-3934,-4399,-4886,-5394,-5923,-6473,-7045,-7637,-8251,-8886,1933-03-01,1,0,956,3,1933,-11,53,892,1932
1933-03-02,972,988,1009,1036,1068,1105,1148,1196,1250,1308,1373,1442,1517,1597,1683,1774,1870,1972,2079,2191,2308,2431,2560,2694,2833,2977,3127,3282,3442,3608,1933-03-02,2,0,961,3,1933,3,-8,961,1932
1933-03-03,1015,1063,1126,1203,1295,1401,1521,1656,1805,1968,2146,2339,2545,2766,3001,3251,3515,3794,4087,4394,4715,5051,5402,5766,6146,6539,6947,7369,7806,8257,1933-03-03,3,0,981,3,1933,7,-16,965,1932
1933-03-04,1004,1007,1004,997,983,964,940,910,875,834,788,736,678,615,547,473,393,308,218,122,20,-87,-199,-317,-441,-570,-704,-844,-990,-1141,1933-03-04,4,0,995,3,1933,-3,28,936,1932
1933-03-05,981,952,910,853,782,696,597,483,355,213,57,-114,-298,-497,-711,-938,-1180,-1435,-1705,-1990,-2288,-2601,-2928,-3269,-3624,-3994,-4377,-4775,-5187,-5614,1933-03-05,5,0,995,3,1933,-7,36,952,1932
1933-03-06,1022,1048,1084,1128,1181,1244,1315,1395,1484,1581,1688,1804,1928,2061,2204,2355,2515,2683,2861,3048,3243,3448,3661,3883,4114,4354,4603,4861,5127,5403,1933-03-06,6,0,1004,3,1933,4,-13,1004,1932
1933-03-07,995,977,950,915,870,817,755,684,604,515,417,311,195,71,-63,-205,-356,-516,-685,-863,-1049,-1245,-1449,-1662,-1885,-2116,-2356,-2604,-2862,-3129,1933-03-07,7,0,1004,3,1933,-4,22,977,1932
1933-03-08,1026,1047,1076,1113,1156,1207,1265,1331,1403,1483,1570,1665,1766,1875,1992,2115,2246,2384,2529,2682,2841,3009,3183,3364,3553,3749,3953,4163,4381,4607,1933-03-08,8,0,1011,3,1933,4,-11,1011,1932
1933-03-09,1059,1100,1152,1215,1289,1375,1471,1579,1698,1828,1970,2122,2286,2461,2647,2844,3053,3272,3503,3745,3998,4262,4538,4825,5122,5431,5752,6083,6425,6779,1933-03-09,9,0,1029,3,1933,6,-9,1008,1932
1933-03-10,1076,1104,1135,1170,1207,1248,1292,1339,1390,1443,1500,1560,1624,1690,1760,1833,1909,1988,2070,2156,2245,2337,2432,2530,2632,2737,2845,2956,3071,3188,1933-03-10,10,0,1051,3,1933,2,14,996,1932
1933-03-11,1159,1246,1354,1484,1636,1810,2005,2221,2460,2720,3002,3305,3630,3977,4346,4736,5148,5581,6036,6513,7012,7532,8074,8638,9223,9830,10459,11109,11781,12475,1933-03-11,11,0,1094,3,1933,11,-11,1029,1932
1933-03-12,1051,964,834,661,445,185,-119,-465,-855,-1288,-1765,-2284,-2848,-3454,-4104,-4797,-5533,-6313,-7136,-8002,-8912,-9865,-10861,-11901,-12984,-14110,-15280,-16493,-17749,-19049,1933-03-12,12,0,1094,3,1933,-22,108,964,1932
1933-03-13,1121,1148,1184,1229,1283,1347,1419,1500,1590,1689,1797,1914,2040,2175,2319,2472,2634,2805,2985,3175,3373,3580,3796,4021,4255,4498,4750,5011,5282,5561,1933-03-13,13,0,1103,3,1933,5,-14,1103,1932
1933-03-14,1132,1152,1176,1203,1233,1268,1306,1347,1392,1441,1493,1549,1609,1672,1739,1809,1884,1961,2042,2127,2216,2308,2404,2503,2606,2713,2823,2937,3054,3175,1933-03-14,14,0,1116,3,1933,2,4,1089,1932
1933-03-15,1164,1199,1241,1292,1349,1414,1487,1567,1654,1749,1852,1962,2080,2205,2337,2477,2625,2780,2942,3112,3290,3475,3667,3867,4075,4290,4512,4742,4979,5224,1933-03-15,15,0,1136,3,1933,4,1,1098,1932
1933-03-16,1146,1136,1115,1084,1044,993,932,860,779,687,586,474,352,220,78,-75,-237,-410,-593,-786,-989,-1203,-1426,-1660,-1904,-2157,-2422,-2696,-2980,-3275,1933-03-16,16,0,1146,3,1933,-5,35,1086,1932
1933-03-17,1167,1178,1190,1202,1214,1227,1240,1254,1268,1282,1297,1312,1327,1343,1359,1376,1393,1411,1429,1447,1466,1485,1504,1524,1544,1565,1586,1607,1629,1651,1933-03-17,17,0,1156,3,1933,0,9,1127,1932
1933-03-18,1226,1285,1361,1452,1560,1685,1825,1982,2155,2345,2550,2772,3010,3265,3536,3823,4126,4446,4782,5134,5502,5887,6288,6705,7139,7588,8055,8537,9036,9550,1933-03-18,18,0,1183,3,1933,8,-14,1152,1932
1933-03-19,1205,1200,1184,1158,1121,1074,1016,948,869,780,680,570,449,317,175,22,-141,-315,-499,-694,-899,-1115,-1342,-1579,-1827,-2085,-2353,-2633,-2922,-3223,1933-03-19,19,0,1199,3,1933,-5,42,1119,1932
1933-03-20,1191,1167,1129,1078,1013,935,843,738,620,488,343,184,12,-174,-373,-586,-812,-1052,-1305,-1571,-1851,-2144,-2451,-2772,-3105,-3453,-3813,-4187,-4575,-4976,1933-03-20,20,0,1202,3,1933,-7,36,1154,1932
1933-03-21,1210,1215,1222,1229,1237,1246,1256,1267,1279,1292,1306,1321,1336,1353,1370,1389,1408,1428,1449,1472,1495,1519,1544,1569,1596,1624,1653,1682,1713,1744,1933-03-21,21,0,1205,3,1933,0,1,1197,1932
1933-03-22,1244,1280,1326,1382,1449,1527,1615,1714,1824,1944,2075,2216,2368,2531,2704,2888,3082,3287,3503,3729,3966,4213,4471,4740,5019,5309,5609,5920,6241,6574,1933-03-22,22,0,1220,3,1933,5,-12,1209,1932
1933-03-23,1310,1387,1484,1602,1740,1900,2080,2281,2503,2746,3009,3293,3598,3923,4270,4637,5025,5433,5863,6313,6784,7275,7788,8321,8875,9450,10045,10661,11298,11956,1933-03-23,23,0,1254,3,1933,10,-17,1212,1932
1933-03-24,1326,1363,1400,1439,1477,1517,1557,1597,1639,1680,1723,1766,1810,1854,1899,1945,1991,2038,2086,2134,2183,2232,2283,2333,2385,2437,2489,2543,2596,2651,1933-03-24,24,0,1290,3,1933,0,34,1185,1932
1933-03-25,1287,1248,1184,1096,983,845,682,494,282,44,-218,-504,-816,-1152,-1514,-1900,-2311,-2746,-3207,-3692,-4202,-4737,-5296,-5881,-6490,-7124,-7783,-8466,-9175,-9908,1933-03-25,25,0,1301,3,1933,-12,73,1194,1932
1933-03-26,1443,1575,1746,1958,2211,2503,2836,3209,3622,4076,4570,5104,5678,6292,6947,7642,8377,9153,9969,10825,11721,12658,13635,14652,15709,16806,17944,19122,20341,21599,1933-03-26,26,0,1352,3,1933,20,-50,1320,1932
1933-03-27,1402,1401,1383,1348,1296,1226,1139,1035,913,774,618,445,255,47,-178,-420,-680,-957,-1251,-1562,-1891,-2236,-2599,-2980,-3377,-3792,-4224,-4673,-5140,-5623,1933-03-27,27,0,1386,3,1933,-9,77,1233,1932
1933-03-28,1352,1284,1183,1048,879,677,440,170,-134,-471,-843,-1248,-1686,-2159,-2665,-3206,-3779,-4387,-5029,-5704,-6413,-7155,-7932,-8742,-9586,-10464,-11375,-12320,-13299,-14312,1933-03-28,28,0,1386,3,1933,-17,84,1284,1932
1933-03-29,1465,1544,1650,1782,1940,2125,2336,2574,2838,3128,3445,3788,4158,4554,4976,5425,5900,6402,6930,7484,8065,8672,9306,9966,10652,11365,12104,12870,13662,14480,1933-03-29,29,0,1412,3,1933,13,-40,1412,1932
1933-03-30,1402,1365,1308,1229,1130,1009,867,705,521,317,91,-155,-423,-711,-1020,-1351,-1702,-2075,-2468,-2883,-3318,-3774,-4252,-4750,-5270,-5810,-6371,-6954,-7557,-8181,1933-03-30,30,0,1417,3,1933,-10,58,1338,1932
1933-03-31,1511,1599,1715,1858,2029,2228,2454,2708,2989,3298,3635,3999,4391,4810,5257,5731,6234,6763,7321,7906,8518,9158,9826,10521,11244,11995,12773,13578,14412,15272,1933-03-31,31,0,1450,3,1933,14,-36,1434,1932
1933-04-01,1498,1512,1520,1521,1517,1506,1489,1465,1436,1400,1358,1309,1254,1193,1126,1053,973,887,794,696,591,480,362,239,109,-28,-170,-319,-474,-635,1933-04-01,1,0,1477,4,1933,-3,42,1378,1932
1933-04-02,1481,1458,1419,1363,1290,1201,1096,974,835,680,509,321,116,-105,-343,-597,-868,-1155,-1459,-1779,-2116,-2470,-2840,-3226,-3629,-4049,-4485,-4937,-5406,-5892,1933-04-02,2,0,1487,4,1933,-8,52,1407,1932
1933-04-03,1542,1587,1644,1712,1792,1883,1986,2100,2226,2364,2513,2673,2846,3029,3225,3432,3650,3880,4122,4375,4640,4917,5205,5504,5815,6138,6473,6818,7176,7545,1933-04-03,3,0,1509,4,1933,6,-7,1478,1932
1933-04-04,1487,1444,1378,1291,1182,1052,899,725,529,311,71,-190,-473,-778,-1105,-1453,-1824,-2216,-2630,-3065,-3523,-4002,-4503,-5026,-5571,-6137,-6725,-7335,-7967,-8620,1933-04-04,4,0,1509,4,1933,-11,54,1444,1932
1933-04-05,1576,1643,1732,1843,1976,2132,2310,2511,2733,2978,3245,3534,3846,4180,4536,4914,5315,5737,6183,6650,7140,7651,8186,8742,9321,9921,10545,11190,11858,12547,1933-04-05,5,0,1531,4,1933,11,-33,1531,1932
1933-04-06,1617,1680,1758,1849,1953,2072,2204,2349,2509,2682,2869,3070,3284,3513,3755,4010,4280,4563,4860,5170,5494,5832,6184,6550,6929,7322,7729,8149,8583,9031,1933-04-06,6,0,1567,4,1933,7,2,1501,1932
1933-04-07,1646,1688,1733,1780,1829,1880,1933,1989,2046,2106,2168,2232,2298,2367,2438,2510,2585,2663,2742,2823,2907,2993,3081,3171,3263,3358,3454,3553,3654,3757,1933-04-07,7,0,1605,4,1933,1,33,1498,1932
1933-04-08,1575,1507,1403,1264,1090,880,634,353,37,-315,-703,-1126,-1584,-2078,-2607,-3172,-3772,-4407,-5078,-5785,-6527,-7304,-8117,-8966,-9850,-10769,-11724,-12714,-13740,-14801,1933-04-08,8,0,1608,4,1933,-18,91,1494,1932
1933-04-09,1597,1584,1565,1541,1511,1476,1436,1390,1339,1283,1221,1154,1081,1003,920,831,737,638,533,423,307,186,60,-72,-209,-352,-499,-653,-811,-975,1933-04-09,9,0,1605,4,1933,-3,11,1597,1932
1933-04-10,1536,1469,1380,1270,1138,985,811,615,397,158,-102,-384,-688,-1013,-1359,-1727,-2116,-2527,-2960,-3413,-3889,-4385,-4904,-5443,-6005,-6587,-7192,-7817,-8464,-9133,1933-04-10,10,0,1581,4,1933,-11,30,1589,1932
1933-04-11,1605,1654,1726,1823,1944,2089,2258,2451,2669,2911,3177,3467,3781,4119,4482,4868,5279,5714,6174,6657,7165,7696,8252,8832,9437,10065,10718,11394,12095,12820,1933-04-11,11,0,1581,4,1933,12,-60,1654,1932
1933-04-12,1506,1430,1330,1204,1053,877,676,450,198,-78,-380,-707,-1059,-1436,-1838,-2266,-2718,-3196,-3699,-4227,-4780,-5359,-5962,-6591,-7245,-7923,-8628,-9357,-10111,-10891,1933-04-12,12,0,1556,4,1933,-13,38,1556,1932
1933-04-13,1440,1349,1236,1101,945,766,566,343,99,-168,-456,-766,-1098,-1452,-1828,-2226,-2646,-3088,-3552,-4037,-4545,-5075,-5626,-6199,-6795,-7412,-8051,-8712,-9395,-10100,1933-04-13,13,0,1509,4,1933,-11,8,1585,1932
1933-04-14,1556,1650,1792,1980,2215,2498,2827,3204,3627,4098,4616,5181,5793,6452,7158,7911,8711,9559,10453,11395,12383,13419,14501,15631,16808,18032,19303,20621,21986,23398,1933-04-14,14,0,1509,4,1933,24,-118,1650,1932
1933-04-15,1509,1509,1509,1509,1509,1509,1509,1509,1509,1509,1509,1509,1509,1509,1509,1509,1509,1509,1509,1509,1509,1509,1509,1509,1509,1509,1509,1509,1509,1509,1933-04-15,15,0,1509,4,1933,0,-0,1509,1932
1933-04-16,1457,1406,1337,1250,1147,1026,888,733,561,371,164,-60,-302,-560,-836,-1130,-1440,-1768,-2113,-2475,-2854,-3251,-3665,-4096,-4544,-5010,-5493,-5993,-6510,-7045,1933-04-16,16,0,1492,4,1933,-9,26,1492,1932
1933-04-17,1465,1455,1448,1443,1441,1441,1444,1449,1457,1467,1480,1495,1513,1533,1556,1581,1609,1639,1672,1707,1745,1785,1828,1873,1921,1971,2024,2079,2137,2197,1933-04-17,17,0,1477,4,1933,1,-21,1529,1932
1933-04-18,1492,1521,1566,1625,1698,1787,1890,2008,2141,2288,2450,2627,2819,3025,3247,3483,3733,3999,4279,4574,4884,5208,5547,5901,6270,6653,7051,7464,7892,8334,1933-04-18,18,0,1477,4,1933,7,-37,1521,1932
1933-04-19,1477,1477,1477,1477,1477,1477,1477,1477,1477,1477,1477,1477,1477,1477,1477,1477,1477,1477,1477,1477,1477,1477,1477,1477,1477,1477,1477,1477,1477,1477,1933-04-19,19,0,1477,4,1933,-0,0,1477,1932
1933-04-20,1453,1429,1397,1357,1308,1252,1188,1116,1035,947,851,746,634,513,385,248,104,-49,-209,-378,-555,-739,-932,-1133,-1342,-1558,-1783,-2016,-2257,-2506,1933-04-20,20,0,1469,4,1933,-4,12,1469,1932
1933-04-21,1322,1183,1000,774,504,190,-168,-569,-1014,-1502,-2034,-2610,-3230,-3893,-4600,-5351,-6145,-6983,-7864,-8790,-9759,-10771,-11828,-12928,-14072,-15259,-16490,-17765,-19083,-20445,1933-04-21,21,0,1417,4,1933,-22,57,1441,1932
1933-04-22,1453,1540,1674,1853,2079,2352,2671,3036,3447,3904,4408,4959,5555,6198,6887,7622,8404,9232,10107,11027,11994,13007,14067,15173,16325,17523,18768,20059,21397,22780,1933-04-22,22,0,1412,4,1933,23,-121,1567,1932
1933-04-23,1417,1428,1444,1466,1493,1526,1563,1607,1655,1709,1769,1834,1904,1980,2061,2148,2239,2337,2440,2548,2661,2780,2905,3035,3170,3310,3456,3608,3765,3927,1933-04-23,23,0,1412,4,1933,3,-14,1428,1932
1933-04-24,1372,1332,1279,1213,1133,1041,935,815,683,537,378,205,20,-179,-392,-617,-856,-1108,-1373,-1651,-1943,-2248,-2566,-2898,-3243,-3601,-3972,-4356,-4754,-5165,1933-04-24,24,0,1399,4,1933,-7,20,1399,1932
1933-04-25,1373,1360,1347,1334,1322,1309,1297,1285,1273,1261,1249,1237,1226,1214,1203,1192,1181,1170,1159,1148,1138,1127,1117,1107,1096,1087,1077,1067,1057,1048,1933-04-25,25,0,1386,4,1933,0,-13,1425,1932
1933-04-26,1399,1425,1464,1517,1583,1661,1753,1859,1977,2108,2253,2410,2581,2765,2962,3172,3396,3632,3882,4145,4421,4710,5012,5327,5656,5997,6352,6720,7101,7495,1933-04-26,26,0,1386,4,1933,7,-33,1425,1932
1933-04-27,1284,1183,1048,879,677,440,170,-134,-471,-843,-1248,-1686,-2159,-2665,-3206,-3779,-4387,-5029,-5704,-6413,-7155,-7932,-8742,-9586,-10464,-11375,-12320,-13299,-14312,-15359,1933-04-27,27,0,1352,4,1933,-17,51,1352,1932
1933-04-28,1168,1019,831,604,339,35,-308,-689,-1109,-1567,-2064,-2600,-3174,-3787,-4438,-5128,-5857,-6624,-7429,-8274,-9157,-10078,-11039,-12037,-13075,-14151,-15265,-16418,-17610,-18841,1933-04-28,28,0,1279,4,1933,-19,24,1381,1932
1933-04-29,1281,1354,1476,1647,1866,2134,2450,2815,3229,3691,4202,4762,5370,6026,6732,7486,8288,9139,10039,10987,11984,13030,14124,15266,16458,17698,18986,20323,21709,23143,1933-04-29,29,0,1256,4,1933,24,-145,1473,1932
1933-04-30,1276,1320,1386,1475,1587,1721,1877,2057,2258,2483,2729,2999,3291,3605,3942,4302,4684,5088,5516,5965,6438,6933,7450,7990,8552,9137,9745,10375,11028,11703,1933-04-30,30,0,1254,4,1933,11,-58,1326,1932
1933-05-01,1151,1049,912,743,539,302,31,-274,-612,-984,-1390,-1829,-2303,-2809,-3350,-3924,-4533,-5174,-5850,-6559,-7302,-8079,-8889,-9733,-10611,-11522,-12468,-13447,-14459,-15506,1933-05-01,1,0,1220,5,1933,-17,49,1223,1932
1933-05-02,1212,1239,1287,1356,1446,1556,1688,1839,2012,2206,2420,2655,2911,3187,3484,3802,4141,4501,4881,5282,5704,6146,6610,7094,7599,8124,8671,9238,9826,10434,1933-05-02,2,0,1205,5,1933,10,-66,1310,1932
1933-05-03,1201,1211,1228,1254,1288,1329,1379,1436,1502,1575,1657,1746,1844,1949,2062,2184,2313,2450,2595,2749,2910,3079,3256,3441,3634,3835,4044,4261,4486,4718,1933-05-03,3,0,1199,5,1933,4,-26,1242,1932
1933-05-04,1184,1175,1165,1154,1143,1130,1117,1102,1087,1071,1053,1035,1016,996,975,954,931,907,883,857,831,804,776,747,717,686,654,621,587,553,1933-05-04,4,0,1192,5,1933,-0,-5,1211,1932
1933-05-05,1123,1062,982,884,767,633,480,309,120,-87,-312,-556,-818,-1098,-1396,-1712,-2047,-2400,-2771,-3160,-3567,-3993,-4436,-4898,-5378,-5877,-6393,-6928,-7481,-8052,1933-05-05,5,0,1167,5,1933,-9,20,1188,1932
1933-05-06,1131,1122,1117,1117,1122,1133,1148,1169,1195,1226,1262,1303,1349,1400,1457,1518,1585,1657,1734,1816,1903,1995,2092,2195,2302,2415,2533,2655,2783,2916,1933-05-06,6,0,1147,5,1933,3,-33,1222,1932
1933-05-07,1165,1204,1263,1341,1439,1557,1695,1852,2029,2226,2442,2678,2934,3210,3505,3820,4155,4509,4884,5277,5691,6124,6577,7050,7543,8055,8587,9138,9710,10301,1933-05-07,7,0,1146,5,1933,10,-50,1207,1932
1933-05-08,1086,1026,947,848,730,591,433,255,58,-159,-396,-653,-929,-1225,-1540,-1876,-2231,-2606,-3000,-3414,-3848,-4302,-4775,-5268,-5780,-6313,-6865,-7436,-8028,-8639,1933-05-08,8,0,1126,5,1933,-10,29,1127,1932
1933-05-09,1116,1127,1148,1179,1221,1272,1334,1407,1489,1582,1685,1798,1922,2056,2200,2354,2519,2694,2879,3075,3281,3497,3723,3960,4207,4464,4731,5009,5297,5595,1933-05-09,9,0,1116,5,1933,5,-36,1177,1932
1933-05-10,1061,1016,959,891,810,719,615,499,372,233,83,-79,-253,-439,-637,-846,-1067,-1299,-1543,-1800,-2067,-2347,-2638,-2941,-3256,-3582,-3920,-4270,-4631,-5005,1933-05-10,10,0,1094,5,1933,-6,8,1124,1932
1933-05-11,1075,1076,1086,1104,1129,1162,1203,1252,1309,1373,1445,1525,1613,1709,1813,1924,2043,2170,2305,2448,2599,2757,2923,3097,3279,3469,3666,3872,4085,4306,1933-05-11,11,0,1081,5,1933,4,-33,1145,1932
1933-05-12,1006,945,868,776,668,544,404,249,78,-109,-311,-530,-763,-1013,-1278,-1559,-1856,-2169,-2497,-2841,-3201,-3576,-3967,-4374,-4797,-5235,-5689,-6159,-6644,-7145,1933-05-12,12,0,1051,5,1933,-8,10,1092,1932
1933-05-13,984,946,906,863,817,768,717,663,606,547,485,420,352,282,209,133,55,-27,-110,-197,-286,-378,-473,-571,-671,-774,-880,-988,-1099,-1213,1933-05-13,13,0,1019,5,1933,-1,-25,1107,1932
1933-05-14,1006,1025,1061,1115,1185,1273,1378,1500,1639,1795,1969,2159,2367,2592,2834,3093,3369,3662,3973,4301,4645,5007,5386,5783,6196,6626,7074,7539,8021,8520,1933-05-14,14,0,1004,5,1933,9,-58,1100,1932
1933-05-15,1019,1049,1094,1155,1230,1321,1427,1547,1683,1834,2000,2182,2378,2589,2816,3058,3314,3586,3873,4175,4492,4825,5172,5534,5912,6305,6712,7135,7573,8026,1933-05-15,15,0,1004,5,1933,8,-38,1049,1932
1933-05-16,941,878,794,689,563,416,249,60,-150,-381,-632,-905,-1199,-1513,-1849,-2205,-2583,-2981,-3401,-3841,-4303,-4785,-5289,-5813,-6358,-6925,-7512,-8120,-8749,-9400,1933-05-16,16,0,983,5,1933,-10,31,983,1932
1933-05-17,947,932,920,909,901,895,890,888,888,890,894,901,909,919,932,947,963,982,1003,1026,1051,1078,1108,1139,1173,1208,1246,1286,1327,1371,1933-05-17,17,0,964,5,1933,1,-24,1027,1932
1933-05-18,958,971,994,1028,1072,1128,1193,1269,1356,1453,1561,1680,1809,1948,2099,2259,2431,2612,2805,3008,3221,3446,3680,3925,4181,4448,4725,5012,5310,5619,1933-05-18,18,0,956,5,1933,5,-35,1012,1932
1933-05-19,945,943,943,945,949,956,964,974,987,1002,1018,1037,1058,1081,1106,1133,1162,1193,1227,1262,1300,1339,1381,1425,1470,1518,1568,1620,1675,1731,1933-05-19,19,0,949,5,1933,1,-11,974,1932
1933-05-20,911,878,837,788,729,662,586,502,408,307,196,77,-51,-188,-334,-488,-651,-822,-1002,-1191,-1389,-1595,-1810,-2034,-2266,-2508,-2757,-3016,-3283,-3559,1933-05-20,20,0,934,5,1933,-4,7,953,1932
1933-05-21,864,809,740,657,561,452,329,193,43,-121,-298,-488,-692,-909,-1140,-1385,-1643,-1914,-2199,-2497,-2809,-3135,-3474,-3826,-4192,-4571,-4964,-5371,-5791,-6224,1933-05-21,21,0,906,5,1933,-7,5,951,1932
1933-05-22,914,950,1008,1088,1189,1311,1456,1622,1809,2018,2249,2501,2775,3070,3387,3726,4086,4468,4871,5296,5743,6211,6701,7212,7745,8300,8876,9473,10093,10734,1933-05-22,22,0,899,5,1933,11,-61,984,1932
1933-05-23,766,639,472,266,19,-267,-593,-960,-1366,-1812,-2298,-2824,-3390,-3996,-4642,-5328,-6053,-6819,-7625,-8470,-9356,-10281,-11246,-12252,-13297,-14382,-15507,-16672,-17877,-19122,1933-05-23,23,0,852,5,1933,-20,53,873,1932
1933-05-24,812,819,844,886,946,1024,1120,1234,1366,1515,1682,1867,2070,2291,2530,2786,3060,3352,3662,3990,4336,4699,5081,5480,5897,6332,6784,7255,7743,8249,1933-05-24,24,0,823,5,1933,9,-74,964,1932
1933-05-25,744,693,636,571,499,420,333,240,139,31,-84,-207,-336,-473,-617,-768,-926,-1092,-1265,-1445,-1632,-1826,-2027,-2236,-2452,-2675,-2905,-3142,-3387,-3638,1933-05-25,25,0,787,5,1933,-4,-18,874,1932
1933-05-26,762,773,800,842,900,973,1063,1168,1288,1425,1577,1745,1928,2127,2342,2572,2818,3080,3358,3651,3960,4284,4625,4981,5352,5739,6142,6561,6995,7445,1933-05-26,26,0,767,5,1933,8,-60,875,1932
1933-05-27,743,740,742,750,763,783,808,838,875,917,965,1018,1077,1142,1212,1288,1370,1458,1551,1650,1754,1865,1980,2102,2229,2362,2501,2645,2795,2951,1933-05-27,27,0,752,5,1933,3,-29,813,1932
1933-05-28,691,645,588,521,443,355,256,147,27,-103,-243,-395,-556,-728,-911,-1104,-1308,-1522,-1747,-1982,-2227,-2483,-2750,-3027,-3314,-3612,-3921,-4240,-4570,-4910,1933-05-28,28,0,727,5,1933,-5,1,771,1932
1933-05-29,672,643,613,581,548,514,479,442,404,365,324,282,239,195,149,102,54,4,-47,-99,-152,-207,-263,-320,-378,-438,-499,-561,-625,-690,1933-05-29,29,0,700,5,1933,-1,-23,776,1932
1933-05-30,684,695,718,753,800,860,932,1017,1114,1223,1345,1479,1625,1784,1955,2138,2334,2542,2762,2995,3240,3497,3767,4049,4343,4650,4969,5301,5645,6001,1933-05-30,30,0,686,5,1933,6,-45,766,1932
1933-05-31,634,596,550,496,434,364,287,201,107,6,-104,-221,-346,-480,-621,-770,-927,-1092,-1265,-1446,-1635,-1832,-2037,-2250,-2470,-2699,-2935,-3180,-3432,-3693,1933-05-31,31,0,664,5,1933,-4,-2,707,1932
1933-06-01,660,677,708,752,810,881,965,1062,1173,1297,1434,1585,1748,1925,2116,2319,2536,2766,3010,3267,3537,3820,4117,4426,4749,5086,5436,5799,6175,6564,1933-06-01,1,0,655,6,1933,7,-42,721,1932
1933-06-02,554,462,343,195,20,-182,-413,-671,-957,-1270,-1611,-1980,-2377,-2801,-3253,-3733,-4240,-4775,-5338,-5928,-6546,-7192,-7866,-8567,-9296,-10052,-10837,-11649,-12488,-13356,1933-06-02,2,0,619,6,1933,-14,33,645,1932
1933-06-03,603,625,665,725,804,903,1020,1157,1313,1489,1684,1898,2131,2384,2656,2947,3257,3587,3936,4304,4692,5099,5525,5970,6435,6919,7422,7945,8486,9047,1933-06-03,3,0,601,6,1933,10,-65,711,1932
1933-06-04,539,493,438,374,300,217,125,23,-88,-209,-339,-479,-628,-786,-954,-1131,-1317,-1513,-1718,-1933,-2157,-2391,-2634,-2886,-3148,-3419,-3699,-3989,-4288,-4597,1933-06-04,4,1,575,6,1933,-5,-3,626,1932
1933-06-05,559,571,595,632,681,743,818,906,1006,1119,1245,1383,1534,1698,1874,2063,2265,2480,2707,2947,3199,3465,3743,4033,4337,4653,4982,5323,5677,6044,1933-06-05,5,1,561,6,1933,6,-46,641,1932
1933-06-06,559,571,592,622,661,708,764,829,902,984,1075,1175,1284,1401,1527,1662,1805,1958,2119,2288,2467,2654,2850,3055,3269,3491,3722,3962,4210,4468,1933-06-06,6,1,555,6,1933,4,-27,597,1932
1933-06-07,474,398,298,175,28,-143,-337,-555,-797,-1062,-1351,-1664,-2000,-2360,-2743,-3150,-3581,-4036,-4514,-5015,-5541,-6090,-6662,-7258,-7878,-8522,-9189,-9880,-10594,-11332,1933-06-07,7,1,527,6,1933,-12,30,542,1932
1933-06-08,480,463,449,439,433,431,432,438,447,460,476,497,521,549,581,617,656,699,746,797,852,910,973,1039,1108,1182,1260,1341,1426,1515,1933-06-08,8,1,501,6,1933,2,-35,588,1932
1933-06-09,479,483,495,517,548,589,638,698,766,845,932,1029,1135,1251,1376,1510,1654,1807,1969,2141,2322,2513,2713,2922,3141,3369,3606,3853,4109,4375,1933-06-09,9,1,486,6,1933,5,-39,561,1932
1933-06-10,491,513,546,592,651,721,804,900,1007,1127,1260,1405,1562,1731,1913,2107,2313,2532,2763,3006,3262,3530,3811,4103,4408,4726,5056,5398,5752,6119,1933-06-10,10,1,482,6,1933,6,-34,529,1932
1933-06-11,459,438,412,381,344,301,252,198,138,72,1,-76,-158,-246,-340,-440,-545,-656,-772,-894,-1022,-1155,-1294,-1439,-1589,-1745,-1907,-2074,-2247,-2426,1933-06-11,11,1,473,6,1933,-3,5,483,1932
1933-06-12,470,476,488,504,525,551,582,618,659,705,756,813,874,940,1011,1088,1169,1255,1346,1443,1544,1650,1762,1878,2000,2126,2257,2394,2535,2682,1933-06-12,12,1,469,6,1933,3,-17,496,1932
1933-06-13,442,418,388,351,308,259,202,139,70,-6,-88,-177,-273,-375,-483,-598,-720,-848,-983,-1124,-1272,-1426,-1587,-1754,-1928,-2108,-2295,-2489,-2689,-2895,1933-06-13,13,1,459,6,1933,-3,6,471,1932
1933-06-14,443,437,433,430,429,429,432,435,440,447,456,466,477,490,505,521,539,559,580,603,627,653,680,709,739,771,805,840,877,916,1933-06-14,14,1,450,6,1933,1,-13,482,1932
1933-06-15,444,447,454,465,480,498,521,548,579,613,652,695,741,792,846,905,967,1034,1104,1179,1257,1339,1426,1516,1610,1708,1810,1916,2027,2141,1933-06-15,15,1,445,6,1933,2,-15,472,1932
1933-06-16,450,460,475,495,520,550,584,624,669,719,774,833,898,968,1043,1122,1207,1297,1391,1491,1596,1705,1820,1939,2064,2193,2328,2467,2612,2761,1933-06-16,16,1,445,6,1933,2,-12,460,1932
1933-06-17,434,423,408,390,368,343,314,281,244,204,160,113,62,7,-51,-113,-179,-248,-321,-398,-478,-562,-649,-741,-835,-934,-1036,-1142,-1251,-1364,1933-06-17,17,1,441,6,1933,-2,5,441,1932
1933-06-18,403,369,325,270,205,130,45,-51,-157,-273,-399,-535,-682,-839,-1006,-1183,-1370,-1568,-1776,-1994,-2222,-2461,-2709,-2968,-3237,-3517,-3806,-4106,-4416,-4736,1933-06-18,18,1,427,6,1933,-5,12,438,1932
1933-06-19,441,469,511,566,635,718,815,926,1051,1190,1342,1508,1689,1883,2090,2312,2548,2797,3060,3338,3629,3933,4252,4585,4931,5292,5666,6054,6456,6871,1933-06-19,19,1,427,6,1933,7,-35,469,1932
1933-06-20,419,410,398,383,365,345,321,294,265,232,196,158,117,72,25,-26,-79,-135,-194,-257,-322,-390,-461,-535,-612,-692,-775,-861,-949,-1041,1933-06-20,20,1,424,6,1933,-1,4,424,1932
1933-06-21,427,433,442,454,469,487,507,531,558,587,620,655,694,735,780,827,878,931,987,1046,1108,1174,1242,1313,1387,1464,1544,1627,1712,1801,1933-06-21,21,1,424,6,1933,1,-7,433,1932
1933-06-22,424,424,424,424,424,424,424,424,424,424,424,424,424,424,424,424,424,424,424,424,424,424,424,424,424,424,424,424,424,424,1933-06-22,22,1,424,6,1933,-0,0,424,1932
1933-06-23,414,404,390,373,353,329,302,271,237,200,159,114,67,16,-39,-97,-158,-223,-291,-363,-438,-516,-598,-683,-772,-864,-959,-1058,-1160,-1266,1933-06-23,23,1,421,6,1933,-2,5,421,1932
1933-06-24,392,366,333,292,243,187,124,53,-25,-111,-204,-305,-413,-529,-652,-783,-921,-1067,-1220,-1381,-1549,-1725,-1908,-2099,-2297,-2503,-2716,-2936,-3165,-3400,1933-06-24,24,1,410,6,1933,-4,8,420,1932
1933-06-25,405,411,422,439,461,489,522,561,606,656,711,773,839,911,989,1072,1161,1255,1355,1461,1572,1688,1810,1938,2071,2210,2354,2503,2659,2820,1933-06-25,25,1,405,6,1933,3,-19,438,1932
1933-06-26,410,421,437,458,485,517,555,598,646,700,759,823,893,968,1048,1134,1225,1321,1423,1530,1643,1761,1884,2013,2147,2286,2431,2581,2736,2897,1933-06-26,26,1,405,6,1933,3,-13,421,1932
1933-06-27,396,387,375,360,342,320,296,269,239,206,170,131,88,43,-5,-56,-111,-168,-228,-291,-358,-427,-499,-575,-653,-735,-819,-906,-997,-1090,1933-06-27,27,1,402,6,1933,-2,5,402,1932
1933-06-28,392,384,376,366,354,342,327,312,295,277,257,236,213,189,164,137,109,80,49,16,-17,-52,-89,-127,-166,-207,-249,-292,-337,-383,1933-06-28,28,1,397,6,1933,-1,-1,406,1932
1933-06-29,375,357,335,308,277,241,200,155,106,52,-6,-69,-136,-208,-284,-365,-450,-540,-635,-733,-837,-944,-1057,-1173,-1295,-1420,-1551,-1685,-1825,-1968,1933-06-29,29,1,388,6,1933,-2,2,402,1932
1933-06-30,397,415,442,478,522,575,638,709,789,878,976,1083,1199,1323,1457,1599,1751,1911,2080,2258,2445,2641,2846,3059,3282,3514,3754,4003,4261,4528,1933-06-30,30,1,388,6,1933,4,-22,415,1932
1933-07-01,383,377,369,359,347,333,317,299,279,257,234,208,180,150,118,85,49,11,-29,-70,-114,-160,-207,-257,-309,-362,-418,-475,-535,-596,1933-07-01,1,1,387,7,1933,-1,3,387,1932
1933-07-02,388,392,398,406,416,428,442,458,476,496,518,541,567,595,625,657,690,726,764,804,845,889,935,982,1032,1084,1137,1193,1250,1310,1933-07-02,2,1,387,7,1933,1,-5,392,1932
1933-07-03,371,356,336,311,281,246,205,160,110,55,-6,-71,-142,-217,-297,-383,-474,-569,-670,-775,-886,-1002,-1122,-1248,-1379,-1515,-1655,-1801,-1952,-2108,1933-07-03,3,1,381,7,1933,-3,8,381,1932
1933-07-04,378,379,382,387,394,403,414,427,443,460,479,501,524,549,577,606,637,671,706,744,784,825,869,914,962,1012,1063,1117,1173,1231,1933-07-04,4,1,378,7,1933,1,-8,394,1932
1933-07-05,354,332,304,270,230,183,130,71,6,-66,-143,-227,-318,-414,-517,-626,-741,-862,-990,-1124,-1264,-1410,-1562,-1721,-1886,-2057,-2235,-2418,-2608,-2804,1933-07-05,5,1,369,7,1933,-3,6,378,1932
1933-07-06,347,334,319,304,287,268,249,228,206,182,157,131,104,75,45,14,-19,-52,-88,-124,-162,-201,-241,-283,-326,-370,-416,-462,-510,-560,1933-07-06,6,1,359,7,1933,-1,-7,386,1932
1933-07-07,366,384,411,447,493,548,613,687,771,864,966,1078,1199,1329,1469,1618,1777,1945,2123,2310,2506,2712,2927,3152,3386,3629,3882,4144,4415,4696,1933-07-07,7,1,358,7,1933,5,-25,389,1932
1933-07-08,333,309,277,238,192,138,76,6,-70,-155,-247,-347,-454,-569,-691,-821,-959,-1104,-1256,-1417,-1585,-1760,-1943,-2134,-2332,-2538,-2751,-2972,-3200,-3436,1933-07-08,8,1,349,7,1933,-4,10,352,1932
1933-07-09,353,365,384,411,444,484,532,586,648,716,792,874,964,1061,1164,1275,1392,1517,1649,1787,1933,2086,2246,2412,2586,2767,2955,3150,3351,3560,1933-07-09,9,1,347,7,1933,4,-19,373,1932
1933-07-10,339,333,326,316,306,294,280,265,248,230,210,189,167,143,117,90,61,31,-0,-33,-68,-104,-141,-180,-221,-263,-307,-352,-398,-446,1933-07-10,10,1,344,7,1933,-1,1,349,1932
1933-07-11,347,354,363,376,392,411,433,458,487,519,554,592,633,678,726,776,830,888,948,1012,1078,1148,1221,1298,1377,1460,1546,1635,1727,1822,1933-07-11,11,1,344,7,1933,2,-8,354,1932
1933-07-12,344,344,344,344,344,344,344,344,344,344,344,344,344,344,344,344,344,344,344,344,344,344,344,344,344,344,344,344,344,344,1933-07-12,12,1,344,7,1933,-0,0,344,1932
1933-07-13,337,331,322,311,298,283,266,246,224,200,174,146,115,82,47,10,-29,-70,-114,-160,-208,-258,-310,-365,-421,-480,-541,-604,-670,-737,1933-07-13,13,1,342,7,1933,-1,3,342,1932
1933-07-14,312,284,248,203,150,88,18,-61,-148,-244,-348,-461,-582,-712,-851,-997,-1153,-1317,-1489,-1670,-1859,-2057,-2264,-2479,-2702,-2934,-3175,-3424,-3681,-3947,1933-07-14,14,1,331,7,1933,-4,11,338,1932
1933-07-15,342,363,395,438,492,556,631,716,812,919,1037,1165,1304,1454,1614,1785,1967,2159,2363,2576,2801,3036,3282,3539,3806,4084,4373,4672,4982,5303,1933-07-15,15,1,331,7,1933,5,-27,363,1932
1933-07-16,328,326,322,317,312,305,297,289,280,269,258,246,233,219,204,188,171,153,135,115,94,73,50,27,3,-23,-49,-76,-104,-133,1933-07-16,16,1,330,7,1933,-0,1,330,1932
1933-07-17,331,333,336,340,344,350,356,364,372,382,392,403,415,428,443,457,473,490,508,527,546,567,589,611,634,659,684,710,737,765,1933-07-17,17,1,330,7,1933,0,-2,333,1932
1933-07-18,330,330,330,330,330,330,330,330,330,330,330,330,330,330,330,330,330,330,330,330,330,330,330,330,330,330,330,330,330,330,1933-07-18,18,1,330,7,1933,-0,0,330,1932
1933-07-19,313,296,272,244,209,168,122,70,12,-51,-121,-196,-277,-363,-456,-554,-658,-768,-884,-1005,-1132,-1265,-1404,-1548,-1699,-1855,-2017,-2184,-2358,-2537,1933-07-19,19,1,324,7,1933,-3,9,324,1932
1933-07-20,330,342,359,382,411,446,486,533,585,642,706,775,850,931,1018,1111,1209,1313,1423,1538,1660,1787,1920,2059,2203,2353,2509,2671,2839,3012,1933-07-20,20,1,324,7,1933,3,-14,342,1932
1933-07-21,286,247,195,130,52,-39,-143,-260,-389,-532,-688,-857,-1038,-1233,-1441,-1661,-1895,-2141,-2401,-2674,-2959,-3258,-3569,-3894,-4231,-4581,-4945,-5321,-5711,-6113,1933-07-21,21,1,311,7,1933,-6,19,311,1932
1933-07-22,324,350,389,441,506,584,675,779,895,1025,1168,1324,1493,1674,1869,2077,2297,2531,2777,3037,3310,3595,3894,4205,4529,4867,5217,5581,5957,6346,1933-07-22,22,1,311,7,1933,6,-32,350,1932
1933-07-23,311,311,311,311,311,311,311,311,311,311,311,311,311,311,311,311,311,311,311,311,311,311,311,311,311,311,311,311,311,311,1933-07-23,23,1,311,7,1933,-0,0,311,1932
1933-07-24,311,311,311,311,311,311,311,311,311,311,311,311,311,311,311,311,311,311,311,311,311,311,311,311,311,311,311,311,311,311,1933-07-24,24,1,311,7,1933,-0,0,311,1932
1933-07-25,300,288,273,254,231,204,174,139,101,59,13,-37,-90,-148,-209,-274,-343,-416,-492,-573,-657,-745,-837,-932,-1032,-1135,-1242,-1353,-1468,-1587,1933-07-25,25,1,308,7,1933,-2,6,308,1932
1933-07-26,297,289,281,272,261,249,236,222,207,191,174,155,135,115,93,70,45,20,-6,-34,-63,-92,-123,-155,-189,-223,-259,-295,-333,-372,1933-07-26,26,1,303,7,1933,-1,-2,314,1932
1933-07-27,308,318,332,352,377,407,441,481,526,575,630,689,754,823,898,977,1061,1150,1245,1344,1448,1557,1671,1790,1914,2043,2177,2316,2459,2608,1933-07-27,27,1,303,7,1933,2,-12,318,1932
1933-07-28,280,258,229,192,147,95,36,-31,-105,-186,-275,-371,-475,-586,-704,-830,-964,-1104,-1252,-1408,-1571,-1741,-1919,-2104,-2297,-2497,-2704,-2919,-3141,-3370,1933-07-28,28,1,295,7,1933,-4,11,295,1932
1933-07-29,297,306,320,340,365,396,432,474,521,573,631,695,764,838,918,1003,1093,1190,1291,1398,1511,1628,1752,1880,2015,2154,2300,2450,2606,2768,1933-07-29,29,1,293,7,1933,3,-16,316,1932
1933-07-30,295,299,305,313,323,334,348,364,381,401,423,446,472,499,528,560,593,628,665,705,746,789,834,881,930,981,1034,1088,1145,1204,1933-07-30,30,1,293,7,1933,1,-5,299,1932
1933-07-31,293,293,293,293,293,293,293,293,293,293,293,293,293,293,293,293,293,293,293,293,293,293,293,293,293,293,293,293,293,293,1933-07-31,31,1,293,7,1933,0,-0,293,1932
1933-08-01,293,293,293,293,293,293,293,293,293,293,293,293,293,293,293,293,293,293,293,293,293,293,293,293,293,293,293,293,293,293,1933-08-01,1,1,293,8,1933,0,-0,293,1932
1933-08-02,283,272,258,241,220,196,168,136,102,63,21,-24,-73,-125,-181,-240,-303,-369,-439,-512,-589,-669,-753,-840,-930,-1024,-1122,-1223,-1328,-1436,1933-08-02,2,1,290,8,1933,-2,5,290,1932
1933-08-03,293,300,311,325,342,363,387,415,447,482,520,562,607,656,708,764,823,886,952,1022,1095,1172,1252,1336,1423,1513,1608,1705,1806,1911,1933-08-03,3,1,290,8,1933,2,-9,300,1932
1933-08-04,290,290,290,290,290,290,290,290,290,290,290,290,290,290,290,290,290,290,290,290,290,290,290,290,290,290,290,290,290,290,1933-08-04,4,1,290,8,1933,-0,-0,290,1932
1933-08-05,270,251,225,192,153,108,56,-3,-68,-139,-217,-302,-393,-490,-595,-705,-822,-946,-1076,-1212,-1355,-1505,-1661,-1824,-1993,-2168,-2350,-2539,-2734,-2935,1933-08-05,5,1,283,8,1933,-3,10,283,1932
1933-08-06,277,277,279,283,289,297,308,320,335,352,371,392,416,441,468,498,530,564,600,638,678,721,765,812,860,911,964,1020,1077,1136,1933-08-06,6,1,279,8,1933,1,-10,298,1932
1933-08-07,270,266,261,257,253,248,244,239,235,231,226,222,217,213,208,204,200,195,191,186,182,177,173,168,164,159,155,150,146,141,1933-08-07,7,1,275,8,1933,-0,-4,288,1932
1933-08-08,274,278,285,294,306,321,339,359,383,409,438,469,503,540,580,623,668,716,767,821,877,936,998,1063,1131,1201,1274,1349,1428,1509,1933-08-08,8,1,273,8,1933,1,-9,286,1932
1933-08-09,275,278,283,289,297,307,318,331,346,362,380,399,420,443,467,493,520,549,580,613,647,682,719,758,799,841,884,930,976,1025,1933-08-09,9,1,273,8,1933,1,-4,278,1932
1933-08-10,268,263,256,247,237,225,212,196,179,160,140,118,94,68,41,12,-19,-51,-85,-121,-158,-197,-238,-281,-325,-371,-419,-469,-520,-572,1933-08-10,10,1,271,8,1933,-1,3,271,1932
1933-08-11,234,198,150,92,22,-60,-153,-257,-373,-500,-638,-788,-950,-1122,-1306,-1502,-1709,-1927,-2157,-2398,-2650,-2914,-3189,-3476,-3774,-4084,-4405,-4737,-5081,-5436,1933-08-11,11,1,258,8,1933,-6,15,263,1932
1933-08-12,264,283,313,354,405,467,540,624,718,823,939,1066,1203,1351,1510,1680,1860,2052,2253,2466,2689,2924,3168,3424,3690,3968,4255,4554,4863,5184,1933-08-12,12,1,256,8,1933,5,-29,295,1932
1933-08-13,258,263,270,279,291,305,322,341,362,385,411,439,470,503,538,576,616,658,703,750,800,851,906,962,1021,1082,1146,1212,1280,1351,1933-08-13,13,1,256,8,1933,1,-6,263,1932
1933-08-14,237,218,192,160,122,77,26,-31,-95,-165,-241,-324,-413,-509,-611,-719,-834,-955,-1082,-1216,-1357,-1503,-1656,-1815,-1981,-2153,-2332,-2516,-2708,-2905,1933-08-14,14,1,249,8,1933,-3,10,249,1932
1933-08-15,245,246,251,258,267,280,295,312,333,356,381,410,441,475,511,550,592,636,683,733,785,841,898,959,1022,1088,1156,1227,1301,1378,1933-08-15,15,1,246,8,1933,1,-10,265,1932
1933-08-16,245,248,253,261,270,282,297,313,332,352,376,401,428,458,490,525,561,600,641,684,730,777,827,879,934,990,1049,1110,1174,1239,1933-08-16,16,1,244,8,1933,1,-7,255,1932
1933-08-17,246,249,253,259,266,275,285,297,310,325,341,359,378,398,420,444,469,495,523,552,583,615,649,684,721,759,798,839,882,926,1933-08-17,17,1,244,8,1933,1,-4,249,1932
1933-08-18,238,231,223,212,199,184,167,148,127,103,78,50,20,-12,-46,-82,-121,-161,-204,-249,-296,-345,-396,-450,-505,-563,-623,-685,-749,-815,1933-08-18,18,1,242,8,1933,-1,3,242,1932
1933-08-19,236,232,227,222,216,209,202,194,186,177,167,157,146,134,122,109,96,81,67,51,35,19,1,-17,-35,-54,-74,-95,-116,-138,1933-08-19,19,1,239,8,1933,-0,-1,246,1932
1933-08-20,227,217,205,191,175,156,135,112,86,58,28,-5,-39,-76,-116,-157,-201,-247,-296,-347,-400,-455,-513,-573,-635,-699,-766,-835,-906,-980,1933-08-20,20,1,234,8,1933,-1,1,243,1932
1933-08-21,211,193,171,144,113,77,38,-7,-55,-108,-165,-226,-292,-363,-437,-516,-599,-687,-779,-875,-975,-1080,-1190,-1303,-1421,-1543,-1670,-1801,-1936,-2076,1933-08-21,21,1,225,8,1933,-2,1,240,1932
1933-08-22,234,253,281,319,366,422,488,563,648,742,845,958,1080,1211,1352,1503,1662,1831,2010,2198,2395,2602,2818,3043,3278,3522,3776,4039,4311,4593,1933-08-22,22,1,225,8,1933,5,-23,253,1932
1933-08-23,225,225,225,225,225,225,225,225,225,225,225,225,225,225,225,225,225,225,225,225,225,225,225,225,225,225,225,225,225,225,1933-08-23,23,1,225,8,1933,0,-0,225,1932
1933-08-24,225,225,225,225,225,225,225,225,225,225,225,225,225,225,225,225,225,225,225,225,225,225,225,225,225,225,225,225,225,225,1933-08-24,24,1,225,8,1933,0,-0,225,1932
1933-08-25,225,225,225,225,225,225,225,225,225,225,225,225,225,225,225,225,225,225,225,225,225,225,225,225,225,225,225,225,225,225,1933-08-25,25,1,225,8,1933,0,-0,225,1932
1933-08-26,218,211,202,191,177,161,143,122,99,74,47,17,-15,-50,-86,-125,-166,-210,-255,-303,-354,-406,-461,-518,-578,-640,-704,-770,-839,-909,1933-08-26,26,1,223,8,1933,-1,3,223,1932
1933-08-27,225,229,236,245,257,271,287,305,326,348,374,401,431,463,497,534,573,614,657,703,751,801,854,909,966,1025,1087,1151,1217,1286,1933-08-27,27,1,223,8,1933,1,-6,229,1932
1933-08-28,223,223,223,223,223,223,223,223,223,223,223,223,223,223,223,223,223,223,223,223,223,223,223,223,223,223,223,223,223,223,1933-08-28,28,1,223,8,1933,0,-0,223,1932
1933-08-29,223,223,223,223,223,223,223,223,223,223,223,223,223,223,223,223,223,223,223,223,223,223,223,223,223,223,223,223,223,223,1933-08-29,29,1,223,8,1933,0,-0,223,1932
1933-08-30,223,223,223,223,223,223,223,223,223,223,223,223,223,223,223,223,223,223,223,223,223,223,223,223,223,223,223,223,223,223,1933-08-30,30,1,223,8,1933,0,-0,223,1932
1933-08-31,216,208,199,187,173,156,137,116,92,66,38,7,-26,-62,-100,-140,-182,-228,-275,-325,-377,-431,-488,-547,-609,-673,-739,-808,-879,-952,1933-08-31,31,1,220,8,1933,-1,4,220,1932
1933-09-01,223,227,234,244,256,270,287,306,327,351,377,405,436,469,505,542,583,625,670,718,767,820,874,931,990,1052,1116,1182,1251,1322,1933-09-01,1,1,220,9,1933,1,-6,227,1932
1933-09-02,204,187,166,138,106,67,24,-26,-80,-140,-206,-277,-353,-435,-523,-616,-714,-818,-927,-1042,-1162,-1287,-1419,-1555,-1697,-1845,-1998,-2156,-2320,-2489,1933-09-02,2,1,215,9,1933,-3,8,215,1932
1933-09-03,216,223,234,250,269,293,321,353,389,429,473,522,574,631,692,757,827,900,978,1059,1145,1235,1330,1428,1531,1637,1748,1863,1982,2105,1933-09-03,3,1,213,9,1933,2,-12,230,1932
1933-09-04,215,217,221,227,233,241,250,261,272,285,300,316,333,351,371,392,414,437,462,488,516,545,575,606,639,673,708,745,783,822,1933-09-04,4,1,213,9,1933,1,-3,217,1932
1933-09-05,213,213,213,213,213,213,213,213,213,213,213,213,213,213,213,213,213,213,213,213,213,213,213,213,213,213,213,213,213,213,1933-09-05,5,1,213,9,1933,0,-0,213,1932
1933-09-06,213,213,213,213,213,213,213,213,213,213,213,213,213,213,213,213,213,213,213,213,213,213,213,213,213,213,213,213,213,213,1933-09-06,6,1,213,9,1933,0,-0,213,1932
1933-09-07,202,191,175,156,134,107,76,42,4,-38,-83,-133,-186,-243,-304,-369,-437,-510,-586,-666,-749,-837,-928,-1023,-1122,-1225,-1332,-1442,-1556,-1674,1933-09-07,7,1,210,9,1933,-2,6,210,1932
1933-09-08,213,221,232,248,267,290,316,347,381,419,461,506,556,609,666,727,792,860,933,1009,1089,1172,1260,1351,1446,1545,1648,1755,1865,1979,1933-09-08,8,1,210,9,1933,2,-10,221,1932
1933-09-09,203,197,189,178,165,151,134,115,94,70,45,18,-12,-43,-77,-113,-151,-191,-233,-278,-324,-373,-423,-476,-531,-588,-647,-708,-771,-837,1933-09-09,9,1,208,9,1933,-1,3,208,1932
1933-09-10,210,214,220,229,239,252,267,283,302,324,347,372,400,429,461,494,530,568,608,651,695,741,790,840,893,948,1005,1064,1125,1188,1933-09-10,10,1,208,9,1933,1,-5,214,1932
1933-09-11,208,208,208,208,208,208,208,208,208,208,208,208,208,208,208,208,208,208,208,208,208,208,208,208,208,208,208,208,208,208,1933-09-11,11,1,208,9,1933,-0,0,208,1932
1933-09-12,208,208,208,208,208,208,208,208,208,208,208,208,208,208,208,208,208,208,208,208,208,208,208,208,208,208,208,208,208,208,1933-09-12,12,1,208,9,1933,-0,0,208,1932
1933-09-13,208,208,208,208,208,208,208,208,208,208,208,208,208,208,208,208,208,208,208,208,208,208,208,208,208,208,208,208,208,208,1933-09-13,13,1,208,9,1933,-0,0,208,1932
1933-09-14,200,193,183,170,155,138,118,96,71,43,14,-19,-54,-91,-131,-173,-218,-265,-315,-367,-422,-479,-539,-601,-666,-733,-802,-875,-949,-1026,1933-09-14,14,1,205,9,1933,-1,4,205,1932
1933-09-15,200,198,195,193,191,188,186,184,181,179,177,175,172,170,168,166,164,162,160,157,155,153,151,149,147,145,144,142,140,138,1933-09-15,15,1,203,9,1933,0,-3,210,1932
1933-09-16,205,210,217,227,240,254,272,291,314,338,365,395,427,462,499,538,580,625,671,721,773,827,884,943,1005,1069,1135,1204,1276,1350,1933-09-16,16,1,203,9,1933,1,-6,210,1932
1933-09-17,203,203,203,203,203,203,203,203,203,203,203,203,203,203,203,203,203,203,203,203,203,203,203,203,203,203,203,203,203,203,1933-09-17,17,1,203,9,1933,-0,0,203,1932
1933-09-18,203,203,203,203,203,203,203,203,203,203,203,203,203,203,203,203,203,203,203,203,203,203,203,203,203,203,203,203,203,203,1933-09-18,18,1,203,9,1933,-0,0,203,1932
1933-09-19,203,203,203,203,203,203,203,203,203,203,203,203,203,203,203,203,203,203,203,203,203,203,203,203,203,203,203,203,203,203,1933-09-19,19,1,203,9,1933,-0,0,203,1932
1933-09-20,203,203,203,203,203,203,203,203,203,203,203,203,203,203,203,203,203,203,203,203,203,203,203,203,203,203,203,203,203,203,1933-09-20,20,1,203,9,1933,-0,0,203,1932
1933-09-21,203,203,203,203,203,203,203,203,203,203,203,203,203,203,203,203,203,203,203,203,203,203,203,203,203,203,203,203,203,203,1933-09-21,21,1,203,9,1933,-0,0,203,1932
1933-09-22,196,190,181,170,157,142,125,106,84,60,35,7,-24,-56,-90,-127,-166,-207,-250,-295,-342,-392,-444,-497,-553,-612,-672,-734,-799,-866,1933-09-22,22,1,200,9,1933,-1,3,200,1932
1933-09-23,203,207,213,222,233,246,261,278,297,319,343,368,396,427,459,493,530,569,610,653,698,745,795,847,900,956,1015,1075,1137,1202,1933-09-23,23,1,200,9,1933,1,-5,207,1932
1933-09-24,190,179,165,147,126,101,72,40,5,-34,-77,-123,-173,-227,-283,-344,-408,-476,-547,-622,-700,-782,-867,-956,-1049,-1145,-1244,-1347,-1454,-1565,1933-09-24,24,1,197,9,1933,-2,5,197,1932
1933-09-25,200,208,218,232,250,272,297,325,357,393,432,474,521,571,624,681,741,805,873,944,1019,1097,1179,1264,1353,1446,1542,1642,1745,1852,1933-09-25,25,1,197,9,1933,2,-9,208,1932
1933-09-26,197,197,197,197,197,197,197,197,197,197,197,197,197,197,197,197,197,197,197,197,197,197,197,197,197,197,197,197,197,197,1933-09-26,26,1,197,9,1933,-0,0,197,1932
1933-09-27,188,179,167,151,133,112,88,60,30,-3,-40,-79,-121,-167,-215,-267,-321,-379,-440,-503,-570,-640,-713,-788,-867,-949,-1034,-1122,-1213,-1307,1933-09-27,27,1,194,9,1933,-2,5,194,1932
1933-09-28,184,176,168,158,147,134,120,104,88,69,50,29,6,-17,-42,-69,-97,-126,-157,-189,-222,-257,-293,-331,-369,-410,-451,-495,-539,-585,1933-09-28,28,1,189,9,1933,-1,-1,199,1932
1933-09-29,194,203,216,234,256,282,313,348,388,432,481,534,591,653,719,789,864,944,1028,1116,1209,1306,1407,1513,1623,1738,1857,1981,2109,2241,1933-09-29,29,1,189,9,1933,2,-11,203,1932
1933-09-30,185,181,175,168,159,149,137,124,109,93,76,57,37,15,-8,-33,-59,-87,-116,-146,-178,-212,-247,-283,-321,-360,-401,-443,-487,-532,1933-09-30,30,1,188,9,1933,-1,2,188,1932
