Date,Flow,Exceedance,WaterYear,WaterMonth,WaterDay,Volume
01/10/2017,197.8839798,0.97,2017,1,1,0.017097176
02/10/2017,194.8205175,0.971,2017,1,2,0.016832493
03/10/2017,194.8205175,0.971,2017,1,3,0.016832493
04/10/2017,190.7940141,0.974,2017,1,4,0.016484603
05/10/2017,190.7940141,0.974,2017,1,5,0.016484603
06/10/2017,185.357045,0.977,2017,1,6,0.016014849
07/10/2017,182.5874012,0.98,2017,1,7,0.015775551
08/10/2017,180.2719124,0.981,2017,1,8,0.015575493
09/10/2017,180.2719124,0.981,2017,1,9,0.015575493
10/10/2017,177.3864506,0.982,2017,1,10,0.015326189
11/10/2017,174.6808211,0.984,2017,1,11,0.015092423
12/10/2017,174.6808211,0.984,2017,1,12,0.015092423
13/10/2017,185.357045,0.977,2017,1,13,0.016014849
14/10/2017,185.357045,0.977,2017,1,14,0.016014849
15/10/2017,185.357045,0.977,2017,1,15,0.016014849
16/10/2017,185.357045,0.977,2017,1,16,0.016014849
17/10/2017,180.2719124,0.981,2017,1,17,0.015575493
18/10/2017,174.6808211,0.984,2017,1,18,0.015092423
19/10/2017,171.1880372,0.985,2017,1,19,0.014790646
20/10/2017,171.1880372,0.985,2017,1,20,0.014790646
21/10/2017,174.6808211,0.984,2017,1,21,0.015092423
22/10/2017,180.2719124,0.981,2017,1,22,0.015575493
23/10/2017,185.357045,0.977,2017,1,23,0.016014849
24/10/2017,187.5910037,0.976,2017,1,24,0.016207863
25/10/2017,187.5910037,0.976,2017,1,25,0.016207863
26/10/2017,187.5910037,0.976,2017,1,26,0.016207863
27/10/2017,187.5910037,0.976,2017,1,27,0.016207863
28/10/2017,185.357045,0.977,2017,1,28,0.016014849
29/10/2017,182.5874012,0.98,2017,1,29,0.015775551
30/10/2017,180.2719124,0.981,2017,1,30,0.015575493
31/10/2017,180.2719124,0.981,2017,1,31,0.015575493
01/11/2017,182.5874012,0.98,2017,2,32,0.015775551
02/11/2017,200.0871233,0.965,2017,2,33,0.017287527
03/11/2017,197.8839798,0.97,2017,2,34,0.017097176
04/11/2017,201.0928768,0.961,2017,2,35,0.017374425
05/11/2017,201.0928768,0.961,2017,2,36,0.017374425
06/11/2017,197.8839798,0.97,2017,2,37,0.017097176
07/11/2017,197.8839798,0.97,2017,2,38,0.017097176
08/11/2017,190.7940141,0.974,2017,2,39,0.016484603
09/11/2017,190.7940141,0.974,2017,2,40,0.016484603
10/11/2017,185.357045,0.977,2017,2,41,0.016014849
11/11/2017,197.8839798,0.97,2017,2,42,0.017097176
12/11/2017,201.0928768,0.961,2017,2,43,0.017374425
13/11/2017,205.1794742,0.953,2017,2,44,0.017727507
14/11/2017,205.1794742,0.953,2017,2,45,0.017727507
15/11/2017,208.3234966,0.946,2017,2,46,0.01799915
16/11/2017,211.8465363,0.937,2017,2,47,0.018303541
17/11/2017,219.570412,0.924,2017,2,48,0.018970884
18/11/2017,216.9080534,0.932,2017,2,49,0.018740856
19/11/2017,211.8465363,0.937,2017,2,50,0.018303541
20/11/2017,215.0140139,0.933,2017,2,51,0.018577211
21/11/2017,215.0140139,0.933,2017,2,52,0.018577211
22/11/2017,215.0140139,0.933,2017,2,53,0.018577211
23/11/2017,215.0140139,0.933,2017,2,54,0.018577211
24/11/2017,229.8076148,0.912,2017,2,55,0.019855378
25/11/2017,231.4048689,0.911,2017,2,56,0.019993381
26/11/2017,236.1621142,0.902,2017,2,57,0.020404407
27/11/2017,248.2138582,0.877,2017,2,58,0.021445677
28/11/2017,257.6568695,0.865,2017,2,59,0.022261554
29/11/2017,261.7920131,0.855,2017,2,60,0.02261883
30/11/2017,263.903019,0.848,2017,2,61,0.022801221
01/12/2017,270.2754045,0.831,2017,3,62,0.023351795
02/12/2017,276.849354,0.821,2017,3,63,0.023919784
03/12/2017,281.1907775,0.816,2017,3,64,0.024294883
04/12/2017,290.822127,0.796,2017,3,65,0.025127032
05/12/2017,298.2769719,0.786,2017,3,66,0.02577113
06/12/2017,298.2769719,0.786,2017,3,67,0.02577113
07/12/2017,305.6117985,0.775,2017,3,68,0.026404859
08/12/2017,305.6117985,0.775,2017,3,69,0.026404859
09/12/2017,309.6941022,0.769,2017,3,70,0.02675757
10/12/2017,312.9588817,0.763,2017,3,71,0.027039647
11/12/2017,323.70049,0.75,2017,3,72,0.027967722
12/12/2017,331.0473197,0.74,2017,3,73,0.028602488
13/12/2017,336.9714761,0.73,2017,3,74,0.029114336
14/12/2017,350.7847958,0.711,2017,3,75,0.030307806
15/12/2017,368.8891563,0.692,2017,3,76,0.031872023
16/12/2017,383.0255477,0.673,2017,3,77,0.033093407
17/12/2017,399.1838321,0.654,2017,3,78,0.034489483
18/12/2017,414.8802212,0.637,2017,3,79,0.035845651
19/12/2017,422.1255374,0.628,2017,3,80,0.036471646
20/12/2017,433.1034796,0.615,2017,3,81,0.037420141
21/12/2017,441.9731597,0.605,2017,3,82,0.038186481
22/12/2017,451.53668,0.598,2017,3,83,0.039012769
23/12/2017,462.7027612,0.59,2017,3,84,0.039977519
24/12/2017,470.8324271,0.581,2017,3,85,0.040679922
25/12/2017,479.1173358,0.573,2017,3,86,0.041395738
26/12/2017,489.7098479,0.565,2017,3,87,0.042310931
27/12/2017,500.5397965,0.555,2017,3,88,0.043246638
28/12/2017,513.3935143,0.547,2017,3,89,0.0443572
29/12/2017,528.3863361,0.54,2017,3,90,0.045652579
30/12/2017,531.3667161,0.536,2017,3,91,0.045910084
31/12/2017,539.0320312,0.532,2017,3,92,0.046572367
01/01/2018,562.7465625,0.515,2017,4,93,0.048621303
02/01/2018,570.0475584,0.511,2017,4,94,0.049252109
03/01/2018,578.4587609,0.504,2017,4,95,0.049978837
04/01/2018,578.4587609,0.504,2017,4,96,0.049978837
05/01/2018,590.7697268,0.495,2017,4,97,0.051042504
06/01/2018,605.2094994,0.486,2017,4,98,0.052290101
07/01/2018,607.4170587,0.486,2017,4,99,0.052480834
08/01/2018,625.4724228,0.479,2017,4,100,0.054040817
09/01/2018,632.5432978,0.474,2017,4,101,0.054651741
10/01/2018,646.4017295,0.471,2017,4,102,0.055849109
11/01/2018,651.2054062,0.468,2017,4,103,0.056264147
12/01/2018,670.0324701,0.463,2017,4,104,0.057890805
13/01/2018,695.5749118,0.45,2017,4,105,0.060097672
14/01/2018,695.5749118,0.45,2017,4,106,0.060097672
15/01/2018,695.5749118,0.45,2017,4,107,0.060097672
16/01/2018,709.5637534,0.444,2017,4,108,0.061306308
17/01/2018,726.6956722,0.438,2017,4,109,0.062786506
18/01/2018,731.9869985,0.435,2017,4,110,0.063243677
19/01/2018,742.2341132,0.428,2017,4,111,0.064129027
20/01/2018,759.3331454,0.422,2017,4,112,0.065606384
21/01/2018,781.4639707,0.414,2017,4,113,0.067518487
22/01/2018,802.4596317,0.403,2017,4,114,0.069332512
23/01/2018,823.340563,0.396,2017,4,115,0.071136625
24/01/2018,856.6558646,0.383,2017,4,116,0.074015067
25/01/2018,911.8264566,0.363,2017,4,117,0.078781806
26/01/2018,856.6558646,0.383,2017,4,118,0.074015067
27/01/2018,890.7235212,0.374,2017,4,119,0.076958512
28/01/2018,982.9675729,0.337,2017,4,120,0.084928398
29/01/2018,938.2690731,0.352,2017,4,121,0.081066448
30/01/2018,938.2690731,0.352,2017,4,122,0.081066448
31/01/2018,949.4572904,0.349,2017,4,123,0.08203311
01/02/2018,971.4863164,0.341,2017,5,124,0.083936418
02/02/2018,1003.211066,0.331,2017,5,125,0.086677436
03/02/2018,1103.622889,0.306,2017,5,126,0.095353018
04/02/2018,1139.698248,0.296,2017,5,127,0.098469929
05/02/2018,1317.953876,0.256,2017,5,128,0.113871215
06/02/2018,1317.953876,0.256,2017,5,129,0.113871215
07/02/2018,1349.5807,0.252,2017,5,130,0.116603772
08/02/2018,1384.193879,0.248,2017,5,131,0.119594351
09/02/2018,1455.63948,0.237,2017,5,132,0.125767251
10/02/2018,1529.956507,0.227,2017,5,133,0.132188242
11/02/2018,1650.016912,0.214,2017,5,134,0.142561461
12/02/2018,1801.565407,0.197,2017,5,135,0.155655251
13/02/2018,1879.861567,0.19,2017,5,136,0.162420039
14/02/2018,1966.018396,0.182,2017,5,137,0.169863989
15/02/2018,2151.242138,0.162,2017,5,138,0.185867321
16/02/2018,2191.975457,0.158,2017,5,139,0.189386679
17/02/2018,2230.619322,0.154,2017,5,140,0.192725509
18/02/2018,2263.850943,0.15,2017,5,141,0.195596721
19/02/2018,2591.919626,0.121,2017,5,142,0.223941856
20/02/2018,2440.359782,0.132,2017,5,143,0.210847085
21/02/2018,2440.359782,0.132,2017,5,144,0.210847085
22/02/2018,2508.356085,0.127,2017,5,145,0.216721966
23/02/2018,2569.482782,0.123,2017,5,146,0.222003312
24/02/2018,2611.680528,0.119,2017,5,147,0.225649198
25/02/2018,2692.479286,0.113,2017,5,148,0.23263021
26/02/2018,2739.637358,0.11,2017,5,149,0.236704668
27/02/2018,2842.440428,0.103,2017,5,150,0.245586853
28/02/2018,2913.307062,0.097,2017,5,151,0.25170973
01/03/2018,2965.0311,0.092,2017,6,152,0.256178687
02/03/2018,3036.224864,0.087,2017,6,153,0.262329828
03/03/2018,3078.769151,0.083,2017,6,154,0.266005655
04/03/2018,3128.814246,0.079,2017,6,155,0.270329551
05/03/2018,3179.962347,0.076,2017,6,156,0.274748747
06/03/2018,3179.962347,0.076,2017,6,157,0.274748747
07/03/2018,3179.962347,0.076,2017,6,158,0.274748747
08/03/2018,3148.398147,0.078,2017,6,159,0.2720216
09/03/2018,3148.398147,0.078,2017,6,160,0.2720216
10/03/2018,3179.962347,0.076,2017,6,161,0.274748747
11/03/2018,3179.962347,0.076,2017,6,162,0.274748747
12/03/2018,3219.992013,0.075,2017,6,163,0.27820731
13/03/2018,3243.158166,0.073,2017,6,164,0.280208866
14/03/2018,3257.825851,0.073,2017,6,165,0.281476154
15/03/2018,3270.703729,0.072,2017,6,166,0.282588802
16/03/2018,3287.939465,0.071,2017,6,167,0.28407797
17/03/2018,3323.610552,0.069,2017,6,168,0.287159952
18/03/2018,3373.202056,0.067,2017,6,169,0.291444658
19/03/2018,3398.647445,0.065,2017,6,170,0.293643139
20/03/2018,3428.599145,0.062,2017,6,171,0.296230966
21/03/2018,3458.946912,0.061,2017,6,172,0.298853013
22/03/2018,3488.023668,0.059,2017,6,173,0.301365245
23/03/2018,3539.272838,0.057,2017,6,174,0.305793173
24/03/2018,3561.342822,0.055,2017,6,175,0.30770002
25/03/2018,3561.342822,0.055,2017,6,176,0.30770002
26/03/2018,3633.753215,0.053,2017,6,177,0.313956278
27/03/2018,3633.753215,0.053,2017,6,178,0.313956278
28/03/2018,3651.15516,0.052,2017,6,179,0.315459806
29/03/2018,3668.707491,0.052,2017,6,180,0.316976327
30/03/2018,3713.53352,0.05,2017,6,181,0.320849296
31/03/2018,3713.53352,0.05,2017,6,182,0.320849296
01/04/2018,3725.726313,0.049,2017,7,183,0.321902753
02/04/2018,3725.726313,0.049,2017,7,184,0.321902753
03/04/2018,3757.741713,0.048,2017,7,185,0.324668884
04/04/2018,3775.171393,0.047,2017,7,186,0.326174808
05/04/2018,3827.947447,0.045,2017,7,187,0.330734659
06/04/2018,3889.608977,0.043,2017,7,188,0.336062216
07/04/2018,3912.45005,0.042,2017,7,189,0.338035684
08/04/2018,3952.303707,0.041,2017,7,190,0.34147904
09/04/2018,3981.171957,0.04,2017,7,191,0.343973257
10/04/2018,3981.171957,0.04,2017,7,192,0.343973257
11/04/2018,4009.092349,0.039,2017,7,193,0.346385579
12/04/2018,4033.933182,0.038,2017,7,194,0.348531827
13/04/2018,4033.933182,0.038,2017,7,195,0.348531827
14/04/2018,4033.933182,0.038,2017,7,196,0.348531827
15/04/2018,4109.086576,0.036,2017,7,197,0.35502508
16/04/2018,4109.086576,0.036,2017,7,198,0.35502508
17/04/2018,4125.941608,0.036,2017,7,199,0.356481355
18/04/2018,4142.838141,0.036,2017,7,200,0.357941215
19/04/2018,4142.838141,0.036,2017,7,201,0.357941215
20/04/2018,4273.580502,0.033,2017,7,202,0.369237355
21/04/2018,4304.968098,0.032,2017,7,203,0.371949244
22/04/2018,4350.644947,0.031,2017,7,204,0.375895723
23/04/2018,4397.654353,0.03,2017,7,205,0.379957336
24/04/2018,4462.758335,0.028,2017,7,206,0.38558232
25/04/2018,4507.239944,0.026,2017,7,207,0.389425531
26/04/2018,4539.71168,0.025,2017,7,208,0.392231089
27/04/2018,4657.464916,0.023,2017,7,209,0.402404969
28/04/2018,4675.677556,0.023,2017,7,210,0.403978541
29/04/2018,4709.551434,0.022,2017,7,211,0.406905244
30/04/2018,4709.551434,0.022,2017,7,212,0.406905244
01/05/2018,4727.910556,0.022,2017,8,213,0.408491472
02/05/2018,4727.910556,0.022,2017,8,214,0.408491472
03/05/2018,4774.26178,0.021,2017,8,215,0.412496218
04/05/2018,4774.26178,0.021,2017,8,216,0.412496218
05/05/2018,4855.789688,0.02,2017,8,217,0.419540229
06/05/2018,4774.26178,0.021,2017,8,218,0.412496218
07/05/2018,4709.551434,0.022,2017,8,219,0.406905244
08/05/2018,4709.551434,0.022,2017,8,220,0.406905244
09/05/2018,4657.464916,0.023,2017,8,221,0.402404969
10/05/2018,4557.574961,0.025,2017,8,222,0.393774477
11/05/2018,4525.03123,0.026,2017,8,223,0.390962698
12/05/2018,4507.239944,0.026,2017,8,224,0.389425531
13/05/2018,4480.910258,0.027,2017,8,225,0.387150646
14/05/2018,4445.10147,0.028,2017,8,226,0.384056767
15/05/2018,4388.550843,0.03,2017,8,227,0.379170793
16/05/2018,4333.267526,0.031,2017,8,228,0.374394314
17/05/2018,4290.856451,0.032,2017,8,229,0.370729997
18/05/2018,4185.00609,0.035,2017,8,230,0.361584526
19/05/2018,4167.992814,0.035,2017,8,231,0.360114579
20/05/2018,4125.941608,0.036,2017,8,232,0.356481355
21/05/2018,4104.405844,0.037,2017,8,233,0.354620665
22/05/2018,4025.727329,0.038,2017,8,234,0.347822841
23/05/2018,3935.809404,0.041,2017,8,235,0.340053932
24/05/2018,3827.947447,0.045,2017,8,236,0.330734659
25/05/2018,3741.713309,0.049,2017,8,237,0.32328403
26/05/2018,3633.753215,0.053,2017,8,238,0.313956278
27/05/2018,3539.272838,0.057,2017,8,239,0.305793173
28/05/2018,3458.946912,0.061,2017,8,240,0.298853013
29/05/2018,3398.647445,0.065,2017,8,241,0.293643139
30/05/2018,3305.043535,0.07,2017,8,242,0.285555761
31/05/2018,3219.992013,0.075,2017,8,243,0.27820731
01/06/2018,3128.814246,0.079,2017,9,244,0.270329551
02/06/2018,3128.814246,0.079,2017,9,245,0.270329551
03/06/2018,3062.382301,0.084,2017,9,246,0.264589831
04/06/2018,2997.401449,0.089,2017,9,247,0.258975485
05/06/2018,2932.524774,0.095,2017,9,248,0.25337014
06/06/2018,2871.260376,0.1,2017,9,249,0.248076897
07/06/2018,2809.202357,0.105,2017,9,250,0.242715084
08/06/2018,2737.002331,0.11,2017,9,251,0.236477001
09/06/2018,2682.997191,0.114,2017,9,252,0.231810957
10/06/2018,2611.680528,0.119,2017,9,253,0.225649198
11/06/2018,2559.356618,0.125,2017,9,254,0.221128412
12/06/2018,2469.692389,0.13,2017,9,255,0.213381422
13/06/2018,2409.720037,0.135,2017,9,256,0.208199811
14/06/2018,2349.954599,0.142,2017,9,257,0.203036077
15/06/2018,2305.759707,0.146,2017,9,258,0.199217639
16/06/2018,2230.619322,0.154,2017,9,259,0.192725509
17/06/2018,2191.975457,0.158,2017,9,260,0.189386679
18/06/2018,2151.242138,0.162,2017,9,261,0.185867321
19/06/2018,2115.233635,0.166,2017,9,262,0.182756186
20/06/2018,2071.636035,0.171,2017,9,263,0.178989353
21/06/2018,2025.040273,0.177,2017,9,264,0.17496348
22/06/2018,1966.018396,0.182,2017,9,265,0.169863989
23/06/2018,1912.660497,0.187,2017,9,266,0.165253867
24/06/2018,1841.503556,0.194,2017,9,267,0.159105907
25/06/2018,1841.503556,0.194,2017,9,268,0.159105907
26/06/2018,1774.303302,0.2,2017,9,269,0.153299805
27/06/2018,1650.016912,0.214,2017,9,270,0.142561461
28/06/2018,1596.802246,0.218,2017,9,271,0.137963714
29/06/2018,1552.885688,0.223,2017,9,272,0.134169323
30/06/2018,1507.311326,0.231,2017,9,273,0.130231699
01/07/2018,1455.63948,0.237,2017,10,274,0.125767251
02/07/2018,1435.007522,0.24,2017,10,275,0.12398465
03/07/2018,1403.535254,0.244,2017,10,276,0.121265446
04/07/2018,1384.193879,0.248,2017,10,277,0.119594351
05/07/2018,1349.5807,0.252,2017,10,278,0.116603772
06/07/2018,1268.029317,0.265,2017,10,279,0.109557733
07/07/2018,1232.569883,0.271,2017,10,280,0.106494038
08/07/2018,1216.852601,0.275,2017,10,281,0.105136065
09/07/2018,1195.185442,0.282,2017,10,282,0.103264022
10/07/2018,1159.455657,0.29,2017,10,283,0.100176969
11/07/2018,1139.698248,0.296,2017,10,284,0.098469929
12/07/2018,1123.004284,0.3,2017,10,285,0.09702757
13/07/2018,1093.951447,0.309,2017,10,286,0.094517405
14/07/2018,1059.278462,0.316,2017,10,287,0.091521659
15/07/2018,1019.805824,0.323,2017,10,288,0.088111223
16/07/2018,1003.211066,0.331,2017,10,289,0.086677436
17/07/2018,967.086918,0.343,2017,10,290,0.08355631
18/07/2018,949.4572904,0.349,2017,10,291,0.08203311
19/07/2018,931.6259417,0.355,2017,10,292,0.080492481
20/07/2018,911.8264566,0.363,2017,10,293,0.078781806
21/07/2018,890.7235212,0.374,2017,10,294,0.076958512
22/07/2018,856.6558646,0.383,2017,10,295,0.074015067
23/07/2018,823.340563,0.396,2017,10,296,0.071136625
24/07/2018,814.7974849,0.4,2017,10,297,0.070398503
25/07/2018,789.8552731,0.408,2017,10,298,0.068243496
26/07/2018,781.4639707,0.414,2017,10,299,0.067518487
27/07/2018,768.9826972,0.42,2017,10,300,0.066440105
28/07/2018,731.9869985,0.435,2017,10,301,0.063243677
29/07/2018,705.2603531,0.445,2017,10,302,0.060934495
30/07/2018,681.9596725,0.456,2017,10,303,0.058921316
31/07/2018,670.0324701,0.463,2017,10,304,0.057890805
01/08/2018,651.2054062,0.468,2017,11,305,0.056264147
02/08/2018,632.5432978,0.474,2017,11,306,0.054651741
03/08/2018,615.7080895,0.482,2017,11,307,0.053197179
04/08/2018,605.2094994,0.486,2017,11,308,0.052290101
05/08/2018,590.7697268,0.495,2017,11,309,0.051042504
06/08/2018,579.8500114,0.501,2017,11,310,0.050099041
07/08/2018,570.0475584,0.511,2017,11,311,0.049252109
08/08/2018,565.5553451,0.512,2017,11,312,0.048863982
09/08/2018,562.7465625,0.515,2017,11,313,0.048621303
10/08/2018,547.4366133,0.526,2017,11,314,0.047298523
11/08/2018,544.7896676,0.529,2017,11,315,0.047069827
12/08/2018,531.3667161,0.536,2017,11,316,0.045910084
13/08/2018,513.3935143,0.547,2017,11,317,0.0443572
14/08/2018,500.5397965,0.555,2017,11,318,0.043246638
15/08/2018,497.9198183,0.561,2017,11,319,0.043020272
16/08/2018,489.7098479,0.565,2017,11,320,0.042310931
17/08/2018,479.1173358,0.573,2017,11,321,0.041395738
18/08/2018,470.8324271,0.581,2017,11,322,0.040679922
19/08/2018,462.7027612,0.59,2017,11,323,0.039977519
20/08/2018,462.7027612,0.59,2017,11,324,0.039977519
21/08/2018,457.9395023,0.595,2017,11,325,0.039565973
22/08/2018,451.53668,0.598,2017,11,326,0.039012769
23/08/2018,451.53668,0.598,2017,11,327,0.039012769
24/08/2018,441.9731597,0.605,2017,11,328,0.038186481
25/08/2018,433.1034796,0.615,2017,11,329,0.037420141
26/08/2018,422.1255374,0.628,2017,11,330,0.036471646
27/08/2018,414.8802212,0.637,2017,11,331,0.035845651
28/08/2018,403.2451118,0.647,2017,11,332,0.034840378
29/08/2018,395.8054644,0.659,2017,11,333,0.034197592
30/08/2018,387.4128013,0.667,2017,11,334,0.033472466
31/08/2018,380.6079051,0.679,2017,11,335,0.032884523
01/09/2018,380.6079051,0.679,2017,12,336,0.032884523
02/09/2018,380.6079051,0.679,2017,12,337,0.032884523
03/09/2018,380.6079051,0.679,2017,12,338,0.032884523
04/09/2018,380.6079051,0.679,2017,12,339,0.032884523
05/09/2018,368.8891563,0.692,2017,12,340,0.031872023
06/09/2018,368.8891563,0.692,2017,12,341,0.031872023
07/09/2018,368.8891563,0.692,2017,12,342,0.031872023
08/09/2018,357.5184719,0.703,2017,12,343,0.030889596
09/09/2018,357.5184719,0.703,2017,12,344,0.030889596
10/09/2018,354.1508236,0.707,2017,12,345,0.030598631
11/09/2018,354.1508236,0.707,2017,12,346,0.030598631
12/09/2018,350.7847958,0.711,2017,12,347,0.030307806
13/09/2018,350.7847958,0.711,2017,12,348,0.030307806
14/09/2018,346.8041772,0.715,2017,12,349,0.029963881
15/09/2018,342.9587517,0.72,2017,12,350,0.029631636
16/09/2018,336.9714761,0.73,2017,12,351,0.029114336
17/09/2018,331.0473197,0.74,2017,12,352,0.028602488
18/09/2018,323.70049,0.75,2017,12,353,0.027967722
19/09/2018,312.9588817,0.763,2017,12,354,0.027039647
20/09/2018,305.6117985,0.775,2017,12,355,0.026404859
21/09/2018,298.2769719,0.786,2017,12,356,0.02577113
22/09/2018,290.822127,0.796,2017,12,357,0.025127032
23/09/2018,282.316305,0.814,2017,12,358,0.024392129
24/09/2018,276.849354,0.821,2017,12,359,0.023919784
25/09/2018,276.849354,0.821,2017,12,360,0.023919784
26/09/2018,270.2754045,0.831,2017,12,361,0.023351795
27/09/2018,263.903019,0.848,2017,12,362,0.022801221
28/09/2018,259.5218715,0.859,2017,12,363,0.02242269
29/09/2018,257.6568695,0.865,2017,12,364,0.022261554
30/09/2018,248.2138582,0.877,2017,12,365,0.021445677
01/10/2018,245.736431,0.882,2018,1,1,0.021231628
02/10/2018,245.736431,0.882,2018,1,2,0.021231628
03/10/2018,242.533082,0.887,2018,1,3,0.020954858
04/10/2018,239.6524065,0.892,2018,1,4,0.020705968
05/10/2018,238.6605014,0.901,2018,1,5,0.020620267
06/10/2018,236.1621142,0.902,2018,1,6,0.020404407
07/10/2018,234.7361725,0.906,2018,1,7,0.020281205
08/10/2018,231.4048689,0.911,2018,1,8,0.019993381
09/10/2018,229.8076148,0.912,2018,1,9,0.019855378
10/10/2018,225.2611672,0.919,2018,1,10,0.019462565
11/10/2018,219.570412,0.924,2018,1,11,0.018970884
12/10/2018,216.9080534,0.932,2018,1,12,0.018740856
13/10/2018,215.0140139,0.933,2018,1,13,0.018577211
14/10/2018,211.8465363,0.937,2018,1,14,0.018303541
15/10/2018,215.0140139,0.933,2018,1,15,0.018577211
16/10/2018,209.4099983,0.941,2018,1,16,0.018093024
17/10/2018,209.4099983,0.941,2018,1,17,0.018093024
18/10/2018,208.3234966,0.946,2018,1,18,0.01799915
19/10/2018,208.3234966,0.946,2018,1,19,0.01799915
20/10/2018,207.7246945,0.947,2018,1,20,0.017947414
21/10/2018,205.1794742,0.953,2018,1,21,0.017727507
22/10/2018,203.0484073,0.955,2018,1,22,0.017543382
23/10/2018,201.0928768,0.961,2018,1,23,0.017374425
24/10/2018,201.0928768,0.961,2018,1,24,0.017374425
25/10/2018,200.0871233,0.965,2018,1,25,0.017287527
26/10/2018,197.8839798,0.97,2018,1,26,0.017097176
27/10/2018,194.8205175,0.971,2018,1,27,0.016832493
28/10/2018,190.7940141,0.974,2018,1,28,0.016484603
29/10/2018,185.357045,0.977,2018,1,29,0.016014849
30/10/2018,185.357045,0.977,2018,1,30,0.016014849
31/10/2018,185.357045,0.977,2018,1,31,0.016014849
01/11/2018,182.5874012,0.98,2018,2,32,0.015775551
02/11/2018,180.2719124,0.981,2018,2,33,0.015575493
03/11/2018,180.2719124,0.981,2018,2,34,0.015575493
04/11/2018,177.3864506,0.982,2018,2,35,0.015326189
05/11/2018,177.3864506,0.982,2018,2,36,0.015326189
06/11/2018,174.6808211,0.984,2018,2,37,0.015092423
07/11/2018,173.1751601,0.985,2018,2,38,0.014962334
08/11/2018,173.1751601,0.985,2018,2,39,0.014962334
09/11/2018,171.1880372,0.985,2018,2,40,0.014790646
10/11/2018,171.1880372,0.985,2018,2,41,0.014790646
11/11/2018,167.821144,0.988,2018,2,42,0.014499747
12/11/2018,205.1794742,0.953,2018,2,43,0.017727507
13/11/2018,205.1794742,0.953,2018,2,44,0.017727507
14/11/2018,203.0484073,0.955,2018,2,45,0.017543382
15/11/2018,208.3234966,0.946,2018,2,46,0.01799915
16/11/2018,211.8465363,0.937,2018,2,47,0.018303541
17/11/2018,209.4099983,0.941,2018,2,48,0.018093024
18/11/2018,225.2611672,0.919,2018,2,49,0.019462565
19/11/2018,219.570412,0.924,2018,2,50,0.018970884
20/11/2018,216.9080534,0.932,2018,2,51,0.018740856
21/11/2018,215.0140139,0.933,2018,2,52,0.018577211
22/11/2018,225.2611672,0.919,2018,2,53,0.019462565
23/11/2018,229.8076148,0.912,2018,2,54,0.019855378
24/11/2018,225.2611672,0.919,2018,2,55,0.019462565
25/11/2018,219.570412,0.924,2018,2,56,0.018970884
26/11/2018,225.2611672,0.919,2018,2,57,0.019462565
27/11/2018,225.2611672,0.919,2018,2,58,0.019462565
28/11/2018,229.8076148,0.912,2018,2,59,0.019855378
29/11/2018,231.4048689,0.911,2018,2,60,0.019993381
30/11/2018,234.7361725,0.906,2018,2,61,0.020281205
01/12/2018,231.4048689,0.911,2018,3,62,0.019993381
02/12/2018,229.8076148,0.912,2018,3,63,0.019855378
03/12/2018,225.2611672,0.919,2018,3,64,0.019462565
04/12/2018,225.2611672,0.919,2018,3,65,0.019462565
05/12/2018,219.570412,0.924,2018,3,66,0.018970884
06/12/2018,225.2611672,0.919,2018,3,67,0.019462565
07/12/2018,219.570412,0.924,2018,3,68,0.018970884
08/12/2018,219.570412,0.924,2018,3,69,0.018970884
09/12/2018,236.1621142,0.902,2018,3,70,0.020404407
10/12/2018,234.7361725,0.906,2018,3,71,0.020281205
11/12/2018,231.4048689,0.911,2018,3,72,0.019993381
12/12/2018,231.4048689,0.911,2018,3,73,0.019993381
13/12/2018,242.533082,0.887,2018,3,74,0.020954858
14/12/2018,242.533082,0.887,2018,3,75,0.020954858
15/12/2018,242.533082,0.887,2018,3,76,0.020954858
16/12/2018,252.8514094,0.871,2018,3,77,0.021846362
17/12/2018,252.8514094,0.871,2018,3,78,0.021846362
18/12/2018,257.6568695,0.865,2018,3,79,0.022261554
19/12/2018,259.5218715,0.859,2018,3,80,0.02242269
20/12/2018,270.2754045,0.831,2018,3,81,0.023351795
21/12/2018,298.2769719,0.786,2018,3,82,0.02577113
22/12/2018,305.6117985,0.775,2018,3,83,0.026404859
23/12/2018,323.70049,0.75,2018,3,84,0.027967722
24/12/2018,331.0473197,0.74,2018,3,85,0.028602488
25/12/2018,326.3269963,0.744,2018,3,86,0.028194652
26/12/2018,323.70049,0.75,2018,3,87,0.027967722
27/12/2018,342.9587517,0.72,2018,3,88,0.029631636
28/12/2018,350.7847958,0.711,2018,3,89,0.030307806
29/12/2018,366.8523106,0.694,2018,3,90,0.03169604
30/12/2018,368.8891563,0.692,2018,3,91,0.031872023
31/12/2018,395.8054644,0.659,2018,3,92,0.034197592
01/01/2019,387.4128013,0.667,2018,4,93,0.033472466
02/01/2019,383.0255477,0.673,2018,4,94,0.033093407
03/01/2019,380.6079051,0.679,2018,4,95,0.032884523
04/01/2019,387.4128013,0.667,2018,4,96,0.033472466
05/01/2019,395.8054644,0.659,2018,4,97,0.034197592
06/01/2019,410.0281809,0.642,2018,4,98,0.035426435
07/01/2019,433.1034796,0.615,2018,4,99,0.037420141
08/01/2019,441.9731597,0.605,2018,4,100,0.038186481
09/01/2019,451.53668,0.598,2018,4,101,0.039012769
10/01/2019,462.7027612,0.59,2018,4,102,0.039977519
11/01/2019,466.8958165,0.589,2018,4,103,0.040339799
12/01/2019,470.8324271,0.581,2018,4,104,0.040679922
13/01/2019,466.8958165,0.589,2018,4,105,0.040339799
14/01/2019,462.7027612,0.59,2018,4,106,0.039977519
15/01/2019,466.8958165,0.589,2018,4,107,0.040339799
16/01/2019,475.5528614,0.577,2018,4,108,0.041087767
17/01/2019,479.1173358,0.573,2018,4,109,0.041395738
18/01/2019,470.8324271,0.581,2018,4,110,0.040679922
19/01/2019,500.5397965,0.555,2018,4,111,0.043246638
20/01/2019,500.5397965,0.555,2018,4,112,0.043246638
21/01/2019,500.5397965,0.555,2018,4,113,0.043246638
22/01/2019,497.9198183,0.561,2018,4,114,0.043020272
23/01/2019,489.7098479,0.565,2018,4,115,0.042310931
24/01/2019,457.9395023,0.595,2018,4,116,0.039565973
25/01/2019,470.8324271,0.581,2018,4,117,0.040679922
26/01/2019,466.8958165,0.589,2018,4,118,0.040339799
27/01/2019,462.7027612,0.59,2018,4,119,0.039977519
28/01/2019,475.5528614,0.577,2018,4,120,0.041087767
29/01/2019,470.8324271,0.581,2018,4,121,0.040679922
30/01/2019,466.8958165,0.589,2018,4,122,0.040339799
31/01/2019,470.8324271,0.581,2018,4,123,0.040679922
01/02/2019,475.5528614,0.577,2018,5,124,0.041087767
02/02/2019,479.1173358,0.573,2018,5,125,0.041395738
03/02/2019,489.7098479,0.565,2018,5,126,0.042310931
04/02/2019,528.3863361,0.54,2018,5,127,0.045652579
05/02/2019,539.0320312,0.532,2018,5,128,0.046572367
06/02/2019,544.7896676,0.529,2018,5,129,0.047069827
07/02/2019,547.4366133,0.526,2018,5,130,0.047298523
08/02/2019,570.0475584,0.511,2018,5,131,0.049252109
09/02/2019,586.583838,0.497,2018,5,132,0.050680844
10/02/2019,593.5452691,0.493,2018,5,133,0.051282311
11/02/2019,605.2094994,0.486,2018,5,134,0.052290101
12/02/2019,607.4170587,0.486,2018,5,135,0.052480834
13/02/2019,615.7080895,0.482,2018,5,136,0.053197179
14/02/2019,632.5432978,0.474,2018,5,137,0.054651741
15/02/2019,670.0324701,0.463,2018,5,138,0.057890805
16/02/2019,674.8150285,0.459,2018,5,139,0.058304018
17/02/2019,681.9596725,0.456,2018,5,140,0.058921316
18/02/2019,695.5749118,0.45,2018,5,141,0.060097672
19/02/2019,709.5637534,0.444,2018,5,142,0.061306308
20/02/2019,726.6956722,0.438,2018,5,143,0.062786506
21/02/2019,731.9869985,0.435,2018,5,144,0.063243677
22/02/2019,742.2341132,0.428,2018,5,145,0.064129027
23/02/2019,759.3331454,0.422,2018,5,146,0.065606384
24/02/2019,768.9826972,0.42,2018,5,147,0.066440105
25/02/2019,777.7684101,0.414,2018,5,148,0.067199191
26/02/2019,768.9826972,0.42,2018,5,149,0.066440105
27/02/2019,759.3331454,0.422,2018,5,150,0.065606384
28/02/2019,753.6113986,0.425,2018,5,151,0.065112025
01/03/2019,759.3331454,0.422,2018,6,152,0.065606384
02/03/2019,768.9826972,0.42,2018,6,153,0.066440105
03/03/2019,777.7684101,0.414,2018,6,154,0.067199191
04/03/2019,768.9826972,0.42,2018,6,155,0.066440105
05/03/2019,759.3331454,0.422,2018,6,156,0.065606384
06/03/2019,759.3331454,0.422,2018,6,157,0.065606384
07/03/2019,742.2341132,0.428,2018,6,158,0.064129027
08/03/2019,733.867742,0.434,2018,6,159,0.063406173
09/03/2019,742.2341132,0.428,2018,6,160,0.064129027
10/03/2019,777.7684101,0.414,2018,6,161,0.067199191
11/03/2019,777.7684101,0.414,2018,6,162,0.067199191
12/03/2019,768.9826972,0.42,2018,6,163,0.066440105
13/03/2019,759.3331454,0.422,2018,6,164,0.065606384
14/03/2019,753.6113986,0.425,2018,6,165,0.065112025
15/03/2019,742.2341132,0.428,2018,6,166,0.064129027
16/03/2019,733.867742,0.434,2018,6,167,0.063406173
17/03/2019,731.9869985,0.435,2018,6,168,0.063243677
18/03/2019,733.867742,0.434,2018,6,169,0.063406173
19/03/2019,742.2341132,0.428,2018,6,170,0.064129027
20/03/2019,753.6113986,0.425,2018,6,171,0.065112025
21/03/2019,759.3331454,0.422,2018,6,172,0.065606384
22/03/2019,768.9826972,0.42,2018,6,173,0.066440105
23/03/2019,777.7684101,0.414,2018,6,174,0.067199191
24/03/2019,781.4639707,0.414,2018,6,175,0.067518487
25/03/2019,787.2077787,0.41,2018,6,176,0.068014752
26/03/2019,789.8552731,0.408,2018,6,177,0.068243496
27/03/2019,802.4596317,0.403,2018,6,178,0.069332512
28/03/2019,817.709861,0.399,2018,6,179,0.070650132
29/03/2019,823.340563,0.396,2018,6,180,0.071136625
30/03/2019,837.319858,0.391,2018,6,181,0.072344436
31/03/2019,856.6558646,0.383,2018,6,182,0.074015067
01/04/2019,868.9062799,0.381,2018,7,183,0.075073503
02/04/2019,883.0497131,0.375,2018,7,184,0.076295495
03/04/2019,888.7323885,0.374,2018,7,185,0.076786478
04/04/2019,905.9562319,0.366,2018,7,186,0.078274618
05/04/2019,911.8264566,0.363,2018,7,187,0.078781806
06/04/2019,917.6456157,0.36,2018,7,188,0.079284581
07/04/2019,925.8003823,0.357,2018,7,189,0.079989153
08/04/2019,931.6259417,0.355,2018,7,190,0.080492481
09/04/2019,938.2690731,0.352,2018,7,191,0.081066448
10/04/2019,949.4572904,0.349,2018,7,192,0.08203311
11/04/2019,949.4572904,0.349,2018,7,193,0.08203311
12/04/2019,955.8835266,0.345,2018,7,194,0.082588337
13/04/2019,982.9675729,0.337,2018,7,195,0.084928398
14/04/2019,996.0654979,0.333,2018,7,196,0.086060059
15/04/2019,1003.211066,0.331,2018,7,197,0.086677436
16/04/2019,1008.588659,0.328,2018,7,198,0.08714206
17/04/2019,1013.718605,0.325,2018,7,199,0.087585287
18/04/2019,1013.718605,0.325,2018,7,200,0.087585287
19/04/2019,1019.805824,0.323,2018,7,201,0.088111223
20/04/2019,1032.142403,0.32,2018,7,202,0.089177104
21/04/2019,1042.673054,0.318,2018,7,203,0.090086952
22/04/2019,1059.278462,0.316,2018,7,204,0.091521659
23/04/2019,1059.278462,0.316,2018,7,205,0.091521659
24/04/2019,1073.034004,0.314,2018,7,206,0.092710138
25/04/2019,1088.966576,0.309,2018,7,207,0.094086712
26/04/2019,1093.951447,0.309,2018,7,208,0.094517405
27/04/2019,1103.622889,0.306,2018,7,209,0.095353018
28/04/2019,1088.966576,0.309,2018,7,210,0.094086712
29/04/2019,1073.034004,0.314,2018,7,211,0.092710138
30/04/2019,1042.673054,0.318,2018,7,212,0.090086952
01/05/2019,1032.142403,0.32,2018,8,213,0.089177104
02/05/2019,1019.805824,0.323,2018,8,214,0.088111223
03/05/2019,1013.718605,0.325,2018,8,215,0.087585287
04/05/2019,1008.588659,0.328,2018,8,216,0.08714206
05/05/2019,1003.211066,0.331,2018,8,217,0.086677436
06/05/2019,996.0654979,0.333,2018,8,218,0.086060059
07/05/2019,996.0654979,0.333,2018,8,219,0.086060059
08/05/2019,1003.211066,0.331,2018,8,220,0.086677436
09/05/2019,1008.588659,0.328,2018,8,221,0.08714206
10/05/2019,1003.211066,0.331,2018,8,222,0.086677436
11/05/2019,996.0654979,0.333,2018,8,223,0.086060059
12/05/2019,1003.211066,0.331,2018,8,224,0.086677436
13/05/2019,1008.588659,0.328,2018,8,225,0.08714206
14/05/2019,1013.718605,0.325,2018,8,226,0.087585287
15/05/2019,1019.805824,0.323,2018,8,227,0.088111223
16/05/2019,1032.142403,0.32,2018,8,228,0.089177104
17/05/2019,1013.718605,0.325,2018,8,229,0.087585287
18/05/2019,1008.588659,0.328,2018,8,230,0.08714206
19/05/2019,1008.588659,0.328,2018,8,231,0.08714206
20/05/2019,1003.211066,0.331,2018,8,232,0.086677436
21/05/2019,982.9675729,0.337,2018,8,233,0.084928398
22/05/2019,949.4572904,0.349,2018,8,234,0.08203311
23/05/2019,938.2690731,0.352,2018,8,235,0.081066448
24/05/2019,931.6259417,0.355,2018,8,236,0.080492481
25/05/2019,925.8003823,0.357,2018,8,237,0.079989153
26/05/2019,917.6456157,0.36,2018,8,238,0.079284581
27/05/2019,911.8264566,0.363,2018,8,239,0.078781806
28/05/2019,911.8264566,0.363,2018,8,240,0.078781806
29/05/2019,905.9562319,0.366,2018,8,241,0.078274618
30/05/2019,890.7235212,0.374,2018,8,242,0.076958512
31/05/2019,888.7323885,0.374,2018,8,243,0.076786478
01/06/2019,883.0497131,0.375,2018,9,244,0.076295495
02/06/2019,868.9062799,0.381,2018,9,245,0.075073503
03/06/2019,856.6558646,0.383,2018,9,246,0.074015067
04/06/2019,846.6750263,0.388,2018,9,247,0.073152722
05/06/2019,837.319858,0.391,2018,9,248,0.072344436
06/06/2019,823.340563,0.396,2018,9,249,0.071136625
07/06/2019,817.709861,0.399,2018,9,250,0.070650132
08/06/2019,802.4596317,0.403,2018,9,251,0.069332512
09/06/2019,787.2077787,0.41,2018,9,252,0.068014752
10/06/2019,777.7684101,0.414,2018,9,253,0.067199191
11/06/2019,768.9826972,0.42,2018,9,254,0.066440105
12/06/2019,759.3331454,0.422,2018,9,255,0.065606384
13/06/2019,742.2341132,0.428,2018,9,256,0.064129027
14/06/2019,733.867742,0.434,2018,9,257,0.063406173
15/06/2019,731.9869985,0.435,2018,9,258,0.063243677
16/06/2019,726.6956722,0.438,2018,9,259,0.062786506
17/06/2019,709.5637534,0.444,2018,9,260,0.061306308
18/06/2019,705.2603531,0.445,2018,9,261,0.060934495
19/06/2019,695.5749118,0.45,2018,9,262,0.060097672
20/06/2019,681.9596725,0.456,2018,9,263,0.058921316
21/06/2019,670.0324701,0.463,2018,9,264,0.057890805
22/06/2019,651.2054062,0.468,2018,9,265,0.056264147
23/06/2019,632.5432978,0.474,2018,9,266,0.054651741
24/06/2019,625.4724228,0.479,2018,9,267,0.054040817
25/06/2019,615.7080895,0.482,2018,9,268,0.053197179
26/06/2019,605.2094994,0.486,2018,9,269,0.052290101
27/06/2019,590.7697268,0.495,2018,9,270,0.051042504
28/06/2019,579.8500114,0.501,2018,9,271,0.050099041
29/06/2019,570.0475584,0.511,2018,9,272,0.049252109
30/06/2019,565.5553451,0.512,2018,9,273,0.048863982
01/07/2019,562.7465625,0.515,2018,10,274,0.048621303
02/07/2019,547.4366133,0.526,2018,10,275,0.047298523
03/07/2019,544.7896676,0.529,2018,10,276,0.047069827
04/07/2019,539.0320312,0.532,2018,10,277,0.046572367
05/07/2019,528.3863361,0.54,2018,10,278,0.045652579
06/07/2019,513.3935143,0.547,2018,10,279,0.0443572
07/07/2019,500.5397965,0.555,2018,10,280,0.043246638
08/07/2019,489.7098479,0.565,2018,10,281,0.042310931
09/07/2019,479.1173358,0.573,2018,10,282,0.041395738
10/07/2019,475.5528614,0.577,2018,10,283,0.041087767
11/07/2019,470.8324271,0.581,2018,10,284,0.040679922
12/07/2019,462.7027612,0.59,2018,10,285,0.039977519
13/07/2019,457.9395023,0.595,2018,10,286,0.039565973
14/07/2019,441.9731597,0.605,2018,10,287,0.038186481
15/07/2019,438.2846748,0.611,2018,10,288,0.037867796
16/07/2019,433.1034796,0.615,2018,10,289,0.037420141
17/07/2019,422.1255374,0.628,2018,10,290,0.036471646
18/07/2019,414.8802212,0.637,2018,10,291,0.035845651
19/07/2019,403.2451118,0.647,2018,10,292,0.034840378
20/07/2019,399.1838321,0.654,2018,10,293,0.034489483
21/07/2019,395.8054644,0.659,2018,10,294,0.034197592
22/07/2019,387.4128013,0.667,2018,10,295,0.033472466
23/07/2019,383.0255477,0.673,2018,10,296,0.033093407
24/07/2019,380.6079051,0.679,2018,10,297,0.032884523
25/07/2019,368.8891563,0.692,2018,10,298,0.031872023
26/07/2019,366.8523106,0.694,2018,10,299,0.03169604
27/07/2019,357.5184719,0.703,2018,10,300,0.030889596
28/07/2019,354.1508236,0.707,2018,10,301,0.030598631
29/07/2019,350.7847958,0.711,2018,10,302,0.030307806
30/07/2019,346.8041772,0.715,2018,10,303,0.029963881
31/07/2019,342.9587517,0.72,2018,10,304,0.029631636
01/08/2019,340.8092698,0.725,2018,11,305,0.029445921
02/08/2019,336.9714761,0.73,2018,11,306,0.029114336
03/08/2019,331.0473197,0.74,2018,11,307,0.028602488
04/08/2019,326.3269963,0.744,2018,11,308,0.028194652
05/08/2019,323.70049,0.75,2018,11,309,0.027967722
06/08/2019,317.6227369,0.76,2018,11,310,0.027442604
07/08/2019,312.9588817,0.763,2018,11,311,0.027039647
08/08/2019,309.6941022,0.769,2018,11,312,0.02675757
09/08/2019,305.6117985,0.775,2018,11,313,0.026404859
10/08/2019,298.2769719,0.786,2018,11,314,0.02577113
11/08/2019,298.2769719,0.786,2018,11,315,0.02577113
12/08/2019,294.9310677,0.79,2018,11,316,0.025482044
13/08/2019,290.822127,0.796,2018,11,317,0.025127032
14/08/2019,282.316305,0.814,2018,11,318,0.024392129
15/08/2019,281.1907775,0.816,2018,11,319,0.024294883
16/08/2019,276.849354,0.821,2018,11,320,0.023919784
17/08/2019,272.9626631,0.825,2018,11,321,0.023583974
18/08/2019,270.2754045,0.831,2018,11,322,0.023351795
19/08/2019,265.8881477,0.848,2018,11,323,0.022972736
20/08/2019,263.903019,0.848,2018,11,324,0.022801221
21/08/2019,259.5218715,0.859,2018,11,325,0.02242269
22/08/2019,257.6568695,0.865,2018,11,326,0.022261554
23/08/2019,252.8514094,0.871,2018,11,327,0.021846362
24/08/2019,248.2138582,0.877,2018,11,328,0.021445677
25/08/2019,245.736431,0.882,2018,11,329,0.021231628
26/08/2019,242.533082,0.887,2018,11,330,0.020954858
27/08/2019,239.6524065,0.892,2018,11,331,0.020705968
28/08/2019,238.6605014,0.901,2018,11,332,0.020620267
29/08/2019,236.1621142,0.902,2018,11,333,0.020404407
30/08/2019,234.7361725,0.906,2018,11,334,0.020281205
31/08/2019,231.4048689,0.911,2018,11,335,0.019993381
01/09/2019,229.8076148,0.912,2018,12,336,0.019855378
02/09/2019,225.2611672,0.919,2018,12,337,0.019462565
03/09/2019,219.570412,0.924,2018,12,338,0.018970884
04/09/2019,216.9080534,0.932,2018,12,339,0.018740856
05/09/2019,215.0140139,0.933,2018,12,340,0.018577211
06/09/2019,211.8465363,0.937,2018,12,341,0.018303541
07/09/2019,209.4099983,0.941,2018,12,342,0.018093024
08/09/2019,208.3234966,0.946,2018,12,343,0.01799915
09/09/2019,205.1794742,0.953,2018,12,344,0.017727507
10/09/2019,203.0484073,0.955,2018,12,345,0.017543382
11/09/2019,201.0928768,0.961,2018,12,346,0.017374425
12/09/2019,200.0871233,0.965,2018,12,347,0.017287527
13/09/2019,197.8839798,0.97,2018,12,348,0.017097176
14/09/2019,194.8205175,0.971,2018,12,349,0.016832493
15/09/2019,190.7940141,0.974,2018,12,350,0.016484603
16/09/2019,187.5910037,0.976,2018,12,351,0.016207863
17/09/2019,185.357045,0.977,2018,12,352,0.016014849
18/09/2019,182.5874012,0.98,2018,12,353,0.015775551
19/09/2019,180.2719124,0.981,2018,12,354,0.015575493
20/09/2019,177.3864506,0.982,2018,12,355,0.015326189
21/09/2019,174.6808211,0.984,2018,12,356,0.015092423
22/09/2019,173.1751601,0.985,2018,12,357,0.014962334
23/09/2019,171.1880372,0.985,2018,12,358,0.014790646
24/09/2019,171.1880372,0.985,2018,12,359,0.014790646
25/09/2019,167.821144,0.988,2018,12,360,0.014499747
26/09/2019,166.0132767,0.989,2018,12,361,0.014343547
27/09/2019,165.7045085,0.99,2018,12,362,0.01431687
28/09/2019,161.1423886,0.991,2018,12,363,0.013922702
29/09/2019,158.5913398,0.993,2018,12,364,0.013702292
30/09/2019,158.5913398,0.993,2018,12,365,0.013702292
01/10/2019,160.5157853,0.992,2019,1,1,0.013868564
02/10/2019,157.6979559,0.994,2019,1,2,0.013625103
03/10/2019,154.9122119,0.995,2019,1,3,0.013384415
04/10/2019,146.6419309,0.996,2019,1,4,0.012669863
05/10/2019,144.0183802,0.996,2019,1,5,0.012443188
06/10/2019,141.6401413,0.997,2019,1,6,0.012237708
07/10/2019,139.0732515,0.998,2019,1,7,0.012015929
08/10/2019,136.5364706,1,2019,1,8,0.011796751
09/10/2019,140.8188988,0.998,2019,1,9,0.012166753
10/10/2019,138.2163217,0.999,2019,1,10,0.01194189
11/10/2019,135.6449267,1,2019,1,11,0.011719722
12/10/2019,133.1044879,1,2019,1,12,0.011500228
13/10/2019,130.5948922,1,2019,1,13,0.011283399
14/10/2019,130.5948922,1,2019,1,14,0.011283399
15/10/2019,142.8484723,0.997,2019,1,15,0.012342108
16/10/2019,140.11831,0.998,2019,1,16,0.012106222
17/10/2019,137.4220338,0.999,2019,1,17,0.011873264
18/10/2019,148.0659012,0.995,2019,1,18,0.012792894
19/10/2019,145.17688,0.996,2019,1,19,0.012543282
20/10/2019,145.17688,0.996,2019,1,20,0.012543282
21/10/2019,139.5080427,0.998,2019,1,21,0.012053495
22/10/2019,139.5080427,0.998,2019,1,22,0.012053495
23/10/2019,149.9567,0.995,2019,1,23,0.012956259
24/10/2019,154.9122119,0.995,2019,1,24,0.013384415
25/10/2019,157.6979559,0.994,2019,1,25,0.013625103
26/10/2019,160.5157853,0.992,2019,1,26,0.013868564
27/10/2019,158.5913398,0.993,2019,1,27,0.013702292
28/10/2019,161.1423886,0.991,2019,1,28,0.013922702
29/10/2019,166.0132767,0.989,2019,1,29,0.014343547
30/10/2019,166.0132767,0.989,2019,1,30,0.014343547
31/10/2019,167.821144,0.988,2019,1,31,0.014499747
01/11/2019,171.1880372,0.985,2019,2,32,0.014790646
02/11/2019,174.6808211,0.984,2019,2,33,0.015092423
03/11/2019,177.3864506,0.982,2019,2,34,0.015326189
04/11/2019,180.2719124,0.981,2019,2,35,0.015575493
05/11/2019,182.5874012,0.98,2019,2,36,0.015775551
06/11/2019,185.357045,0.977,2019,2,37,0.016014849
07/11/2019,187.5910037,0.976,2019,2,38,0.016207863
08/11/2019,194.8205175,0.971,2019,2,39,0.016832493
09/11/2019,194.8205175,0.971,2019,2,40,0.016832493
10/11/2019,197.8839798,0.97,2019,2,41,0.017097176
11/11/2019,200.0871233,0.965,2019,2,42,0.017287527
12/11/2019,201.0928768,0.961,2019,2,43,0.017374425
13/11/2019,203.0484073,0.955,2019,2,44,0.017543382
14/11/2019,205.1794742,0.953,2019,2,45,0.017727507
15/11/2019,207.7246945,0.947,2019,2,46,0.017947414
16/11/2019,208.3234966,0.946,2019,2,47,0.01799915
17/11/2019,209.4099983,0.941,2019,2,48,0.018093024
18/11/2019,211.8465363,0.937,2019,2,49,0.018303541
19/11/2019,215.0140139,0.933,2019,2,50,0.018577211
20/11/2019,216.9080534,0.932,2019,2,51,0.018740856
21/11/2019,219.570412,0.924,2019,2,52,0.018970884
22/11/2019,225.2611672,0.919,2019,2,53,0.019462565
23/11/2019,229.8076148,0.912,2019,2,54,0.019855378
24/11/2019,231.4048689,0.911,2019,2,55,0.019993381
25/11/2019,234.7361725,0.906,2019,2,56,0.020281205
26/11/2019,236.1621142,0.902,2019,2,57,0.020404407
27/11/2019,238.6605014,0.901,2019,2,58,0.020620267
28/11/2019,239.6524065,0.892,2019,2,59,0.020705968
29/11/2019,242.533082,0.887,2019,2,60,0.020954858
30/11/2019,245.736431,0.882,2019,2,61,0.021231628
01/12/2019,248.2138582,0.877,2019,3,62,0.021445677
02/12/2019,252.8514094,0.871,2019,3,63,0.021846362
03/12/2019,257.6568695,0.865,2019,3,64,0.022261554
04/12/2019,257.6568695,0.865,2019,3,65,0.022261554
05/12/2019,259.5218715,0.859,2019,3,66,0.02242269
06/12/2019,259.5218715,0.859,2019,3,67,0.02242269
07/12/2019,263.903019,0.848,2019,3,68,0.022801221
08/12/2019,270.2754045,0.831,2019,3,69,0.023351795
09/12/2019,272.9626631,0.825,2019,3,70,0.023583974
10/12/2019,276.849354,0.821,2019,3,71,0.023919784
11/12/2019,281.1907775,0.816,2019,3,72,0.024294883
12/12/2019,282.316305,0.814,2019,3,73,0.024392129
13/12/2019,290.822127,0.796,2019,3,74,0.025127032
14/12/2019,298.2769719,0.786,2019,3,75,0.02577113
15/12/2019,294.9310677,0.79,2019,3,76,0.025482044
16/12/2019,298.2769719,0.786,2019,3,77,0.02577113
17/12/2019,302.7175017,0.78,2019,3,78,0.026154792
18/12/2019,305.6117985,0.775,2019,3,79,0.026404859
19/12/2019,309.6941022,0.769,2019,3,80,0.02675757
20/12/2019,312.9588817,0.763,2019,3,81,0.027039647
21/12/2019,323.70049,0.75,2019,3,82,0.027967722
22/12/2019,331.0473197,0.74,2019,3,83,0.028602488
23/12/2019,336.9714761,0.73,2019,3,84,0.029114336
24/12/2019,342.9587517,0.72,2019,3,85,0.029631636
25/12/2019,346.8041772,0.715,2019,3,86,0.029963881
26/12/2019,350.7847958,0.711,2019,3,87,0.030307806
27/12/2019,357.5184719,0.703,2019,3,88,0.030889596
28/12/2019,368.8891563,0.692,2019,3,89,0.031872023
29/12/2019,380.6079051,0.679,2019,3,90,0.032884523
30/12/2019,387.4128013,0.667,2019,3,91,0.033472466
31/12/2019,390.8834057,0.667,2019,3,92,0.033772326
01/01/2020,395.8054644,0.659,2019,4,93,0.034197592
02/01/2020,403.2451118,0.647,2019,4,94,0.034840378
03/01/2020,414.8802212,0.637,2019,4,95,0.035845651
04/01/2020,422.1255374,0.628,2019,4,96,0.036471646
05/01/2020,433.1034796,0.615,2019,4,97,0.037420141
06/01/2020,441.9731597,0.605,2019,4,98,0.038186481
07/01/2020,451.53668,0.598,2019,4,99,0.039012769
08/01/2020,462.7027612,0.59,2019,4,100,0.039977519
09/01/2020,470.8324271,0.581,2019,4,101,0.040679922
10/01/2020,475.5528614,0.577,2019,4,102,0.041087767
11/01/2020,479.1173358,0.573,2019,4,103,0.041395738
12/01/2020,489.7098479,0.565,2019,4,104,0.042310931
13/01/2020,500.5397965,0.555,2019,4,105,0.043246638
14/01/2020,506.037639,0.551,2019,4,106,0.043721652
15/01/2020,513.3935143,0.547,2019,4,107,0.0443572
16/01/2020,528.3863361,0.54,2019,4,108,0.045652579
17/01/2020,531.3667161,0.536,2019,4,109,0.045910084
18/01/2020,539.0320312,0.532,2019,4,110,0.046572367
19/01/2020,544.7896676,0.529,2019,4,111,0.047069827
20/01/2020,547.4366133,0.526,2019,4,112,0.047298523
21/01/2020,557.4763105,0.52,2019,4,113,0.048165953
22/01/2020,562.7465625,0.515,2019,4,114,0.048621303
23/01/2020,565.5553451,0.512,2019,4,115,0.048863982
24/01/2020,570.0475584,0.511,2019,4,116,0.049252109
25/01/2020,578.4587609,0.504,2019,4,117,0.049978837
26/01/2020,579.8500114,0.501,2019,4,118,0.050099041
27/01/2020,590.7697268,0.495,2019,4,119,0.051042504
28/01/2020,605.2094994,0.486,2019,4,120,0.052290101
29/01/2020,615.7080895,0.482,2019,4,121,0.053197179
30/01/2020,632.5432978,0.474,2019,4,122,0.054651741
31/01/2020,651.2054062,0.468,2019,4,123,0.056264147
01/02/2020,670.0324701,0.463,2019,5,124,0.057890805
02/02/2020,681.9596725,0.456,2019,5,125,0.058921316
03/02/2020,695.5749118,0.45,2019,5,126,0.060097672
04/02/2020,709.5637534,0.444,2019,5,127,0.061306308
05/02/2020,731.9869985,0.435,2019,5,128,0.063243677
06/02/2020,733.867742,0.434,2019,5,129,0.063406173
07/02/2020,742.2341132,0.428,2019,5,130,0.064129027
08/02/2020,753.6113986,0.425,2019,5,131,0.065112025
09/02/2020,759.3331454,0.422,2019,5,132,0.065606384
10/02/2020,768.9826972,0.42,2019,5,133,0.066440105
11/02/2020,777.7684101,0.414,2019,5,134,0.067199191
12/02/2020,781.4639707,0.414,2019,5,135,0.067518487
13/02/2020,787.2077787,0.41,2019,5,136,0.068014752
14/02/2020,802.4596317,0.403,2019,5,137,0.069332512
15/02/2020,814.7974849,0.4,2019,5,138,0.070398503
16/02/2020,817.709861,0.399,2019,5,139,0.070650132
17/02/2020,837.319858,0.391,2019,5,140,0.072344436
18/02/2020,856.6558646,0.383,2019,5,141,0.074015067
19/02/2020,868.9062799,0.381,2019,5,142,0.075073503
20/02/2020,883.0497131,0.375,2019,5,143,0.076295495
21/02/2020,890.7235212,0.374,2019,5,144,0.076958512
22/02/2020,911.8264566,0.363,2019,5,145,0.078781806
23/02/2020,925.8003823,0.357,2019,5,146,0.079989153
24/02/2020,938.2690731,0.352,2019,5,147,0.081066448
25/02/2020,949.4572904,0.349,2019,5,148,0.08203311
26/02/2020,1112.935761,0.303,2019,5,149,0.09615765
27/02/2020,1123.004284,0.3,2019,5,150,0.09702757
28/02/2020,1131.378756,0.298,2019,5,151,0.097751125
29/02/2020,1268.029317,0.265,2019,5,152,0.109557733
01/03/2020,1349.5807,0.252,2019,6,153,0.116603772
02/03/2020,1390.462943,0.246,2019,6,154,0.120135998
03/03/2020,1435.007522,0.24,2019,6,155,0.12398465
04/03/2020,1507.311326,0.231,2019,6,156,0.130231699
05/03/2020,1612.498027,0.216,2019,6,157,0.139319829
06/03/2020,2191.975457,0.158,2019,6,158,0.189386679
07/03/2020,2421.888553,0.134,2019,6,159,0.209251171
08/03/2020,2569.482782,0.123,2019,6,160,0.222003312
09/03/2020,2710.488074,0.112,2019,6,161,0.23418617
10/03/2020,2816.650673,0.104,2019,6,162,0.243358618
11/03/2020,2911.022202,0.097,2019,6,163,0.251512318
12/03/2020,3128.814246,0.079,2019,6,164,0.270329551
13/03/2020,3474.150166,0.06,2019,6,165,0.300166574
14/03/2020,3592.728676,0.054,2019,6,166,0.310411758
15/03/2020,3864.072758,0.044,2019,6,167,0.333855886
16/03/2020,3992.498941,0.04,2019,6,168,0.344951909
17/03/2020,4142.838141,0.036,2019,6,169,0.357941215
18/03/2020,4290.856451,0.032,2019,6,170,0.370729997
19/03/2020,4333.267526,0.031,2019,6,171,0.374394314
20/03/2020,4371.077452,0.03,2019,6,172,0.377661092
21/03/2020,4333.267526,0.031,2019,6,173,0.374394314
22/03/2020,4256.34647,0.033,2019,6,174,0.367748335
23/03/2020,4185.00609,0.035,2019,6,175,0.361584526
24/03/2020,4109.086576,0.036,2019,6,176,0.35502508
25/03/2020,4033.933182,0.038,2019,6,177,0.348531827
26/03/2020,4025.727329,0.038,2019,6,178,0.347822841
27/03/2020,3992.498941,0.04,2019,6,179,0.344951909
28/03/2020,3981.171957,0.04,2019,6,180,0.343973257
29/03/2020,3952.303707,0.041,2019,6,181,0.34147904
30/03/2020,3889.608977,0.043,2019,6,182,0.336062216
31/03/2020,3864.072758,0.044,2019,6,183,0.333855886
01/04/2020,3827.947447,0.045,2019,7,184,0.330734659
02/04/2020,3802.52597,0.046,2019,7,185,0.328538244
03/04/2020,3864.072758,0.044,2019,7,186,0.333855886
04/04/2020,3912.45005,0.042,2019,7,187,0.338035684
05/04/2020,3952.303707,0.041,2019,7,188,0.34147904
06/04/2020,3981.171957,0.04,2019,7,189,0.343973257
07/04/2020,3997.773267,0.04,2019,7,190,0.34540761
08/04/2020,3992.498941,0.04,2019,7,191,0.344951909
09/04/2020,4025.727329,0.038,2019,7,192,0.347822841
10/04/2020,4033.933182,0.038,2019,7,193,0.348531827
11/04/2020,4050.588674,0.038,2019,7,194,0.349970861
12/04/2020,4185.00609,0.035,2019,7,195,0.361584526
13/04/2020,4256.34647,0.033,2019,7,196,0.367748335
14/04/2020,4290.856451,0.032,2019,7,197,0.370729997
15/04/2020,4304.968098,0.032,2019,7,198,0.371949244
16/04/2020,4445.10147,0.028,2019,7,199,0.384056767
17/04/2020,4462.758335,0.028,2019,7,200,0.38558232
18/04/2020,4507.239944,0.026,2019,7,201,0.389425531
19/04/2020,4539.71168,0.025,2019,7,202,0.392231089
20/04/2020,4599.0496,0.024,2019,7,203,0.397357885
21/04/2020,4657.464916,0.023,2019,7,204,0.402404969
22/04/2020,4709.551434,0.022,2019,7,205,0.406905244
23/04/2020,4657.464916,0.023,2019,7,206,0.402404969
24/04/2020,4657.464916,0.023,2019,7,207,0.402404969
25/04/2020,4539.71168,0.025,2019,7,208,0.392231089
26/04/2020,4525.03123,0.026,2019,7,209,0.390962698
27/04/2020,4507.239944,0.026,2019,7,210,0.389425531
28/04/2020,4480.910258,0.027,2019,7,211,0.387150646
29/04/2020,4462.758335,0.028,2019,7,212,0.38558232
30/04/2020,4388.550843,0.03,2019,7,213,0.379170793
01/05/2020,4333.267526,0.031,2019,8,214,0.374394314
02/05/2020,4315.931862,0.032,2019,8,215,0.372896513
03/05/2020,4304.968098,0.032,2019,8,216,0.371949244
04/05/2020,4256.34647,0.033,2019,8,217,0.367748335
05/05/2020,4227.767754,0.034,2019,8,218,0.365279134
06/05/2020,4210.663623,0.034,2019,8,219,0.363801337
07/05/2020,4142.838141,0.036,2019,8,220,0.357941215
08/05/2020,3981.171957,0.04,2019,8,221,0.343973257
09/05/2020,3912.45005,0.042,2019,8,222,0.338035684
10/05/2020,3889.608977,0.043,2019,8,223,0.336062216
11/05/2020,3827.947447,0.045,2019,8,224,0.330734659
12/05/2020,3763.540979,0.048,2019,8,225,0.325169941
13/05/2020,3713.53352,0.05,2019,8,226,0.320849296
14/05/2020,3633.753215,0.053,2019,8,227,0.313956278
15/05/2020,3592.728676,0.054,2019,8,228,0.310411758
16/05/2020,3561.342822,0.055,2019,8,229,0.30770002
17/05/2020,3541.997508,0.057,2019,8,230,0.306028585
18/05/2020,3501.85231,0.058,2019,8,231,0.30256004
19/05/2020,3428.599145,0.062,2019,8,232,0.296230966
20/05/2020,3323.610552,0.069,2019,8,233,0.287159952
21/05/2020,3148.398147,0.078,2019,8,234,0.2720216
22/05/2020,3102.398608,0.081,2019,8,235,0.26804724
23/05/2020,2997.401449,0.089,2019,8,236,0.258975485
24/05/2020,2965.0311,0.092,2019,8,237,0.256178687
25/05/2020,2911.022202,0.097,2019,8,238,0.251512318
26/05/2020,2865.836256,0.1,2019,8,239,0.247608253
27/05/2020,2816.650673,0.104,2019,8,240,0.243358618
28/05/2020,2770.551488,0.107,2019,8,241,0.239375649
29/05/2020,2710.488074,0.112,2019,8,242,0.23418617
30/05/2020,2611.680528,0.119,2019,8,243,0.225649198
31/05/2020,2527.046087,0.126,2019,8,244,0.218336782
01/06/2020,2421.888553,0.134,2019,9,245,0.209251171
02/06/2020,2378.906443,0.14,2019,9,246,0.205537517
03/06/2020,2349.954599,0.142,2019,9,247,0.203036077
04/06/2020,2230.619322,0.154,2019,9,248,0.192725509
05/06/2020,2191.975457,0.158,2019,9,249,0.189386679
06/06/2020,2151.242138,0.162,2019,9,250,0.185867321
07/06/2020,2090.353527,0.17,2019,9,251,0.180606545
08/06/2020,2071.636035,0.171,2019,9,252,0.178989353
09/06/2020,2044.221075,0.175,2019,9,253,0.176620701
10/06/2020,2025.040273,0.177,2019,9,254,0.17496348
11/06/2020,1952.926431,0.183,2019,9,255,0.168732844
12/06/2020,1795.392514,0.197,2019,9,256,0.155121913
13/06/2020,1742.305364,0.203,2019,9,257,0.150535183
14/06/2020,1693.494893,0.208,2019,9,258,0.146317959
15/06/2020,1653.483159,0.214,2019,9,259,0.142860945
16/06/2020,1598.17391,0.218,2019,9,260,0.138082226
17/06/2020,1565.299806,0.223,2019,9,261,0.135241903
18/06/2020,1518.539927,0.228,2019,9,262,0.13120185
19/06/2020,1486.040231,0.234,2019,9,263,0.128393876
20/06/2020,1444.192844,0.238,2019,9,264,0.124778262
21/06/2020,1415.940391,0.243,2019,9,265,0.12233725
22/06/2020,1364.20467,0.251,2019,9,266,0.117867284
23/06/2020,1325.664275,0.255,2019,9,267,0.114537393
24/06/2020,1284.348231,0.261,2019,9,268,0.110967687
25/06/2020,1270.726035,0.264,2019,9,269,0.109790729
26/06/2020,1244.320075,0.27,2019,9,270,0.107509255
27/06/2020,1218.407203,0.275,2019,9,271,0.105270382
28/06/2020,1190.32738,0.284,2019,9,272,0.102844286
29/06/2020,1174.667076,0.287,2019,9,273,0.101491235
30/06/2020,1151.643045,0.293,2019,9,274,0.099501959
01/07/2020,1126.904906,0.299,2019,10,275,0.097364584
02/07/2020,1107.797792,0.306,2019,10,276,0.095713729
03/07/2020,1088.740875,0.311,2019,10,277,0.094067212
04/07/2020,1039.433869,0.319,2019,10,278,0.089807086
05/07/2020,1014.360549,0.325,2019,10,279,0.087640751
06/07/2020,1002.307607,0.332,2019,10,280,0.086599377
07/07/2020,979.3299365,0.34,2019,10,281,0.084614107
08/07/2020,960.3087109,0.345,2019,10,282,0.082970673
09/07/2020,941.6420724,0.352,2019,10,283,0.081357875
10/07/2020,925.4113383,0.358,2019,10,284,0.07995554
11/07/2020,902.4086298,0.368,2019,10,285,0.077968106
12/07/2020,889.8188097,0.374,2019,10,286,0.076880345
13/07/2020,866.3866321,0.381,2019,10,287,0.074855805
14/07/2020,840.3849519,0.391,2019,10,288,0.07260926
15/07/2020,818.4932403,0.398,2019,10,289,0.070717816
16/07/2020,807.1767902,0.403,2019,10,290,0.069740075
17/07/2020,789.5558754,0.408,2019,10,291,0.068217628
18/07/2020,771.3495445,0.418,2019,10,292,0.066644601
19/07/2020,754.82129,0.425,2019,10,293,0.065216559
20/07/2020,737.6297608,0.434,2019,10,294,0.063731211
21/07/2020,719.6745607,0.442,2019,10,295,0.062179882
22/07/2020,705.3880052,0.445,2019,10,296,0.060945524
23/07/2020,689.9036319,0.453,2019,10,297,0.059607674
24/07/2020,673.4214798,0.459,2019,10,298,0.058183616
25/07/2020,659.6074416,0.466,2019,10,299,0.056990083
26/07/2020,642.0394249,0.471,2019,10,300,0.055472206
27/07/2020,629.0696416,0.476,2019,10,301,0.054351617
28/07/2020,614.1223919,0.483,2019,10,302,0.053060175
29/07/2020,606.2680735,0.486,2019,10,303,0.052381562
30/07/2020,591.2966739,0.495,2019,10,304,0.051088033
31/07/2020,585.2312169,0.499,2019,10,305,0.050563977
01/08/2020,576.8591515,0.504,2019,11,306,0.049840631
02/08/2020,568.231511,0.512,2019,11,307,0.049095203
03/08/2020,565.0694584,0.515,2019,11,308,0.048822001
04/08/2020,555.6263592,0.523,2019,11,309,0.048006117
05/08/2020,546.3777251,0.527,2019,11,310,0.047207035
06/08/2020,539.6045141,0.532,2019,11,311,0.04662183
07/08/2020,530.5130556,0.54,2019,11,312,0.045836328
08/08/2020,520.1229382,0.546,2019,11,313,0.044938622
09/08/2020,513.7579853,0.547,2019,11,314,0.04438869
10/08/2020,506.6161457,0.551,2019,11,315,0.043771635
11/08/2020,501.7798068,0.555,2019,11,316,0.043353775
12/08/2020,494.1855773,0.563,2019,11,317,0.042697634
13/08/2020,490.1849668,0.563,2019,11,318,0.042351981
14/08/2020,486.6388792,0.567,2019,11,319,0.042045599
15/08/2020,481.8167915,0.573,2019,11,320,0.041628971
16/08/2020,476.2460745,0.577,2019,11,321,0.041147661
17/08/2020,472.0723046,0.581,2019,11,322,0.040787047
18/08/2020,469.8085045,0.585,2019,11,323,0.040591455
19/08/2020,463.8087566,0.59,2019,11,324,0.040073077
20/08/2020,463.6058643,0.59,2019,11,325,0.040055547
21/08/2020,459.5361407,0.595,2019,11,326,0.039703923
22/08/2020,453.0995009,0.598,2019,11,327,0.039147797
23/08/2020,449.5513028,0.602,2019,11,328,0.038841233
24/08/2020,444.9099518,0.605,2019,11,329,0.03844022
25/08/2020,440.4840801,0.611,2019,11,330,0.038057825
26/08/2020,434.5452683,0.615,2019,11,331,0.037544711
27/08/2020,425.7594093,0.627,2019,11,332,0.036785613
28/08/2020,421.846221,0.629,2019,11,333,0.036447513
29/08/2020,419.4378606,0.634,2019,11,334,0.036239431
30/08/2020,419.1786293,0.634,2019,11,335,0.036217034
31/08/2020,410.9057432,0.642,2019,11,336,0.035502256
01/09/2020,407.7461864,0.643,2019,12,337,0.035229271
02/09/2020,403.8285862,0.647,2019,12,338,0.03489079
03/09/2020,400.6148933,0.654,2019,12,339,0.034613127
04/09/2020,398.0488317,0.657,2019,12,340,0.034391419
05/09/2020,397.4923263,0.659,2019,12,341,0.034343337
06/09/2020,396.3771851,0.659,2019,12,342,0.034246989
07/09/2020,392.801317,0.66,2019,12,343,0.033938034
08/09/2020,391.0562153,0.663,2019,12,344,0.033787257
09/09/2020,388.4420106,0.667,2019,12,345,0.03356139
10/09/2020,384.2561095,0.672,2019,12,346,0.033199728
11/09/2020,382.7032605,0.673,2019,12,347,0.033065562
12/09/2020,379.2515951,0.684,2019,12,348,0.032767338
13/09/2020,377.0440574,0.684,2019,12,349,0.032576607
14/09/2020,369.7464199,0.692,2019,12,350,0.031946091
15/09/2020,369.7464199,0.692,2019,12,351,0.031946091
16/09/2020,368.6551974,0.694,2019,12,352,0.031851809
17/09/2020,368.129178,0.694,2019,12,353,0.031806361
18/09/2020,364.3544645,0.697,2019,12,354,0.031480226
19/09/2020,358.776827,0.703,2019,12,355,0.030998318
20/09/2020,354.0597686,0.709,2019,12,356,0.030590764
21/09/2020,352.7273302,0.709,2019,12,357,0.030475641
22/09/2020,347.207179,0.715,2019,12,358,0.0299987
23/09/2020,346.1392369,0.717,2019,12,359,0.02990643
24/09/2020,342.7217586,0.721,2019,12,360,0.02961116
25/09/2020,338.2142929,0.73,2019,12,361,0.029221715
26/09/2020,334.2532482,0.735,2019,12,362,0.028879481
27/09/2020,331.2255155,0.739,2019,12,363,0.028617885
28/09/2020,331.2255155,0.739,2019,12,364,0.028617885
29/09/2020,332.285822,0.739,2019,12,365,0.028709495
30/09/2020,326.6241243,0.744,2019,12,366,0.028220324
01/10/2020,339.2770631,0.73,2020,1,1,0.029313538
02/10/2020,331.2255155,0.739,2020,1,2,0.028617885
03/10/2020,321.7229331,0.757,2020,1,3,0.027796861
04/10/2020,318.4750316,0.76,2020,1,4,0.027516243
05/10/2020,312.9892808,0.763,2020,1,5,0.027042274
06/10/2020,309.6863098,0.77,2020,1,6,0.026756897
07/10/2020,306.0248077,0.775,2020,1,7,0.026440543
08/10/2020,301.9749618,0.781,2020,1,8,0.026090637
09/10/2020,299.8004629,0.786,2020,1,9,0.02590276
10/10/2020,296.3696321,0.79,2020,1,10,0.025606336
11/10/2020,294.1569505,0.794,2020,1,11,0.025415161
12/10/2020,294.1569505,0.794,2020,1,12,0.025415161
13/10/2020,292.0908397,0.796,2020,1,13,0.025236649
14/10/2020,291.0763134,0.796,2020,1,14,0.025148993
15/10/2020,288.6463718,0.802,2020,1,15,0.024939047
16/10/2020,287.6369583,0.803,2020,1,16,0.024851833
17/10/2020,284.2068349,0.813,2020,1,17,0.024555471
18/10/2020,283.2037587,0.813,2020,1,18,0.024468805
19/10/2020,283.4572802,0.813,2020,1,19,0.024490709
20/10/2020,281.264593,0.816,2020,1,20,0.024301261
21/10/2020,281.8757934,0.816,2020,1,21,0.024354069
22/10/2020,279.3120898,0.821,2020,1,22,0.024132565
23/10/2020,280.8693534,0.821,2020,1,23,0.024267112
24/10/2020,287.6369583,0.803,2020,1,24,0.024851833
25/10/2020,283.4572802,0.813,2020,1,25,0.024490709
26/10/2020,280.7640347,0.821,2020,1,26,0.024258013
27/10/2020,280.8693534,0.821,2020,1,27,0.024267112
28/10/2020,277.3093112,0.821,2020,1,28,0.023959524
29/10/2020,273.2349964,0.825,2020,1,29,0.023607504
30/10/2020,271.2431373,0.831,2020,1,30,0.023435407
31/10/2020,264.4699006,0.848,2020,1,31,0.022850199
01/11/2020,261.9878167,0.854,2020,2,32,0.022635747
02/11/2020,261.9200144,0.854,2020,2,33,0.022629889
03/11/2020,264.4699006,0.848,2020,2,34,0.022850199
04/11/2020,268.3381446,0.837,2020,2,35,0.023184416
05/11/2020,273.158458,0.825,2020,2,36,0.023600891
06/11/2020,283.4572802,0.813,2020,2,37,0.024490709
07/11/2020,280.7640347,0.821,2020,2,38,0.024258013
08/11/2020,277.3093112,0.821,2020,2,39,0.023959524
09/11/2020,281.7655208,0.816,2020,2,40,0.024344541
10/11/2020,286.9676854,0.804,2020,2,41,0.024794008
11/11/2020,290.5579832,0.797,2020,2,42,0.02510421
12/11/2020,295.3493959,0.79,2020,2,43,0.025518188
13/11/2020,298.2598359,0.787,2020,2,44,0.02576965
14/11/2020,306.3559977,0.775,2020,2,45,0.026469158
15/11/2020,301.9749618,0.781,2020,2,46,0.026090637
16/11/2020,295.3493959,0.79,2020,2,47,0.025518188
17/11/2020,294.1569505,0.794,2020,2,48,0.025415161
18/11/2020,294.1569505,0.794,2020,2,49,0.025415161
19/11/2020,299.8004629,0.786,2020,2,50,0.02590276
20/11/2020,303.0063783,0.78,2020,2,51,0.026179751
21/11/2020,311.550902,0.765,2020,2,52,0.026917998
22/11/2020,314.0282443,0.763,2020,2,53,0.02713204
23/11/2020,312.9892808,0.763,2020,2,54,0.027042274
24/11/2020,311.9515168,0.765,2020,2,55,0.026952611
25/11/2020,321.1991044,0.757,2020,2,56,0.027751603
26/11/2020,332.285822,0.739,2020,2,57,0.028709495
27/11/2020,333.3474218,0.739,2020,2,58,0.028801217
28/11/2020,334.7154799,0.735,2020,2,59,0.028919417
29/11/2020,338.2142929,0.73,2020,2,60,0.029221715
30/11/2020,337.1527145,0.73,2020,2,61,0.029129995
01/12/2020,338.2142929,0.73,2020,3,62,0.029221715
02/12/2020,342.0332814,0.721,2020,3,63,0.029551676
03/12/2020,353.4752022,0.709,2020,3,64,0.030540257
04/12/2020,369.7464199,0.692,2020,3,65,0.031946091
05/12/2020,378.1472764,0.684,2020,3,66,0.032671925
06/12/2020,413.7262074,0.639,2020,3,67,0.035745944
07/12/2020,399.4993345,0.654,2020,3,68,0.034516743
08/12/2020,419.1786293,0.634,2020,3,69,0.036217034
09/12/2020,438.3453313,0.611,2020,3,70,0.037873037
10/12/2020,441.6383588,0.611,2020,3,71,0.038157554
11/12/2020,453.5963517,0.598,2020,3,72,0.039190725
12/12/2020,462.4303006,0.592,2020,3,73,0.039953978
13/12/2020,463.6058643,0.59,2020,3,74,0.040055547
14/12/2020,469.8085045,0.585,2020,3,75,0.040591455
15/12/2020,471.4843233,0.581,2020,3,76,0.040736246
16/12/2020,478.0984311,0.577,2020,3,77,0.041307704
17/12/2020,479.2435802,0.573,2020,3,78,0.041406645
18/12/2020,489.8295547,0.563,2020,3,79,0.042321274
19/12/2020,513.7579853,0.547,2020,3,80,0.04438869
20/12/2020,513.7579853,0.547,2020,3,81,0.04438869
21/12/2020,523.496894,0.541,2020,3,82,0.045230132
22/12/2020,521.2226559,0.543,2020,3,83,0.045033637
23/12/2020,531.5113169,0.536,2020,3,84,0.045922578
24/12/2020,538.3655069,0.533,2020,3,85,0.04651478
25/12/2020,542.6505833,0.53,2020,3,86,0.04688501
26/12/2020,545.8421609,0.527,2020,3,87,0.047160763
27/12/2020,554.3767902,0.523,2020,3,88,0.047898155
28/12/2020,559.96273,0.516,2020,3,89,0.04838078
29/12/2020,571.9170303,0.507,2020,3,90,0.049413631
30/12/2020,580.5973176,0.501,2020,3,91,0.050163608
31/12/2020,589.3541016,0.496,2020,3,92,0.050920194
01/01/2021,602.43414,0.491,2020,4,93,0.05205031
02/01/2021,614.1223919,0.483,2020,4,94,0.053060175
03/01/2021,620.731848,0.479,2020,4,95,0.053631232
04/01/2021,648.5207203,0.469,2020,4,96,0.05603219
05/01/2021,662.272075,0.466,2020,4,97,0.057220307
06/01/2021,672.5791768,0.459,2020,4,98,0.058110841
07/01/2021,689.9036319,0.453,2020,4,99,0.059607674
08/01/2021,708.3839667,0.445,2020,4,100,0.061204375
09/01/2021,709.6868407,0.444,2020,4,101,0.061316943
10/01/2021,734.8345553,0.434,2020,4,102,0.063489706
11/01/2021,753.8055542,0.425,2020,4,103,0.0651288
12/01/2021,786.6880868,0.41,2020,4,104,0.067969851
13/01/2021,788.9682111,0.408,2020,4,105,0.068166853
14/01/2021,807.5256466,0.402,2020,4,106,0.069770216
15/01/2021,818.4932403,0.398,2020,4,107,0.070717816
16/01/2021,846.448031,0.39,2020,4,108,0.07313311
17/01/2021,869.3707996,0.381,2020,4,109,0.075113637
18/01/2021,923.8858736,0.358,2020,4,110,0.079823739
19/01/2021,944.7062839,0.351,2020,4,111,0.081622623
20/01/2021,958.7704631,0.345,2020,4,112,0.082837768
21/01/2021,977.7822992,0.34,2020,4,113,0.084480391
22/01/2021,1003.964761,0.331,2020,4,114,0.086742555
23/01/2021,1057.739078,0.316,2020,4,115,0.091388656
24/01/2021,1059.43853,0.315,2020,4,116,0.091535489
25/01/2021,1087.119035,0.311,2020,4,117,0.093927085
26/01/2021,1091.877648,0.309,2020,4,118,0.094338229
27/01/2021,1109.426672,0.306,2020,4,119,0.095854464
28/01/2021,1126.630573,0.299,2020,4,120,0.097340881
29/01/2021,1144.214708,0.294,2020,4,121,0.098860151
30/01/2021,1188.668778,0.284,2020,4,122,0.102700982
31/01/2021,1248.422075,0.268,2020,4,123,0.107863667
01/02/2021,1247.680031,0.269,2020,5,124,0.107799555
02/02/2021,1269.263372,0.264,2020,5,125,0.109664355
03/02/2021,1304.201242,0.258,2020,5,126,0.112682987
04/02/2021,1342.840825,0.253,2020,5,127,0.116021447
05/02/2021,1391.611873,0.246,2020,5,128,0.120235266
06/02/2021,1453.894985,0.237,2020,5,129,0.125616527
07/02/2021,1510.459212,0.229,2020,5,130,0.130503676
08/02/2021,1601.915247,0.218,2020,5,131,0.138405477
09/02/2021,1703.831156,0.207,2020,5,132,0.147211012
10/02/2021,1869.273061,0.192,2020,5,133,0.161505192
11/02/2021,1973.701628,0.181,2020,5,134,0.170527821
12/02/2021,2117.648954,0.166,2020,5,135,0.18296487
13/02/2021,2210.882047,0.156,2020,5,136,0.191020209
14/02/2021,2377.419468,0.14,2020,5,137,0.205409042
15/02/2021,2478.517271,0.13,2020,5,138,0.214143892
16/02/2021,2648.213066,0.116,2020,5,139,0.228805609
17/02/2021,2794.148781,0.106,2020,5,140,0.241414455
18/02/2021,2900.911717,0.098,2020,5,141,0.250638772
19/02/2021,3036.06428,0.087,2020,5,142,0.262315954
20/02/2021,3177.867307,0.076,2020,5,143,0.274567735
21/02/2021,3353.734575,0.068,2020,5,144,0.289762667
22/02/2021,3477.82784,0.06,2020,5,145,0.300484325
23/02/2021,3556.813784,0.056,2020,5,146,0.307308711
24/02/2021,3602.609904,0.054,2020,5,147,0.311265496
25/02/2021,3628.020203,0.053,2020,5,148,0.313460946
26/02/2021,3707.616816,0.05,2020,5,149,0.320338093
27/02/2021,3723.495426,0.049,2020,5,150,0.321710005
28/02/2021,3732.969062,0.049,2020,5,151,0.322528527
01/03/2021,3732.969062,0.049,2020,6,152,0.322528527
02/03/2021,3718.199959,0.05,2020,6,153,0.321252476
03/03/2021,3697.044166,0.051,2020,6,154,0.319424616
04/03/2021,3666.403958,0.052,2020,6,155,0.316777302
05/03/2021,3653.275529,0.052,2020,6,156,0.315643006
06/03/2021,3620.172346,0.053,2020,6,157,0.312782891
07/03/2021,3586.681473,0.055,2020,6,158,0.309889279
08/03/2021,3563.291322,0.055,2020,6,159,0.30786837
09/03/2021,3551.423769,0.056,2020,6,160,0.306843014
10/03/2021,3533.259459,0.057,2020,6,161,0.305273617
11/03/2021,3513.695603,0.058,2020,6,162,0.3035833
12/03/2021,3499.704385,0.058,2020,6,163,0.302374459
13/03/2021,3470.191276,0.06,2020,6,164,0.299824526
14/03/2021,3475.244029,0.06,2020,6,165,0.300261084
15/03/2021,3472.660945,0.06,2020,6,166,0.300037906
16/03/2021,3464.915633,0.061,2020,6,167,0.299368711
17/03/2021,3464.915633,0.061,2020,6,168,0.299368711
18/03/2021,3462.335142,0.061,2020,6,169,0.299145756
19/03/2021,3431.524668,0.062,2020,6,170,0.296483731
20/03/2021,3411.107891,0.064,2020,6,171,0.294719722
21/03/2021,3403.425217,0.065,2020,6,172,0.294055939
22/03/2021,3395.442442,0.066,2020,6,173,0.293366227
23/03/2021,3387.757382,0.067,2020,6,174,0.292702238
24/03/2021,3380.129397,0.067,2020,6,175,0.29204318
25/03/2021,3377.568464,0.067,2020,6,176,0.291821915
26/03/2021,3351.188607,0.068,2020,6,177,0.289542696
27/03/2021,3337.443585,0.069,2020,6,178,0.288355126
28/03/2021,3324.750996,0.069,2020,6,179,0.287258486
29/03/2021,3265.01579,0.072,2020,6,180,0.282097364
30/03/2021,3227.99625,0.074,2020,6,181,0.278898876
31/03/2021,3175.718203,0.077,2020,6,182,0.274382053
01/04/2021,3150.294806,0.078,2020,7,183,0.272185471
02/04/2021,3128.617763,0.08,2020,7,184,0.270312575
03/04/2021,3107.099719,0.081,2020,7,185,0.268453416
04/04/2021,3065.894716,0.084,2020,7,186,0.264893303
05/04/2021,3042.429802,0.086,2020,7,187,0.262865935
06/04/2021,3017.189738,0.088,2020,7,188,0.260685193
07/04/2021,2955.947233,0.093,2020,7,189,0.255393841
08/04/2021,2935.822526,0.094,2020,7,190,0.253655066
09/04/2021,2912.627523,0.097,2020,7,191,0.251651018
10/04/2021,2904.523282,0.098,2020,7,192,0.250950812
11/04/2021,2874.938402,0.1,2020,7,193,0.248394678
12/04/2021,2866.365054,0.1,2020,7,194,0.247653941
13/04/2021,2851.993306,0.101,2020,7,195,0.246412222
14/04/2021,2845.622932,0.103,2020,7,196,0.245861821
15/04/2021,2833.646392,0.103,2020,7,197,0.244827048
16/04/2021,2814.188775,0.105,2020,7,198,0.24314591
17/04/2021,2804.968918,0.105,2020,7,199,0.242349314
18/04/2021,2796.522384,0.106,2020,7,200,0.241619534
19/04/2021,2800.215892,0.105,2020,7,201,0.241938653
20/04/2021,2802.592047,0.105,2020,7,202,0.242143953
21/04/2021,2809.724706,0.105,2020,7,203,0.242760215
22/04/2021,2809.724706,0.105,2020,7,204,0.242760215
23/04/2021,2836.040343,0.103,2020,7,205,0.245033886
24/04/2021,2842.823364,0.103,2020,7,206,0.245619939
25/04/2021,2861.571738,0.1,2020,7,207,0.247239798
26/04/2021,2877.336663,0.099,2020,7,208,0.248601888
27/04/2021,2899.708204,0.098,2020,7,209,0.250534789
28/04/2021,2916.57317,0.096,2020,7,210,0.251991922
29/04/2021,2929.719599,0.095,2020,7,211,0.253127773
30/04/2021,2938.233502,0.094,2020,7,212,0.253863375
01/05/2021,2940.645193,0.094,2020,8,213,0.254071745
02/05/2021,2935.822526,0.094,2020,8,214,0.253655066
03/05/2021,2938.233502,0.094,2020,8,215,0.253863375
04/05/2021,2934.540138,0.095,2020,8,216,0.253544268
05/05/2021,2922.493996,0.095,2020,8,217,0.252503481
06/05/2021,2921.397983,0.095,2020,8,218,0.252408786
07/05/2021,2902.115436,0.098,2020,8,219,0.250742774
08/05/2021,2869.120788,0.1,2020,8,220,0.247892036
09/05/2021,2847.611461,0.103,2020,8,221,0.24603363
10/05/2021,2807.346505,0.105,2020,8,222,0.242554738
11/05/2021,2779.637568,0.107,2020,8,223,0.240160686
12/05/2021,2729.721459,0.11,2020,8,224,0.235847934
13/05/2021,2685.271945,0.114,2020,8,225,0.232007496
14/05/2021,2641.231962,0.117,2020,8,226,0.228202442
15/05/2021,2601.709618,0.12,2020,8,227,0.224787711
16/05/2021,2567.824783,0.123,2020,8,228,0.221860061
17/05/2021,2515.790443,0.126,2020,8,229,0.217364294
18/05/2021,2465.768898,0.13,2020,8,230,0.213042433
19/05/2021,2422.721944,0.134,2020,8,231,0.209323176
20/05/2021,2388.366418,0.138,2020,8,232,0.206354858
21/05/2021,2351.19508,0.142,2020,8,233,0.203143255
22/05/2021,2306.617567,0.146,2020,8,234,0.199291758
23/05/2021,2267.353337,0.15,2020,8,235,0.195899328
24/05/2021,2208.721657,0.156,2020,8,236,0.190833551
25/05/2021,2168.825954,0.161,2020,8,237,0.187386562
26/05/2021,2137.434951,0.165,2020,8,238,0.18467438
27/05/2021,2115.512923,0.166,2020,8,239,0.182780317
28/05/2021,2084.952405,0.17,2020,8,240,0.180139888
29/05/2021,2047.485476,0.174,2020,8,241,0.176902745
30/05/2021,2018.659843,0.177,2020,8,242,0.17441221
31/05/2021,1971.628772,0.182,2020,8,243,0.170348726
01/06/2021,1943.104101,0.184,2020,9,244,0.167884194
02/06/2021,1894.290366,0.189,2020,9,245,0.163666688
03/06/2021,1867.358236,0.192,2020,9,246,0.161339752
04/06/2021,1833.345807,0.194,2020,9,247,0.158401078
05/06/2021,1794.843105,0.197,2020,9,248,0.155074444
06/06/2021,1761.569164,0.201,2020,9,249,0.152199576
07/06/2021,1715.927916,0.206,2020,9,250,0.148256172
08/06/2021,1683.869554,0.208,2020,9,251,0.145486329
09/06/2021,1643.965104,0.214,2020,9,252,0.142038585
10/06/2021,1601.915247,0.218,2020,9,253,0.138405477
11/06/2021,1575.459176,0.221,2020,9,254,0.136119673
12/06/2021,1545.85599,0.225,2020,9,255,0.133561958
13/06/2021,1510.459212,0.229,2020,9,256,0.130503676
14/06/2021,1486.040231,0.234,2020,9,257,0.128393876
15/06/2021,1453.894985,0.237,2020,9,258,0.125616527
16/06/2021,1418.506838,0.242,2020,9,259,0.122558991
17/06/2021,1388.087464,0.247,2020,9,260,0.119930757
18/06/2021,1350.716406,0.252,2020,9,261,0.116701897
19/06/2021,1315.682766,0.256,2020,9,262,0.113674991
20/06/2021,1280.850192,0.262,2020,9,263,0.110665457
21/06/2021,1262.280873,0.266,2020,9,264,0.109061067
22/06/2021,1232.467675,0.272,2020,9,265,0.106485207
23/06/2021,1217.699783,0.275,2020,9,266,0.105209261
24/06/2021,1195.919319,0.282,2020,9,267,0.103327429
25/06/2021,1168.070801,0.287,2020,9,268,0.100921317
26/06/2021,1153.287428,0.29,2020,9,269,0.099644034
27/06/2021,1139.779154,0.296,2020,9,270,0.098476919
28/06/2021,1119.727751,0.301,2020,9,271,0.096744478
29/06/2021,1091.067842,0.309,2020,9,272,0.094268262
30/06/2021,1059.43853,0.315,2020,9,273,0.091535489
01/07/2021,1022.70375,0.323,2020,10,274,0.088361604
02/07/2021,1011.642038,0.328,2020,10,275,0.087405872
03/07/2021,983.9781378,0.336,2020,10,276,0.085015711
04/07/2021,961.9485368,0.344,2020,10,277,0.083112354
05/07/2021,951.5360595,0.348,2020,10,278,0.082212716
06/07/2021,932.5514774,0.355,2020,10,279,0.080572448
07/07/2021,914.4539428,0.363,2020,10,280,0.079008821
08/07/2021,891.7812405,0.373,2020,10,281,0.077049899
09/07/2021,881.5761671,0.378,2020,10,282,0.076168181
10/07/2021,846.448031,0.39,2020,10,283,0.07313311
11/07/2021,822.8408438,0.396,2020,10,284,0.071093449
12/07/2021,807.5256466,0.402,2020,10,285,0.069770216
13/07/2021,789.5558754,0.408,2020,10,286,0.068217628
14/07/2021,774.2695003,0.417,2020,10,287,0.066896885
15/07/2021,753.4115975,0.425,2020,10,288,0.065094762
16/07/2021,733.8591236,0.434,2020,10,289,0.063405428
17/07/2021,721.0583406,0.442,2020,10,290,0.062299441
18/07/2021,705.3880052,0.445,2020,10,291,0.060945524
19/07/2021,689.9036319,0.453,2020,10,292,0.059607674
20/07/2021,672.5791768,0.459,2020,10,293,0.058110841
21/07/2021,654.7989262,0.468,2020,10,294,0.056574627
22/07/2021,642.0394249,0.471,2020,10,295,0.055472206
23/07/2021,626.4737131,0.478,2020,10,296,0.054127329
24/07/2021,604.884059,0.487,2020,10,297,0.052261983
25/07/2021,595.3454974,0.493,2020,10,298,0.051437851
26/07/2021,582.3021391,0.501,2020,10,299,0.050310905
27/07/2021,579.3325334,0.502,2020,10,300,0.050054331
28/07/2021,569.4864941,0.512,2020,10,301,0.049203633
29/07/2021,566.3264849,0.512,2020,10,302,0.048930608
30/07/2021,559.96273,0.516,2020,10,303,0.04838078
31/07/2021,547.6742004,0.526,2020,10,304,0.047319051
01/08/2021,546.3777251,0.527,2020,11,305,0.047207035
02/08/2021,539.6045141,0.532,2020,11,306,0.04662183
03/08/2021,528.0556535,0.54,2020,11,307,0.045624008
04/08/2021,522.4424144,0.543,2020,11,308,0.045139025
05/08/2021,515.7094882,0.547,2020,11,309,0.0445573
06/08/2021,506.6161457,0.551,2020,11,310,0.043771635
07/08/2021,500.582768,0.555,2020,11,311,0.043250351
08/08/2021,494.1855773,0.563,2020,11,312,0.042697634
09/08/2021,488.9951427,0.566,2020,11,313,0.04224918
10/08/2021,483.0758038,0.569,2020,11,314,0.041737749
11/08/2021,476.2460745,0.577,2020,11,315,0.041147661
12/08/2021,470.8966113,0.581,2020,11,316,0.040685467
13/08/2021,470.3674407,0.582,2020,11,317,0.040639747
14/08/2021,468.6269972,0.585,2020,11,318,0.040489373
15/08/2021,462.4303006,0.592,2020,11,319,0.039953978
16/08/2021,456.0318071,0.595,2020,11,320,0.039401148
17/08/2021,451.9350902,0.598,2020,11,321,0.039047192
18/08/2021,448.3881969,0.602,2020,11,322,0.03874074
19/08/2021,439.3307963,0.611,2020,11,323,0.037958181
20/08/2021,435.693818,0.615,2020,11,324,0.037643946
21/08/2021,430.8310279,0.62,2020,11,325,0.037223801
22/08/2021,424.6193743,0.627,2020,11,326,0.036687114
23/08/2021,425.2712492,0.627,2020,11,327,0.036743436
24/08/2021,419.4378606,0.634,2020,11,328,0.036239431
25/08/2021,419.1786293,0.634,2020,11,329,0.036217034
26/08/2021,413.7262074,0.639,2020,11,330,0.035745944
27/08/2021,407.7461864,0.643,2020,11,331,0.035229271
28/08/2021,403.8285862,0.647,2020,11,332,0.03489079
29/08/2021,398.0488317,0.657,2020,11,333,0.034391419
30/08/2021,392.5904344,0.66,2020,11,334,0.033919814
31/08/2021,388.4420106,0.667,2020,11,335,0.03356139
01/09/2021,387.4168636,0.667,2020,12,336,0.033472817
02/09/2021,382.5827229,0.673,2020,12,337,0.033055147
03/09/2021,379.8042585,0.684,2020,12,338,0.032815088
04/09/2021,374.5698046,0.688,2020,12,339,0.032362831
05/09/2021,373.4686392,0.689,2020,12,340,0.03226769
06/09/2021,368.129178,0.694,2020,12,341,0.031806361
07/09/2021,363.266591,0.7,2020,12,342,0.031386233
08/09/2021,358.776827,0.703,2020,12,343,0.030998318
09/09/2021,353.4752022,0.709,2020,12,344,0.030540257
10/09/2021,351.653234,0.711,2020,12,345,0.030382839
11/09/2021,350.5802331,0.712,2020,12,346,0.030290132
12/09/2021,343.079124,0.719,2020,12,347,0.029642036
13/09/2021,342.0332814,0.721,2020,12,348,0.029551676
14/09/2021,339.2770631,0.73,2020,12,349,0.029313538
15/09/2021,334.2532482,0.735,2020,12,350,0.028879481
16/09/2021,332.285822,0.739,2020,12,351,0.028709495
17/09/2021,328.5881384,0.744,2020,12,352,0.028390015
18/09/2021,326.9778022,0.744,2020,12,353,0.028250882
19/09/2021,324.865736,0.749,2020,12,354,0.0280684
20/09/2021,318.9995345,0.759,2020,12,355,0.02756156
21/09/2021,316.9035646,0.76,2020,12,356,0.027380468
22/09/2021,311.9515168,0.765,2020,12,357,0.026952611
23/09/2021,311.7659319,0.765,2020,12,358,0.026936577
24/09/2021,306.4342151,0.775,2020,12,359,0.026475916
25/09/2021,307.0608714,0.774,2020,12,360,0.026530059
26/09/2021,303.4214612,0.78,2020,12,361,0.026215614
27/09/2021,301.9749618,0.781,2020,12,362,0.026090637
28/09/2021,298.7730683,0.786,2020,12,363,0.025813993
29/09/2021,296.3696321,0.79,2020,12,364,0.025606336
30/09/2021,294.1569505,0.794,2020,12,365,0.025415161
01/10/2021,287.6369583,0.803,2021,1,1,0.024851833
02/10/2021,286.9676854,0.804,2021,1,2,0.024794008
03/10/2021,283.4572802,0.813,2021,1,3,0.024490709
04/10/2021,281.7655208,0.816,2021,1,4,0.024344541
05/10/2021,279.3120898,0.821,2021,1,5,0.024132565
06/10/2021,274.1489741,0.825,2021,1,6,0.023686471
07/10/2021,273.1857977,0.825,2021,1,7,0.023603253
08/10/2021,269.3275661,0.836,2021,1,8,0.023269902
09/10/2021,268.3192732,0.837,2021,1,9,0.023182785
10/10/2021,268.3192732,0.837,2021,1,10,0.023182785
11/10/2021,267.3500237,0.837,2021,1,11,0.023099042
12/10/2021,272.238461,0.828,2021,1,12,0.023521403
13/10/2021,274.1489741,0.825,2021,1,13,0.023686471
14/10/2021,279.3120898,0.821,2021,1,14,0.024132565
15/10/2021,279.3120898,0.821,2021,1,15,0.024132565
16/10/2021,278.3101431,0.821,2021,1,16,0.024045996
17/10/2021,274.1489741,0.825,2021,1,17,0.023686471
18/10/2021,273.158458,0.825,2021,1,18,0.023600891
19/10/2021,274.1810354,0.825,2021,1,19,0.023689241
20/10/2021,273.1857977,0.825,2021,1,20,0.023603253
21/10/2021,273.1857977,0.825,2021,1,21,0.023603253
22/10/2021,272.238461,0.828,2021,1,22,0.023521403
23/10/2021,271.2431373,0.831,2021,1,23,0.023435407
24/10/2021,271.2431373,0.831,2021,1,24,0.023435407
25/10/2021,269.3275661,0.836,2021,1,25,0.023269902
26/10/2021,269.3275661,0.836,2021,1,26,0.023269902
27/10/2021,269.3275661,0.836,2021,1,27,0.023269902
28/10/2021,269.3275661,0.836,2021,1,28,0.023269902
29/10/2021,271.2431373,0.831,2021,1,29,0.023435407
30/10/2021,271.2431373,0.831,2021,1,30,0.023435407
31/10/2021,273.158458,0.825,2021,1,31,0.023600891
01/11/2021,273.2349964,0.825,2021,2,32,0.023607504
02/11/2021,274.1810354,0.825,2021,2,33,0.023689241
03/11/2021,273.1857977,0.825,2021,2,34,0.023603253
04/11/2021,274.1810354,0.825,2021,2,35,0.023689241
05/11/2021,273.1857977,0.825,2021,2,36,0.023603253
06/11/2021,273.2349964,0.825,2021,2,37,0.023607504
07/11/2021,272.238461,0.828,2021,2,38,0.023521403
08/11/2021,273.1857977,0.825,2021,2,39,0.023603253
09/11/2021,274.1810354,0.825,2021,2,40,0.023689241
10/11/2021,280.8693534,0.821,2021,2,41,0.024267112
11/11/2021,294.1569505,0.794,2021,2,42,0.025415161
12/11/2021,299.8004629,0.786,2021,2,43,0.02590276
13/11/2021,298.7730683,0.786,2021,2,44,0.025813993
14/11/2021,295.3493959,0.79,2021,2,45,0.025518188
15/11/2021,292.0908397,0.796,2021,2,46,0.025236649
16/11/2021,286.6286528,0.804,2021,2,47,0.024764716
17/11/2021,286.6286528,0.804,2021,2,48,0.024764716
18/11/2021,286.6286528,0.804,2021,2,49,0.024764716
19/11/2021,287.6369583,0.803,2021,2,50,0.024851833
20/11/2021,286.9676854,0.804,2021,2,51,0.024794008
21/11/2021,283.4572802,0.813,2021,2,52,0.024490709
22/11/2021,281.7655208,0.816,2021,2,53,0.024344541
23/11/2021,286.9676854,0.804,2021,2,54,0.024794008
24/11/2021,288.6463718,0.802,2021,2,55,0.024939047
25/11/2021,295.3493959,0.79,2021,2,56,0.025518188
26/11/2021,298.7730683,0.786,2021,2,57,0.025813993
27/11/2021,298.7730683,0.786,2021,2,58,0.025813993
28/11/2021,299.8004629,0.786,2021,2,59,0.02590276
29/11/2021,301.9749618,0.781,2021,2,60,0.026090637
30/11/2021,303.0063783,0.78,2021,2,61,0.026179751
01/12/2021,303.4214612,0.78,2021,3,62,0.026215614
02/12/2021,306.0248077,0.775,2021,3,63,0.026440543
03/12/2021,310.7254711,0.769,2021,3,64,0.026846681
04/12/2021,312.9892808,0.763,2021,3,65,0.027042274
05/12/2021,316.9035646,0.76,2021,3,66,0.027380468
06/12/2021,317.9509,0.76,2021,3,67,0.027470958
07/12/2021,324.865736,0.749,2021,3,68,0.0280684
08/12/2021,332.285822,0.739,2021,3,69,0.028709495
09/12/2021,336.3399913,0.732,2021,3,70,0.029059775
10/12/2021,336.3399913,0.732,2021,3,71,0.029059775
11/12/2021,342.7217586,0.721,2021,3,72,0.02961116
12/12/2021,342.0332814,0.721,2021,3,73,0.029551676
13/12/2021,340.5355551,0.729,2021,3,74,0.029422272
14/12/2021,342.0332814,0.721,2021,3,75,0.029551676
15/12/2021,343.079124,0.719,2021,3,76,0.029642036
16/12/2021,353.4752022,0.709,2021,3,77,0.030540257
17/12/2021,354.0597686,0.709,2021,3,78,0.030590764
18/12/2021,358.776827,0.703,2021,3,79,0.030998318
19/12/2021,363.266591,0.7,2021,3,80,0.031386233
20/12/2021,365.4434358,0.697,2021,3,81,0.031574313
21/12/2021,368.129178,0.694,2021,3,82,0.031806361
22/12/2021,368.6551974,0.694,2021,3,83,0.031851809
23/12/2021,373.4686392,0.689,2021,3,84,0.03226769
24/12/2021,369.7464199,0.692,2021,3,85,0.031946091
25/12/2021,374.5698046,0.688,2021,3,86,0.032362831
26/12/2021,383.1518338,0.673,2021,3,87,0.033104318
27/12/2021,415.9966913,0.637,2021,3,88,0.035942114
28/12/2021,415.4502681,0.637,2021,3,89,0.035894903
29/12/2021,421.846221,0.629,2021,3,90,0.036447513
30/12/2021,422.9868068,0.628,2021,3,91,0.03654606
31/12/2021,444.9099518,0.605,2021,3,92,0.03844022
01/01/2022,475.7296653,0.577,2021,4,93,0.041103043
02/01/2022,528.0556535,0.54,2021,4,94,0.045624008
03/01/2022,556.8768319,0.52,2021,4,95,0.048114158
04/01/2022,591.2966739,0.495,2021,4,96,0.051088033
05/01/2022,647.1982579,0.471,2021,4,97,0.055917929
06/01/2022,681.3024174,0.457,2021,4,98,0.058864529
07/01/2022,716.9097607,0.442,2021,4,99,0.061941003
08/01/2022,739.5126672,0.43,2021,4,100,0.063893894
09/01/2022,753.8055542,0.425,2021,4,101,0.0651288
10/01/2022,752.0027363,0.425,2021,4,102,0.064973036
11/01/2022,737.6297608,0.434,2021,4,103,0.063731211
12/01/2022,721.0583406,0.442,2021,4,104,0.062299441
13/01/2022,704.0189037,0.448,2021,4,105,0.060827233
14/01/2022,681.98274,0.456,2021,4,106,0.058923309
15/01/2022,673.4214798,0.459,2021,4,107,0.058183616
16/01/2022,689.9036319,0.453,2021,4,108,0.059607674
17/01/2022,705.3880052,0.445,2021,4,109,0.060945524
18/01/2022,732.0430429,0.435,2021,4,110,0.063248519
19/01/2022,757.0433113,0.423,2021,4,111,0.065408542
20/01/2022,788.9682111,0.408,2021,4,112,0.068166853
21/01/2022,801.3991511,0.405,2021,4,113,0.069240887
22/01/2022,811.8651602,0.402,2021,4,114,0.07014515
23/01/2022,829.3958749,0.396,2021,4,115,0.071659804
24/01/2022,857.7507527,0.383,2021,4,116,0.074109665
25/01/2022,885.2942622,0.375,2021,4,117,0.076489424
26/01/2022,903.9197924,0.368,2021,4,118,0.07809867
27/01/2022,901.5087285,0.368,2021,4,119,0.077890354
28/01/2022,904.5455891,0.368,2021,4,120,0.078152739
29/01/2022,902.1378913,0.368,2021,4,121,0.077944714
30/01/2022,902.4086298,0.368,2021,4,122,0.077968106
31/01/2022,905.4318887,0.368,2021,4,123,0.078229315
01/02/2022,917.5009073,0.36,2021,5,124,0.079272078
02/02/2022,916.6826483,0.36,2021,5,125,0.079201381
03/02/2022,921.2506138,0.36,2021,5,126,0.079596053
04/02/2022,922.7750782,0.36,2021,5,127,0.079727767
05/02/2022,925.4113383,0.358,2021,5,128,0.07995554
06/02/2022,930.3741603,0.355,2021,5,129,0.080384327
07/02/2022,946.2396941,0.351,2021,5,130,0.08175511
08/02/2022,951.4991519,0.348,2021,5,131,0.082209527
09/02/2022,955.696476,0.346,2021,5,132,0.082572176
10/02/2022,961.9485368,0.344,2021,5,133,0.083112354
11/02/2022,972.366521,0.341,2021,5,134,0.084012467
12/02/2022,987.7401618,0.336,2021,5,135,0.08534075
13/02/2022,986.1903327,0.336,2021,5,136,0.085206845
14/02/2022,989.2907314,0.336,2021,5,137,0.085474719
15/02/2022,999.1824112,0.333,2021,5,138,0.08632936
16/02/2022,1002.307607,0.332,2021,5,139,0.086599377
17/02/2022,1005.527999,0.331,2021,5,140,0.086877619
18/02/2022,1010.078855,0.328,2021,5,141,0.087270813
19/02/2022,1014.360549,0.325,2021,5,142,0.087640751
20/02/2022,1033.410306,0.32,2021,5,143,0.08928665
21/02/2022,1036.28586,0.319,2021,5,144,0.089535098
22/02/2022,1045.357555,0.318,2021,5,145,0.090318893
23/02/2022,1070.603959,0.314,2021,5,146,0.092500182
24/02/2022,1086.21333,0.311,2021,5,147,0.093848832
25/02/2022,1091.067842,0.309,2021,5,148,0.094268262
26/02/2022,1114.398694,0.303,2021,5,149,0.096284047
27/02/2022,1253.962488,0.268,2021,5,150,0.108342359
28/02/2022,1197.580462,0.282,2021,5,151,0.103470952
01/03/2022,1199.242348,0.282,2021,6,152,0.103614539
02/03/2022,1206.7575,0.279,2021,6,153,0.104263848
03/03/2022,1219.369955,0.275,2021,6,154,0.105353564
04/03/2022,1232.891301,0.271,2021,6,155,0.106521808
05/03/2022,1253.962488,0.268,2021,6,156,0.108342359
06/03/2022,1354.189137,0.252,2021,6,157,0.117001941
07/03/2022,1406.115119,0.244,2021,6,158,0.121488346
08/03/2022,1430.023798,0.241,2021,6,159,0.123554056
09/03/2022,1487.857087,0.232,2021,6,160,0.128550852
10/03/2022,1548.844761,0.224,2021,6,161,0.133820187
11/03/2022,1624.731409,0.215,2021,6,162,0.140376794
12/03/2022,1713.990259,0.206,2021,6,163,0.148088758
13/03/2022,1827.768775,0.195,2021,6,164,0.157919222
14/03/2022,1941.042208,0.184,2021,6,165,0.167706047
15/03/2022,2041.752721,0.175,2021,6,166,0.176407435
16/03/2022,2117.648954,0.166,2021,6,167,0.18296487
17/03/2022,2182.551437,0.159,2021,6,168,0.188572444
18/03/2022,2202.244803,0.156,2021,6,169,0.190273951
19/03/2022,2227.971972,0.154,2021,6,170,0.192496778
20/03/2022,2273.912516,0.149,2021,6,171,0.196466041
21/03/2022,2284.749297,0.149,2021,6,172,0.197402339
22/03/2022,2302.95947,0.146,2021,6,173,0.198975698
23/03/2022,2311.749718,0.146,2021,6,174,0.199735176
24/03/2022,2335.483211,0.144,2021,6,175,0.201785749
25/03/2022,2348.978197,0.142,2021,6,176,0.202951716
26/03/2022,2355.786716,0.141,2021,6,177,0.203539972
27/03/2022,2388.366418,0.138,2021,6,178,0.206354858
28/03/2022,2401.591755,0.137,2021,6,179,0.207497528
29/03/2022,2417.49729,0.135,2021,6,180,0.208871766
30/03/2022,2410.785405,0.135,2021,6,181,0.208291859
31/03/2022,2421.975516,0.134,2021,6,182,0.209258685
01/04/2022,2433.099766,0.133,2021,7,183,0.21021982
02/04/2022,2456.751475,0.131,2021,7,184,0.212263327
03/04/2022,2467.930991,0.13,2021,7,185,0.213229238
04/04/2022,2487.57124,0.129,2021,7,186,0.214926155
05/04/2022,2487.57124,0.129,2021,7,187,0.214926155
06/04/2022,2629.610893,0.118,2021,7,188,0.227198381
07/04/2022,2520.870958,0.126,2021,7,189,0.217803251
08/04/2022,2525.422257,0.126,2021,7,190,0.218196483
09/04/2022,2520.870958,0.126,2021,7,191,0.217803251
10/04/2022,2527.69892,0.126,2021,7,192,0.218393187
11/04/2022,2558.865655,0.125,2021,7,193,0.221085993
12/04/2022,2570.124858,0.123,2021,7,194,0.222058788
13/04/2022,2601.709618,0.12,2021,7,195,0.224787711
14/04/2022,2629.610893,0.118,2021,7,196,0.227198381
15/04/2022,2646.880326,0.116,2021,7,197,0.22869046
16/04/2022,2688.737482,0.113,2021,7,198,0.232306918
17/04/2022,2702.79557,0.113,2021,7,199,0.233521537
18/04/2022,2729.721459,0.11,2021,7,200,0.235847934
19/04/2022,2772.904731,0.107,2021,7,201,0.239578969
20/04/2022,2833.646392,0.103,2021,7,202,0.244827048
21/04/2022,2850.006587,0.102,2021,7,203,0.246240569
22/04/2022,2861.940501,0.1,2021,7,204,0.247271659
23/04/2022,2906.931948,0.098,2021,7,205,0.25115892
24/04/2022,2940.645193,0.094,2021,7,206,0.254071745
25/04/2022,2965.871324,0.092,2021,7,207,0.256251282
26/04/2022,3026.291722,0.087,2021,7,208,0.261471605
27/04/2022,3054.571287,0.085,2021,7,209,0.263914959
28/04/2022,3070.799549,0.084,2021,7,210,0.265317081
29/04/2022,3090.253328,0.082,2021,7,211,0.266997888
30/04/2022,3107.099719,0.081,2021,7,212,0.268453416
01/05/2022,3114.510443,0.081,2021,8,213,0.269093702
02/05/2022,3116.982122,0.08,2021,8,214,0.269307255
03/05/2022,3116.982122,0.08,2021,8,215,0.269307255
04/05/2022,3112.039585,0.081,2021,8,216,0.26888022
05/05/2022,3087.793991,0.083,2021,8,217,0.266785401
06/05/2022,3059.470852,0.085,2021,8,218,0.264338282
07/05/2022,3042.429802,0.086,2021,8,219,0.262865935
08/05/2022,3033.620091,0.087,2021,8,220,0.262104776
09/05/2022,3022.070274,0.088,2021,8,221,0.261106872
10/05/2022,3014.750546,0.088,2021,8,222,0.260474447
11/05/2022,2983.419675,0.09,2021,8,223,0.25776746
12/05/2022,2948.711379,0.093,2021,8,224,0.254768663
13/05/2022,2932.12946,0.095,2021,8,225,0.253335985
14/05/2022,2926.225562,0.095,2021,8,226,0.252825889
15/05/2022,2899.708204,0.098,2021,8,227,0.250534789
16/05/2022,2866.726609,0.1,2021,8,228,0.247685179
17/05/2022,2847.611461,0.103,2021,8,229,0.24603363
18/05/2022,2804.968918,0.105,2021,8,230,0.242349314
19/05/2022,2777.270419,0.107,2021,8,231,0.239956164
20/05/2022,2725.017814,0.111,2021,8,232,0.235441539
21/05/2022,2689.957087,0.113,2021,8,233,0.232412292
22/05/2022,2638.906359,0.118,2021,8,234,0.228001509
23/05/2022,2587.370026,0.122,2021,8,235,0.22354877
24/05/2022,2525.422257,0.126,2021,8,236,0.218196483
25/05/2022,2494.369237,0.129,2021,8,237,0.215513502
26/05/2022,2435.338015,0.133,2021,8,238,0.210413204
27/05/2022,2394.903728,0.138,2021,8,239,0.206919682
28/05/2022,2354.644328,0.141,2021,8,240,0.20344127
29/05/2022,2307.353185,0.146,2021,8,241,0.199355315
30/05/2022,2271.725317,0.15,2021,8,242,0.196277067
31/05/2022,2219.594927,0.155,2021,8,243,0.191773002
01/06/2022,2204.402985,0.156,2021,9,244,0.190460418
02/06/2022,2144.539866,0.163,2021,9,245,0.185288244
03/06/2022,2107.146497,0.168,2021,9,246,0.182057457
04/06/2022,2071.857079,0.171,2021,9,247,0.179008452
05/06/2022,2016.559886,0.177,2021,9,248,0.174230774
06/06/2022,1969.54068,0.182,2021,9,249,0.170168315
07/06/2022,1914.447147,0.187,2021,9,250,0.165408234
08/06/2022,1857.254799,0.192,2021,9,251,0.160466815
09/06/2022,1799.356219,0.197,2021,9,252,0.155464377
10/06/2022,1751.592348,0.202,2021,9,253,0.151337579
11/06/2022,1693.494893,0.208,2021,9,254,0.146317959
12/06/2022,1634.180994,0.215,2021,9,255,0.141193238
13/06/2022,1592.427629,0.219,2021,9,256,0.137585747
14/06/2022,1548.844761,0.224,2021,9,257,0.133820187
15/06/2022,1502.543433,0.231,2021,9,258,0.129819753
16/06/2022,1461.090142,0.237,2021,9,259,0.126238188
17/06/2022,1424.67207,0.242,2021,9,260,0.123091667
18/06/2022,1385.217466,0.247,2021,9,261,0.119682789
19/06/2022,1336.348951,0.254,2021,9,262,0.115460549
20/06/2022,1291.019664,0.26,2021,9,263,0.111544099
21/06/2022,1269.035467,0.264,2021,9,264,0.109644664
22/06/2022,1234.559894,0.271,2021,9,265,0.106665975
23/06/2022,1211.027079,0.276,2021,9,266,0.10463274
24/06/2022,1185.711457,0.285,2021,9,267,0.10244547
25/06/2022,1153.851767,0.29,2021,9,268,0.099692793
26/06/2022,1130.587155,0.299,2021,9,269,0.09768273
27/06/2022,1091.067842,0.309,2021,9,270,0.094268262
28/06/2022,1056.144798,0.316,2021,9,271,0.091250911
29/06/2022,1014.360549,0.325,2021,9,272,0.087640751
30/06/2022,996.0605658,0.333,2021,9,273,0.086059633
01/07/2022,970.6443985,0.342,2021,10,274,0.083863676
02/07/2022,941.6420724,0.352,2021,10,275,0.081357875
03/07/2022,918.2043988,0.36,2021,10,276,0.07933286
04/07/2022,891.3292723,0.373,2021,10,277,0.077010849
05/07/2022,864.8958108,0.381,2021,10,278,0.074726998
06/07/2022,826.4868411,0.396,2021,10,279,0.071408463
07/07/2022,807.5256466,0.402,2021,10,280,0.069770216
08/07/2022,786.6880868,0.41,2021,10,281,0.067969851
09/07/2022,759.007053,0.423,2021,10,282,0.065578209
10/07/2022,736.0570743,0.434,2021,10,283,0.063595331
11/07/2022,721.0583406,0.442,2021,10,284,0.062299441
12/07/2022,703.1298783,0.448,2021,10,285,0.060750421
13/07/2022,679.9526875,0.457,2021,10,286,0.058747912
14/07/2022,663.6057547,0.466,2021,10,287,0.057335537
15/07/2022,648.5207203,0.469,2021,10,288,0.05603219
16/07/2022,627.7711839,0.478,2021,10,289,0.05423943
17/07/2022,612.8375502,0.483,2021,10,290,0.052949164
18/07/2022,601.1580397,0.491,2021,10,291,0.051940055
19/07/2022,588.0881651,0.497,2021,10,292,0.050810817
20/07/2022,580.5973176,0.501,2021,10,293,0.050163608
21/07/2022,569.4864941,0.512,2021,10,294,0.049203633
22/07/2022,559.2951625,0.52,2021,10,295,0.048323102
23/07/2022,553.128125,0.523,2021,10,296,0.04779027
24/07/2022,543.8920288,0.53,2021,10,297,0.046992271
25/07/2022,531.5113169,0.536,2021,10,298,0.045922578
26/07/2022,528.0556535,0.54,2021,10,299,0.045624008
27/07/2022,518.904881,0.546,2021,10,300,0.044833382
28/07/2022,507.8182782,0.551,2021,10,301,0.043875499
29/07/2022,502.212538,0.555,2021,10,302,0.043391163
30/07/2022,497.4112145,0.561,2021,10,303,0.042976329
31/07/2022,486.6186309,0.567,2021,10,304,0.04204385
01/08/2022,479.2435802,0.573,2021,11,305,0.041406645
02/08/2022,476.9135068,0.577,2021,11,306,0.041205327
03/08/2022,471.5474974,0.581,2021,11,307,0.040741704
04/08/2022,467.4464875,0.585,2021,11,308,0.040387377
05/08/2022,459.5361407,0.595,2021,11,309,0.039703923
06/08/2022,452.4345618,0.598,2021,11,310,0.039090346
07/08/2022,451.8805053,0.598,2021,11,311,0.039042476
08/08/2022,442.5600397,0.605,2021,11,312,0.038237187
09/08/2022,435.693818,0.615,2021,11,313,0.037643946
10/08/2022,431.9776431,0.62,2021,11,314,0.037322868
11/08/2022,424.6193743,0.627,2021,11,315,0.036687114
12/08/2022,421.4626169,0.629,2021,11,316,0.03641437
13/08/2022,415.4502681,0.637,2021,11,317,0.035894903
14/08/2022,413.7262074,0.639,2021,11,318,0.035745944
15/08/2022,409.9999014,0.643,2021,11,319,0.035423991
16/08/2022,407.7461864,0.643,2021,11,320,0.035229271
17/08/2022,403.8285862,0.647,2021,11,321,0.03489079
18/08/2022,399.1644906,0.657,2021,11,322,0.034487812
19/08/2022,393.6989035,0.66,2021,11,323,0.034015585
20/08/2022,391.0562153,0.663,2021,11,324,0.033787257
21/08/2022,386.3097655,0.669,2021,11,325,0.033377164
22/08/2022,376.7756253,0.684,2021,11,326,0.032553414
23/08/2022,375.6721639,0.688,2021,11,327,0.032458075
24/08/2022,374.5698046,0.688,2021,11,328,0.032362831
25/08/2022,368.6551974,0.694,2021,11,329,0.031851809
26/08/2022,365.4434358,0.697,2021,11,330,0.031574313
27/08/2022,359.8554465,0.703,2021,11,331,0.031091511
28/08/2022,352.9900978,0.709,2021,11,332,0.030498344
29/08/2022,351.8498776,0.711,2021,11,333,0.030399829
30/08/2022,347.9363186,0.715,2021,11,334,0.030061698
31/08/2022,344.1419115,0.719,2021,11,335,0.029733861
01/09/2022,342.0055745,0.721,2021,12,336,0.029549282
02/09/2022,339.2770631,0.73,2021,12,337,0.029313538
03/09/2022,335.7780895,0.734,2021,12,338,0.029011227
04/09/2022,332.285822,0.739,2021,12,339,0.028709495
05/09/2022,326.6241243,0.744,2021,12,340,0.028220324
06/09/2022,326.4789012,0.744,2021,12,341,0.028207777
07/09/2022,324.865736,0.749,2021,12,342,0.0280684
08/09/2022,321.1991044,0.757,2021,12,343,0.027751603
09/09/2022,317.6762536,0.76,2021,12,344,0.027447228
10/09/2022,314.0282443,0.763,2021,12,345,0.02713204
11/09/2022,312.9892808,0.763,2021,12,346,0.027042274
12/09/2022,309.6863098,0.77,2021,12,347,0.026756897
13/09/2022,306.4342151,0.775,2021,12,348,0.026475916
14/09/2022,303.4214612,0.78,2021,12,349,0.026215614
15/09/2022,301.9749618,0.781,2021,12,350,0.026090637
16/09/2022,299.8004629,0.786,2021,12,351,0.02590276
17/09/2022,295.1776177,0.79,2021,12,352,0.025503346
18/09/2022,288.6463718,0.802,2021,12,353,0.024939047
19/09/2022,286.9676854,0.804,2021,12,354,0.024794008
20/09/2022,283.9851789,0.813,2021,12,355,0.024536319
21/09/2022,281.7834441,0.816,2021,12,356,0.02434609
22/09/2022,282.0489323,0.815,2021,12,357,0.024369028
23/09/2022,279.6346452,0.821,2021,12,358,0.024160433
24/09/2022,274.855732,0.825,2021,12,359,0.023747535
25/09/2022,272.9985986,0.825,2021,12,360,0.023587079
26/09/2022,273.1127948,0.825,2021,12,361,0.023596945
27/09/2022,268.465689,0.837,2021,12,362,0.023195436
28/09/2022,265.9011638,0.847,2021,12,363,0.022973861
29/09/2022,266.7957094,0.844,2021,12,364,0.023051149
30/09/2022,266.7957094,0.844,2021,12,365,0.023051149
