ExceedanceRnd,Flow,Exceedance,Volume,EWRRefExceedance,EWRBandNo,EWRChannelA,EWRChannelC,EWRChannelD,EWRChannelE,EWRChannelFG,EWRTotal,EWRProportion,FlowCanal,FlowSpill,SpillChannelA,SpillChannelC,SpillChannelD,SpillChannelE,SpillChannelFG,FlowChannelA,FlowChannelC,FlowChannelD,FlowChannelE,FlowChannelFG,FlowLeftChannel,Turbines,FlowTurbine1,FlowTurbine2,FlowTurbine3,FlowTurbine4,LevelTailwater,LevelHeadpond,HeadlossLeftChannel,HeadlossCanal,LevelForebay,HeadlossTurbine1,HeadlossTurbine2,HeadlossTurbine3,HeadlossTurbine4,HeadTurbine1,HeadTurbine2,HeadTurbine3,HeadTurbine4,EffTurbine1,EffTurbine2,EffTurbine3,EffTurbine4,LoadFactorTurbine1,LoadFactorTurbine2,LoadFactorTurbine3,LoadFactorTurbine4,EffGen1,EffGen2,EffGen3,EffGen4,PowerTurbine1,PowerTurbine2,PowerTurbine3,PowerTurbine4,Power,Energy,PerfMwPerCumec
0.0,7594.902896580312,0.003034090909090911,0.6561996102645389,0.027727272727272687,1.0511363636363635,69.60227272727273,13.278409090909092,16.482954545454547,20.210227272727273,186.75,306.3238636363636,0.041750514718074935,1100.0,6188.579032943948,30.397727272727273,4.721590909090909,8.517045454545455,59.78977272727273,6085.152896580312,100.0,18.0,25.0,80.0,6271.90289658031,1243.0,0.0,275.0,275.0,275.0,275.0,980.646928175734,990.2988678762363,0.9219672131147546,0.4799999999999999,988.8969006631218,0.5349347800000003,0.5349347800000003,0.5349347800000003,0.5349347800000003,7.715037707387611,7.715037707387611,7.715037707387611,7.715037707387611,0.0,0.0,0.0,0.0,1.0999999999999965,1.0999999999999965,1.0999999999999965,1.0999999999999965,0.9799999999999983,0.9799999999999983,0.9799999999999983,0.9799999999999983,0.0,0.0,0.0,0.0,0.0,0.0,0.0
0.01,5580.209657497622,0.010039344262295056,0.4821301144077946,0.08298360655737687,1.3114754098360655,72.47540983606558,13.534426229508197,17.488524590163934,22.714754098360658,191.85901639344263,318.072131147541,0.05707485620515977,1100.0,4162.1375263500795,27.524590163934427,4.465573770491804,7.511475409836065,57.28524590163934,4065.3506411041776,100.0,18.0,25.0,80.0,4257.209657497621,1243.0,1.8885245901639345,275.0,275.0,275.0,275.0,978.1969418365222,990.0537101066234,0.921967213114752,0.4799999999999998,988.6517428935068,0.5349347799999973,0.5349347799999973,0.5349347799999973,0.5349347799999973,9.919866276984777,9.919866276984777,9.919866276984777,9.919866276984777,0.3875209261081772,0.3875209261081772,0.3875209261081772,0.3875209261081772,1.1000000000000025,1.1000000000000025,1.1000000000000025,1.1000000000000025,0.9799999999999988,0.9799999999999988,0.9799999999999988,0.9799999999999988,10.472818804926737,10.472818804926737,10.472818804926737,10.472818804926737,41.89127521970695,1005.390605272967,0.007816622666695932
0.02,4801.054211386991,0.01997289972899727,0.41481108386383664,0.10837398373983767,1.3875338753387534,69.4390243902439,12.915989159891598,16.230352303523034,20.447154471544714,178.58265582655827,297.61517615176155,0.06204014107022051,1100.0,3403.4390352352298,30.5609756097561,5.084010840108401,8.769647696476964,59.552845528455286,3299.471555560432,100.0,18.0,25.0,80.0,3478.054211386992,1243.0,4.0,275.0,275.0,275.0,275.0,976.9975871506214,990.0043835513566,0.9219672131147475,0.4799999999999981,988.6024163382392,0.5349347799999954,0.5349347799999954,0.5349347799999954,0.5349347799999954,11.069894407623304,11.069894407623304,11.069894407623304,11.069894407623304,0.8414214074839752,0.8414214074839752,0.8414214074839752,0.8414214074839752,1.1000000000000059,1.1000000000000059,1.1000000000000059,1.1000000000000059,0.9800000000000022,0.9800000000000022,0.9800000000000022,0.9800000000000022,24.63430288426,24.63430288426,24.63430288426,24.63430288426,98.53721153704,2364.8930768889536,0.020618704616065485
0.03,4304.404443728052,0.02984590163934424,0.3719005439381038,0.14632786885245908,1.619672131147541,67.55081967213114,12.944262295081968,16.0327868852459,20.488524590163934,170.9606557377049,287.97704918032787,0.06697087630891296,1100.0,2916.427394547733,32.44918032786885,5.055737704918033,8.967213114754099,59.511475409836066,2810.443787990356,100.0,18.0,25.0,80.0,2981.4044437280613,1243.0,4.0,275.0,275.0,275.0,275.0,976.166833840508,990.0,0.921967213114752,0.4799999999999998,988.5980327868842,0.5349347799999973,0.5349347799999973,0.5349347799999973,0.5349347799999973,11.896264166377845,11.896264166377845,11.896264166377845,11.896264166377845,0.8597913347491885,0.8597913347491885,0.8597913347491885,0.8597913347491885,1.1000000000000025,1.1000000000000025,1.1000000000000025,1.1000000000000025,0.9799999999999988,0.9799999999999988,0.9799999999999988,0.9799999999999988,27.04395173383284,27.04395173383284,27.04395173383284,27.04395173383284,108.17580693533137,2596.2193664479532,0.025167035481061976
0.04,3931.2968778805857,0.0398859416445623,0.33966405024888285,0.1761803713527851,1.7374005305039788,66.40583554376659,12.904509283819628,15.851458885941645,20.40318302387268,169.12732095490716,284.6923076923077,0.07242949381276931,1100.0,2546.604570188285,33.59416445623342,5.095490716180372,9.148541114058355,59.59681697612732,2439.1695569256854,100.0,18.0,25.0,80.0,2608.2968778805935,1243.0,4.0,275.0,275.0,275.0,275.0,975.4964265384267,990.0,0.921967213114747,0.47999999999999793,988.5980327868796,0.5349347799999952,0.5349347799999952,0.5349347799999952,0.5349347799999952,12.56667146845769,12.56667146845769,12.56667146845769,12.56667146845769,0.8730972739058714,0.8730972739058714,0.8730972739058714,0.8730972739058714,1.1000000000000063,1.1000000000000063,1.1000000000000063,1.1000000000000063,0.9800000000000025,0.9800000000000025,0.9800000000000025,0.9800000000000025,29.008779376402646,29.008779376402646,29.008779376402646,29.008779376402646,116.03511750561059,2784.8428201346605,0.02954003505445369
0.05,3652.6910484177547,0.04984193548387096,0.3155925065832936,0.22777419354838674,1.8774193548387097,65.20322580645161,12.996774193548386,15.770967741935484,20.438709677419354,166.33870967741936,280.7483870967742,0.07690038521080851,1100.0,2271.942661320976,34.79677419354839,5.003225806451613,9.229032258064516,59.54797932720368,2163.365649735708,100.0,18.0,25.0,79.98668900462303,2329.704359413127,1243.0,4.0,275.0,275.0,275.0,275.0,974.9671259476635,990.0,0.9219672131147516,0.47999999999999965,988.5980327868838,0.5349347799999971,0.5349347799999971,0.5349347799999971,0.5349347799999971,13.095972059222207,13.095972059222207,13.095972059222207,13.095972059222207,0.8826282322544955,0.8826282322544955,0.8826282322544955,0.8826282322544955,1.1000000000000028,1.1000000000000028,1.1000000000000028,1.1000000000000028,0.9799999999999991,0.9799999999999991,0.9799999999999991,0.9799999999999991,30.560436707834825,30.560436707834825,30.560436707834825,30.560436707834825,122.2417468313393,2933.8019239521423,0.033493933618933325
0.06,3461.197084321362,0.05977777777777775,0.29904742808536583,0.2689430894308945,1.986449864498645,63.8130081300813,13.010840108401084,15.598915989159892,20.352303523035232,163.11924119241192,275.8943089430894,0.07972196960556698,1100.0,2085.3027753782717,36.1869918699187,4.989159891598916,9.401084010840108,59.621174077762646,1975.1043655281503,100.0,18.0,25.0,79.97347760079789,2138.223606720563,1243.0,4.0,275.0,275.0,275.0,275.0,974.588632691646,990.0,0.9219672131147475,0.4799999999999981,988.59803278688,0.5349347799999954,0.5349347799999954,0.5349347799999954,0.5349347799999954,13.474465315238065,13.474465315238065,13.474465315238065,13.474465315238065,0.8889548523630684,0.8889548523630684,0.8889548523630684,0.8889548523630684,1.1000000000000059,1.1000000000000059,1.1000000000000059,1.1000000000000059,0.9800000000000022,0.9800000000000022,0.9800000000000022,0.9800000000000022,31.66818280939723,31.66818280939723,31.66818280939723,31.66818280939723,126.67273123758892,3040.145549702137,0.036606706501297076
0.07,3266.212521158276,0.06998432601880875,0.2822007618280743,0.2946708463949848,2.0815047021943576,61.44827586206897,12.564263322884013,14.633228840125392,18.58307210031348,152.9498432601881,260.1786833855799,0.07967742719544078,1100.0,1906.0338377726953,38.55172413793103,5.435736677115988,10.366771159874608,61.24031857224515,1790.439287225527,100.0,18.0,25.0,79.82339067255863,1943.3891304857166,1243.0,4.0,275.0,275.0,275.0,275.0,974.1877165215266,990.0,0.9219672131147508,0.47999999999999937,988.5980327868831,0.5349347799999967,0.5349347799999967,0.5349347799999967,0.5349347799999967,13.875381485356984,13.875381485356984,13.875381485356984,13.875381485356984,0.8951441585251657,0.8951441585251657,0.8951441585251657,0.8951441585251657,1.1000000000000034,1.1000000000000034,1.1000000000000034,1.1000000000000034,0.9799999999999996,0.9799999999999996,0.9799999999999996,0.9799999999999996,32.837838380398416,32.837838380398416,32.837838380398416,32.837838380398416,131.35135352159367,3152.4324845182496,0.040238772234758774
0.08,3087.913094575469,0.0801117021276597,0.26679569137132064,0.3317287234042555,2.279255319148936,60.058510638297875,12.675531914893616,14.547872340425531,18.74468085106383,148.84840425531914,254.875,0.0825372011046334,1100.0,1733.0380945754707,39.941489361702125,5.324468085106383,10.452127659574469,61.09937278396567,1616.220636685122,100.0,18.0,25.0,79.8440536350295,1765.069040940441,1243.0,4.0,275.0,275.0,275.0,275.0,973.8083110479023,990.0,0.9219672131147472,0.47999999999999793,988.5980327868797,0.5349347799999952,0.5349347799999952,0.5349347799999952,0.5349347799999952,14.25478695898327,14.25478695898327,14.25478695898327,14.25478695898327,0.9005840429019335,0.9005840429019335,0.9005840429019335,0.9005840429019335,1.1000000000000063,1.1000000000000063,1.1000000000000063,1.1000000000000063,0.9800000000000024,0.9800000000000024,0.9800000000000024,0.9800000000000024,33.94038605231072,33.94038605231072,33.94038605231072,33.94038605231072,135.76154420924289,3258.277061021827,0.04397882618432594
0.09,2958.3242967552396,0.089859649122807,0.2555992192396519,0.3522456140350879,2.357894736842105,59.34035087719298,12.670175438596491,14.442105263157895,18.705263157894738,148.8140350877193,253.9719298245614,0.08587388540088575,1100.0,1604.3523669306728,40.65964912280702,5.329824561403509,10.557894736842105,60.82796501249877,1486.9770334971213,100.0,18.0,25.0,79.53322817039349,1635.7910685848408,1243.0,4.0,275.0,275.0,275.0,275.0,973.5236621465573,990.0,0.9219672131147538,0.48000000000000054,988.5980327868858,0.5349347799999981,0.5349347799999981,0.5349347799999981,0.5349347799999981,14.539435860328469,14.539435860328469,14.539435860328469,14.539435860328469,0.9043782461512319,0.9043782461512319,0.9043782461512319,0.9043782461512319,1.100000000000001,1.100000000000001,1.100000000000001,1.100000000000001,0.9799999999999974,0.9799999999999974,0.9799999999999974,0.9799999999999974,34.7638169025115,34.7638169025115,34.7638169025115,34.7638169025115,139.055267610046,3337.326422641103,0.04701264366888279
0.1,2817.5805410578664,0.09974670184696556,0.24343895874739968,0.33688654353561964,2.271767810026385,59.03693931398417,12.358839050131927,13.852242744063325,17.390501319261215,154.66754617414247,257.3060686015831,0.09134847255640625,1100.0,1460.2744724562817,40.96306068601583,5.641160949868074,11.147757255936675,61.48754366711709,1341.034949897342,100.0,18.0,25.0,78.87804498637828,1495.702496071487,1243.0,4.0,275.0,275.0,275.0,275.0,973.2049218001426,990.0,0.9219672131147469,0.4799999999999979,988.5980327868795,0.5349347799999951,0.5349347799999951,0.5349347799999951,0.5349347799999951,14.85817620674385,14.85817620674385,14.85817620674385,14.85817620674385,0.9083194145210498,0.9083194145210498,0.9083194145210498,0.9083194145210498,1.1000000000000063,1.1000000000000063,1.1000000000000063,1.1000000000000063,0.9800000000000026,0.9800000000000026,0.9800000000000026,0.9800000000000026,35.68098678530968,35.68098678530968,35.68098678530968,35.68098678530968,142.7239471412387,3425.3747313897334,0.050678622875571476
0.11,2688.375436635796,0.10955921052631594,0.23227563772533336,0.3777302631578946,2.4046052631578947,57.776315789473685,12.256578947368421,13.585526315789474,17.01644736842105,148.83881578947367,249.47368421052633,0.09280544013041117,1100.0,1338.901752425274,42.223684210526315,5.743421052631579,11.414473684210526,61.45584856379457,1218.0643249141108,100.0,18.0,25.0,78.47229593221562,1366.903140703584,1243.0,4.0,275.0,275.0,275.0,275.0,972.9042670495736,990.0,0.921967213114752,0.47999999999999987,988.5980327868842,0.5349347799999973,0.5349347799999973,0.5349347799999973,0.5349347799999973,15.158830957311348,15.158830957311348,15.158830957311348,15.158830957311348,0.9117813185681731,0.9117813185681731,0.9117813185681731,0.9117813185681731,1.1000000000000023,1.1000000000000023,1.1000000000000023,1.1000000000000023,0.9799999999999988,0.9799999999999988,0.9799999999999988,0.9799999999999988,36.54145884542245,36.54145884542245,36.54145884542245,36.54145884542245,146.1658353816898,3507.9800491605533,0.05437951804492759
0.12,2556.8712616377325,0.11975979112271523,0.22091367700549971,0.3980939947780681,2.4438642297650133,57.1644908616188,12.164490861618798,13.323759791122715,16.64490861618799,149.14882506527414,248.44647519582244,0.09720101048340533,1100.0,1208.4247864419149,42.8355091383812,5.835509138381201,11.676240208877285,59.97889980527025,1088.0986281510038,100.0,18.0,25.0,76.62380842145826,1237.247453216278,1243.0,4.0,275.0,275.0,275.0,275.0,972.5883220782238,990.0,0.9219672131147467,0.47999999999999776,988.5980327868792,0.5349347799999951,0.5349347799999951,0.5349347799999951,0.5349347799999951,15.47477592866149,15.47477592866149,15.47477592866149,15.47477592866149,0.9151048582110799,0.9151048582110799,0.9151048582110799,0.9151048582110799,1.1000000000000065,1.1000000000000065,1.1000000000000065,1.1000000000000065,0.9800000000000028,0.9800000000000028,0.9800000000000028,0.9800000000000028,37.43919510512465,37.43919510512465,37.43919510512465,37.43919510512465,149.7567804204986,3594.162730091957,0.05859538371273762
0.13,2428.7603630575695,0.12959932659932652,0.20984489536817377,0.43696969696969734,2.606060606060606,56.11784511784512,12.154882154882156,13.053872053872054,16.276094276094277,148.6127946127946,246.21548821548822,0.1013472756192759,1100.0,1082.544874842082,43.88215488215488,5.845117845117845,11.946127946127946,59.116260457664175,961.7552137110166,100.0,18.0,25.0,75.3923547337584,1110.368008323812,1243.0,4.0,275.0,275.0,275.0,275.0,972.2714775122186,990.0,0.9219672131147527,0.4800000000000001,988.5980327868848,0.5349347799999976,0.5349347799999976,0.5349347799999976,0.5349347799999976,15.79162049466561,15.79162049466561,15.79162049466561,15.79162049466561,0.9181539054548331,0.9181539054548331,0.9181539054548331,0.9181539054548331,1.1000000000000019,1.1000000000000019,1.1000000000000019,1.1000000000000019,0.9799999999999983,0.9799999999999983,0.9799999999999983,0.9799999999999983,38.332906136644496,38.332906136644496,38.332906136644496,38.332906136644496,153.33162454657798,3679.9589891178684,0.06314750968398335
0.14,2335.0438906211443,0.13958602150537625,0.20174779214966684,0.4147580645161294,2.5376344086021505,56.26881720430107,12.024193548387096,12.897849462365592,15.78763440860215,148.03763440860214,245.01612903225808,0.10492487130320811,1100.0,990.0277615888834,43.73118279569893,5.975806451612903,12.102150537634408,56.59275731216824,871.6258644917721,100.0,18.0,25.0,72.38039172077046,1019.6634989003743,1243.0,4.0,275.0,275.0,275.0,275.0,972.0331804614519,990.0,0.9219672131147474,0.47999999999999804,988.5980327868798,0.5349347799999953,0.5349347799999953,0.5349347799999953,0.5349347799999953,16.029917545434326,16.029917545434326,16.029917545434326,16.029917545434326,0.9202442472468232,0.9202442472468232,0.9202442472468232,0.9202442472468232,1.100000000000006,1.100000000000006,1.100000000000006,1.100000000000006,0.9800000000000023,0.9800000000000023,0.9800000000000023,0.9800000000000023,38.99991093549838,38.99991093549838,38.99991093549838,38.99991093549838,155.9996437419935,3743.9914498078474,0.0668233745779194
0.15,2243.8116256589697,0.14963888888888946,0.1938653244569343,0.4096913580246918,2.521604938271605,55.382716049382715,11.635802469135802,12.382716049382717,14.753086419753087,140.25,234.40432098765433,0.10447711046519534,1100.0,909.4073046713073,44.617283950617285,6.364197530864198,12.617283950617283,51.84517427210768,793.9633649671011,100.0,18.0,25.0,66.59826069186074,934.2133649671019,1243.0,4.0,275.0,275.0,275.0,275.0,971.7957450495596,990.0,0.9219672131147505,0.47999999999999926,988.5980327868828,0.5349347799999966,0.5349347799999966,0.5349347799999966,0.5349347799999966,16.26735295732574,16.26735295732574,16.26735295732574,16.26735295732574,0.9221584568927904,0.9221584568927904,0.9221584568927904,0.9221584568927904,1.1000000000000036,1.1000000000000036,1.1000000000000036,1.1000000000000036,0.98,0.98,0.98,0.98,39.65986477844673,39.65986477844673,39.65986477844673,39.65986477844673,158.63945911378693,3807.347018730891,0.07071392480757785
0.16,2160.2946889404643,0.1597262569832397,0.18664946112445596,0.4335195530726264,2.594972067039106,55.13128491620112,11.578212290502794,12.192737430167599,14.379888268156424,143.07262569832403,236.35474860335196,0.10945633935424597,1100.0,823.9399403371126,44.86871508379888,6.421787709497207,12.807262569832401,47.98620730076689,711.8559676732164,100.0,18.0,25.0,62.36609556892328,854.9285933715393,1243.0,4.0,275.0,275.0,275.0,275.0,971.5733148660338,990.0,0.9219672131147482,0.4799999999999983,988.5980327868806,0.5349347799999956,0.5349347799999956,0.5349347799999956,0.5349347799999956,16.489783140849166,16.489783140849166,16.489783140849166,16.489783140849166,0.9237956605567109,0.9237956605567109,0.9237956605567109,0.9237956605567109,1.1000000000000054,1.1000000000000054,1.1000000000000054,1.1000000000000054,0.9800000000000016,0.9800000000000016,0.9800000000000016,0.9800000000000016,40.27352659555917,40.27352659555917,40.27352659555917,40.27352659555917,161.09410638223667,3866.2585531736713,0.07458618252460192
0.17,2064.5007971590244,0.1698793650793651,0.17837286887453954,0.4241269841269852,2.552380952380952,55.87301587301587,11.682539682539682,12.403174603174604,14.663492063492063,147.02857142857144,241.65079365079364,0.11707414679509125,1100.0,722.8500035082292,44.12698412698413,6.317460317460317,12.596825396825396,42.3463203805426,617.4624132864171,100.0,18.0,25.0,57.00981244403462,764.4909847149883,1243.0,4.0,275.0,275.0,275.0,275.0,971.3119827357693,990.0,0.9219672131147512,0.47999999999999954,988.5980327868834,0.534934779999997,0.534934779999997,0.534934779999997,0.534934779999997,16.75111527111413,16.75111527111413,16.75111527111413,16.75111527111413,0.9255290922636172,0.9255290922636172,0.9255290922636172,0.9255290922636172,1.100000000000003,1.100000000000003,1.100000000000003,1.100000000000003,0.9799999999999994,0.9799999999999994,0.9799999999999994,0.9799999999999994,40.988558207724374,40.988558207724374,40.988558207724374,40.988558207724374,163.9542328308975,3934.9015879415324,0.07943640785836474
0.18,1960.7205132192757,0.1803547557840621,0.16940625234214543,0.44478149100257086,2.627249357326478,54.55526992287918,11.323907455012854,11.768637532133676,13.42159383033419,139.46529562982005,230.53470437017995,0.11759426489790484,1100.0,630.1858088491003,45.44473007712082,6.676092544987147,13.231362467866324,35.47735662393098,529.3562671351939,100.0,18.0,25.0,48.89895045426515,668.8215627650137,1243.0,4.0,275.0,275.0,275.0,275.0,971.0208160582094,990.0,0.9219672131147465,0.47999999999999765,988.598032786879,0.5349347799999948,0.5349347799999948,0.5349347799999948,0.5349347799999948,17.042281948678692,17.042281948678692,17.042281948678692,17.042281948678692,0.9272145362929727,0.9272145362929727,0.9272145362929727,0.9272145362929727,1.1000000000000068,1.1000000000000068,1.1000000000000068,1.1000000000000068,0.980000000000003,0.980000000000003,0.980000000000003,0.980000000000003,41.777001981996044,41.777001981996044,41.777001981996044,41.777001981996044,167.10800792798418,4010.5921902716186,0.08526588932650334
0.19,1860.3088463051313,0.1900104529616723,0.1607306843207637,0.47076655052264804,2.7282229965156795,53.58536585365854,11.090592334494774,11.383275261324043,12.651567944250871,131.89895470383274,220.609756097561,0.11862352892477689,1100.0,539.6990902075711,46.41463414634146,6.909407665505227,13.616724738675957,30.01133533311804,442.74698832392954,100.0,18.0,25.0,42.662903277368905,574.645943027762,1243.0,4.0,275.0,275.0,275.0,275.0,970.731199148082,990.0,0.9219672131147536,0.4800000000000005,988.5980327868857,0.534934779999998,0.534934779999998,0.534934779999998,0.534934779999998,17.331898858802646,17.331898858802646,17.331898858802646,17.331898858802646,0.9286509057239851,0.9286509057239851,0.9286509057239851,0.9286509057239851,1.1000000000000012,1.1000000000000012,1.1000000000000012,1.1000000000000012,0.9799999999999975,0.9799999999999975,0.9799999999999975,0.9799999999999975,42.552704155946145,42.552704155946145,42.552704155946145,42.552704155946145,170.21081662378458,4085.0595989708345,0.09152162884702617
0.2,1760.2367476714273,0.20019587628865929,0.15208445499881146,0.4874999999999998,2.8195876288659796,52.78092783505155,10.989690721649485,11.157216494845361,12.20360824742268,126.09020618556701,213.22164948453607,0.12115634566428873,1100.0,447.01509818689124,47.21907216494845,7.010309278350515,13.83635992769486,24.953111690817437,353.99624512508035,100.0,18.0,24.99357642254022,37.156719938240116,480.08645131064793,1242.9935764225402,4.0,275.0,275.0,275.0,275.0,970.4335600225321,990.0,0.9219503643869834,0.4799999999999977,988.5980496356069,0.534934779999995,0.534934779999995,0.534934779999995,0.534934779999995,17.62955483308081,17.62955483308081,17.62955483308081,17.62955483308081,0.9298544249409813,0.9298544249409813,0.9298544249409813,0.9298544249409813,1.1000000000000068,1.1000000000000068,1.1000000000000068,1.1000000000000068,0.980000000000003,0.980000000000003,0.980000000000003,0.980000000000003,43.339605726612035,43.339605726612035,43.339605726612035,43.339605726612035,173.35842290644814,4160.602149754756,0.09852772621639737
0.21,1667.8969393042073,0.21005802047781655,0.1441062955558837,0.5134812286689415,2.9112627986348123,52.303754266211605,10.839590443686006,11.006825938566553,11.79863481228669,123.02047781569966,208.9692832764505,0.12535683060491987,1100.0,358.92765602775575,47.696245733788395,7.160409556313994,13.887362699543013,19.780573402825752,270.4030646352854,100.0,18.0,24.894188638109576,31.579208215112455,393.4235424509849,1242.8941886381097,4.0,275.0,275.0,275.0,275.0,970.1511127687268,990.0,0.9216896751163524,0.48000000000000026,988.5983103248835,0.5349347799999977,0.5349347799999977,0.5349347799999977,0.5349347799999977,17.91226277615476,17.91226277615476,17.91226277615476,17.91226277615476,0.9307618903221309,0.9307618903221309,0.9307618903221309,0.9307618903221309,1.1000000000000016,1.1000000000000016,1.1000000000000016,1.1000000000000016,0.979999999999998,0.979999999999998,0.979999999999998,0.979999999999998,44.077522195885635,44.077522195885635,44.077522195885635,44.077522195885635,176.31008878354254,4231.442130805003,0.10573249078915492
0.22,1583.8859318432683,0.21941847826086908,0.1368477445112586,0.4901902173913045,2.842391304347826,52.27717391304348,10.709239130434783,10.86413043478261,11.592391304347826,122.57336956521739,208.0163043478261,0.13137616712687625,1100.0,275.8696274954455,47.20108556182407,7.290760869565218,12.992453306874042,14.784188388774858,193.60113936840744,99.47825947486758,18.0,23.856583741656664,26.376579693122718,316.17450893362457,1241.3348432165255,4.0,275.0,275.0,275.0,275.0,969.8865945935077,990.0,0.9175995887646503,0.4799999999999981,988.6024004112329,0.5349347799999954,0.5349347799999954,0.5349347799999954,0.5349347799999954,18.18087103772595,18.18087103772595,18.18087103772595,18.18087103772595,0.9313912748247362,0.9313912748247362,0.9313912748247362,0.9313912748247362,1.1000000000000059,1.1000000000000059,1.1000000000000059,1.1000000000000059,0.9800000000000021,0.9800000000000021,0.9800000000000021,0.9800000000000021,44.768755827990745,44.768755827990745,44.768755827990745,44.768755827990745,179.07502331196298,4297.800559487121,0.11310242877655001
0.23,1507.5440079808168,0.2291249999999996,0.13025180228954286,0.4789338235294117,2.7904411764705883,52.0,10.533088235294118,10.639705882352942,11.125,118.125,202.42279411764707,0.13431534146219754,1100.0,205.12121386317108,45.29280655994349,7.4376913017583135,10.550575011332672,10.74902749138321,131.09111349875312,97.29280655994347,17.97077953705243,21.190280893685596,21.874027491383167,249.21611349875312,1236.4538669906822,4.0,275.0,275.0,275.0,275.0,969.6402355968806,990.0,0.9056306074698346,0.48000000000000104,988.6143693925301,0.5349347799999986,0.5349347799999986,0.5349347799999986,0.5349347799999986,18.43919901565106,18.43919901565106,18.43919901565106,18.43919901565106,0.9318024156466939,0.9318024156466939,0.9318024156466939,0.9318024156466939,1.0999999999999999,1.0999999999999999,1.0999999999999999,1.0999999999999999,0.9799999999999964,0.9799999999999964,0.9799999999999964,0.9799999999999964,45.424879424458055,45.424879424458055,45.424879424458055,45.424879424458055,181.69951769783222,4360.788424747973,0.12054792913735246
0.24,1435.138231773594,0.23906361323155137,0.12399594322523814,0.5318320610687027,2.969465648854962,50.651399491094146,10.198473282442748,10.15267175572519,10.295165394402035,112.40966921119593,193.70737913486005,0.13498060823718086,1100.0,141.43085263873252,37.28473915444829,6.67317663000064,7.420080169727456,7.071782284300931,82.98107440025505,87.9361386455424,16.8716499124434,17.57275192545264,17.36694767870296,195.39074361145134,1222.3805404834388,4.0,275.0,275.0,275.0,275.0,969.4003703413848,990.0,0.876381882967324,0.4799999999999976,988.6436181170318,0.5349347799999948,0.5349347799999948,0.5349347799999948,0.5349347799999948,18.708312995645013,18.708312995645013,18.708312995645013,18.708312995645013,0.932004928291703,0.932004928291703,0.932004928291703,0.932004928291703,1.100000000000007,1.100000000000007,1.100000000000007,1.100000000000007,0.9800000000000032,0.9800000000000032,0.9800000000000032,0.9800000000000032,46.0978526662377,46.0978526662377,46.0978526662377,46.0978526662377,184.3914106649508,4425.39385595882,0.12853145703754548
0.25,1365.6413759784746,0.24968025078369946,0.11799141488454061,0.5224451410658311,2.9341692789968654,51.125391849529784,10.38871473354232,10.373040752351097,10.463949843260188,111.5141065830721,193.86520376175548,0.14191892994132146,1098.8922368585863,72.88393535813552,20.6994700022111,4.006590032489059,3.8989768755859293,3.584573515640485,40.6943249322089,71.82486185174079,14.395304766031387,14.27201762793702,14.048523358900672,152.20843151528075,1199.3844211042965,4.0,274.7230592146466,274.7230592146466,274.7230592146466,274.7230592146466,969.1648883245695,990.0,0.8401462839905373,0.47855990791616226,988.6812938080936,0.5338735480359215,0.5338735480359215,0.5338735480359215,0.5338735480359215,18.98253193549007,18.98253193549007,18.98253193549007,18.98253193549007,0.9325832461554434,0.9325832461554434,0.9325832461554434,0.9325832461554434,1.09889223685859,1.09889223685859,1.09889223685859,1.09889223685859,0.9799999999999996,0.9799999999999996,0.9799999999999996,0.9799999999999996,46.7547815735101,46.7547815735101,46.7547815735101,46.7547815735101,187.0191262940404,4488.459031056964,0.13696823965287314
0.26,1289.9585741985763,0.2600146699266509,0.11145242081075712,0.5726405867970663,3.1491442542787285,49.427872860635695,10.095354523227384,9.82640586797066,9.679706601466993,103.5281173594132,182.55745721271393,0.14157619798838322,1081.4439626893416,25.957154296522912,7.847345382550258,1.6058592787995318,1.4124363846026,1.2274103864131893,13.864102864157344,57.27521824318593,11.701213802026917,11.238842252573262,10.907116987880187,117.39222022357062,1161.6592369871278,4.0,270.3609906723354,270.3609906723354,270.3609906723354,270.3609906723354,968.901289559208,990.0,0.7856937441051305,0.4561124954136902,988.7581937604823,0.5174796255542136,0.5174796255542136,0.5174796255542136,0.5174796255542136,19.33942457571782,19.33942457571782,19.33942457571782,19.33942457571782,0.93518076084467,0.93518076084467,0.93518076084467,0.93518076084467,1.081443962689345,1.081443962689345,1.081443962689345,1.081443962689345,0.9800000000000038,0.9800000000000038,0.9800000000000038,0.9800000000000038,46.99584782514468,46.99584782514468,46.99584782514468,46.99584782514468,187.98339130057872,4511.601391213886,0.14580090369622173
0.27,1213.348564795331,0.2702074074074081,0.10483331599831688,0.5524814814814818,3.1444444444444444,49.522222222222226,10.122222222222222,9.792592592592593,9.462962962962964,103.51851851851852,182.4185185185185,0.15036246566720746,1030.7684780668087,0.16156821000606164,0.05343056163939238,0.010831020903555923,0.008896552506635126,0.006433534963238985,0.08197653999323921,49.575652783861614,10.133053243125776,9.801489145099227,9.469396497926203,103.60049505851178,1100.278673238895,4.0,257.6921195167022,257.6921195167022,257.6921195167022,257.6921195167022,968.6280228154673,990.0,0.6971723280622363,0.39482831915175265,988.9079993527865,0.4708463041709693,0.4708463041709693,0.4708463041709693,0.4708463041709693,19.809130233147194,19.809130233147194,19.809130233147194,19.809130233147194,0.9397109793022678,0.9397109793022678,0.9397109793022678,0.9397109793022678,1.0307684780668107,1.0307684780668107,1.0307684780668107,1.0307684780668107,0.9799999999999963,0.9799999999999963,0.9799999999999963,0.9799999999999963,46.09837115039857,46.09837115039857,46.09837115039857,46.09837115039857,184.39348460159428,4425.443630438258,0.15197225909660192
0.28,1180.5434664780769,0.2791652421652432,0.10199895550370582,0.5491737891737898,3.1025641025641026,48.88603988603989,9.749287749287749,9.353276353276353,8.908831908831909,101.14814814814815,178.04558404558404,0.15085776732989511,1002.4978824324919,0.0,0.0,0.0,0.0,0.0,0.0,48.88603988603989,9.749287749287749,9.353276353276353,8.908831908831909,101.14814814814815,1070.4864864210963,4.0,250.62447060812298,250.62447060812298,250.62447060812298,250.62447060812298,968.5084398840232,990.0,0.6562382706166338,0.3628110063535117,988.9809507230308,0.44543975350608195,0.44543975350608195,0.44543975350608195,0.44543975350608195,20.02707108549785,20.02707108549785,20.02707108549785,20.02707108549785,0.9399999999999981,0.9399999999999981,0.9399999999999981,0.9399999999999981,1.0024978824324908,1.0024978824324908,1.0024978824324908,1.0024978824324908,0.9800000000000013,0.9800000000000013,0.9800000000000013,0.9800000000000013,45.34275545308523,45.34275545308523,45.34275545308523,45.34275545308523,181.37102181234093,4352.904523496177,0.1536325004210479
0.29,1139.4871250013218,0.289030769230769,0.0984516876001147,0.5137230769230772,2.9784615384615383,48.636923076923075,9.446153846153846,8.938461538461539,8.353846153846154,98.48307692307692,173.85846153846154,0.15256128257681156,965.6286634628607,0.0,0.0,0.0,0.0,0.0,0.0,48.636923076923075,9.446153846153846,8.938461538461539,8.353846153846154,98.48307692307692,1032.6502019243987,4.0,241.40716586571517,241.40716586571517,241.40716586571517,241.40716586571517,968.3568165139193,990.0,0.6071961664967639,0.3240376051372027,989.0687662283665,0.4132842405648749,0.4132842405648749,0.4132842405648749,0.4132842405648749,20.298665473882416,20.298665473882416,20.298665473882416,20.298665473882416,0.9399999999999981,0.9399999999999981,0.9399999999999981,0.9399999999999981,0.9656286634628618,0.9656286634628618,0.9656286634628618,0.9656286634628618,0.98,0.98,0.98,0.98,44.27159551637861,44.27159551637861,44.27159551637861,44.27159551637861,177.08638206551444,4250.073169572341,0.15541449133451732
0.3,1103.544534968217,0.29997380952381103,0.09534624782125359,0.5125714285714292,2.9404761904761907,48.845238095238095,9.538095238095238,9.016666666666667,8.469047619047618,99.0047619047619,174.8738095238095,0.15845631592908213,928.6707254444068,0.0,0.0,0.0,0.0,0.0,0.0,48.845238095238095,9.538095238095238,9.016666666666667,8.469047619047618,99.0047619047619,996.0707254444068,4.0,232.1676813611017,232.1676813611017,232.1676813611017,232.1676813611017,968.2221239889448,990.0,0.5666796037909528,0.2929501257761515,989.1403702704314,0.38239098637312285,0.38239098637312285,0.38239098637312285,0.38239098637312285,20.535855295114867,20.535855295114867,20.535855295114867,20.535855295114867,0.9393095238095225,0.9393095238095225,0.9393095238095225,0.9393095238095225,0.9286707254444061,0.9286707254444061,0.9286707254444061,0.9286707254444061,0.9791190476190524,0.9791190476190524,0.9791190476190524,0.9791190476190524,43.010589138031115,43.010589138031115,43.010589138031115,43.010589138031115,172.04235655212446,4129.016557250995,0.15590430421532192
0.31,1077.8969570494678,0.3107612456747403,0.09313029708907411,0.5634948096885815,3.1176470588235294,48.003460207612456,9.432525951557093,8.83044982698962,8.093425605536332,96.2560553633218,170.6159169550173,0.15831945820084403,907.2810400944496,0.0,0.0,0.0,0.0,0.0,0.0,48.003460207612456,9.432525951557093,8.83044982698962,8.093425605536332,96.2560553633218,973.547476080609,3.903114186851211,233.42129977088507,233.42129977088507,233.42129977088507,229.22587619133589,968.1249914483218,990.0,0.5455215916276511,0.2758248320755611,989.1786535762967,0.38731597103722765,0.38731597103722765,0.38731597103722765,0.37250290020311677,20.66634615693578,20.66634615693578,20.66634615693578,20.665253531783144,0.9396539792387526,0.9396539792387526,0.9396539792387526,0.9396168582375463,0.9336851990835419,0.9336851990835419,0.9336851990835419,0.9169035047653449,0.9794117647058802,0.9794117647058802,0.9794117647058802,0.9793486590038272,43.549647710730454,43.549647710730454,43.549647710730454,42.75869187740269,169.26492437787334,4062.358185068957,0.15702852570790796
0.32,1047.8000886970715,0.31993785310734435,0.09052992766342742,0.5111016949152538,2.943502824858757,47.81638418079096,9.1045197740113,8.389830508474576,7.604519774011299,94.55084745762711,167.46610169491527,0.15984905343189326,880.3339870021563,0.0,0.0,0.0,0.0,0.0,0.0,47.81638418079096,9.1045197740113,8.389830508474576,7.604519774011299,94.55084745762711,945.6447214654335,3.8163841807909606,232.38641228365924,232.38641228365924,232.38641228365924,224.37322336857187,968.0097044272159,990.0,0.519953330426494,0.25455377716616967,989.2254928924078,0.38451168660367063,0.38451168660367063,0.38451168660367063,0.3566578123115545,20.83127677859131,20.83127677859131,20.83127677859131,20.83020054220967,0.9395197740112977,0.9395197740112977,0.9395197740112977,0.9394117647058808,0.9295456491346379,0.9295456491346379,0.9295456491346379,0.8974928934742886,0.979152542372883,0.979152542372883,0.979152542372883,0.9789619377162608,43.689034437831445,43.689034437831445,43.689034437831445,42.165316153910155,165.49020039959618,3971.764809590302,0.15794070058446896
0.33,1006.6359749578259,0.3296258064516131,0.08697334823635638,0.5166129032258067,2.964516129032258,47.47741935483871,8.925806451612903,8.158064516129032,7.290322580645161,93.3225806451613,165.1741935483871,0.1640939557722891,841.4617814094414,0.0,0.0,0.0,0.0,0.0,0.0,47.47741935483871,8.925806451612903,8.158064516129032,7.290322580645161,93.3225806451613,906.0230717320205,3.735483870967742,227.52679996837932,227.52679996837932,227.52679996837932,216.02293099269204,967.8499271536447,990.0,0.4836466394357174,0.22505885628935413,989.2912945042748,0.3692657860205448,0.3692657860205448,0.3692657860205448,0.3305387609554065,21.072101564607134,21.072101564607134,21.072101564607134,21.080507736210354,0.9385806451612894,0.9385806451612894,0.9385806451612894,0.9380701754385957,0.9101071998735183,0.9101071998735183,0.9101071998735183,0.864091723970767,0.9784193548387091,0.9784193548387091,0.9784193548387091,0.9778508771929791,43.196121069145875,43.196121069145875,43.196121069145875,40.980228835751376,159.72866054469992,3833.4878530728015,0.1586767002769777
0.34,963.0130141071252,0.3393542857142849,0.0832043244188558,0.49874285714285715,2.882857142857143,47.642857142857146,8.92,8.151428571428571,7.377142857142857,93.74,165.83142857142857,0.1721801686071094,797.1815855356978,0.0,0.0,0.0,0.0,0.0,0.0,47.642857142857146,8.92,8.151428571428571,7.377142857142857,93.74,861.8958712499825,3.2914285714285714,245.31499880326965,245.31499880326965,245.31499880326965,210.12555092216647,967.6780902352052,990.0,0.4432113561254829,0.1936286204260088,989.3631600234489,0.43039966250205053,0.43039966250205053,0.43039966250205053,0.31261396936518177,21.25467012573816,21.25467012573816,21.25467012573816,21.300592058107128,0.9381999999999994,0.9381999999999994,0.9381999999999994,0.9338235294117653,0.9812599952130774,0.9812599952130774,0.9812599952130774,0.8405022036886658,0.9777714285714307,0.9777714285714307,0.9777714285714307,0.9723529411764701,46.93718124530074,46.93718124530074,46.93718124530074,39.87215926258451,152.43143014956982,3658.3543235896714,0.1582933580506614
0.35,934.552765615702,0.34979127725856696,0.08074535894919652,0.5146728971962616,2.9906542056074765,46.63551401869159,8.77570093457944,7.872274143302181,6.9034267912772584,89.32710280373831,159.51401869158877,0.17068560801066898,775.0387469241125,0.0,0.0,0.0,0.0,0.0,0.0,46.63551401869159,8.77570093457944,7.872274143302181,6.9034267912772584,89.32710280373831,838.3222360206863,3.0623052959501558,253.9932668758397,253.9932668758397,253.9932668758397,209.59608806031756,967.5643345043883,990.0,0.4220914019402061,0.1795074063412638,989.3984011917196,0.45872160749462887,0.45872160749462887,0.45872160749462887,0.31099051439762493,21.375345079834315,21.375345079834315,21.375345079834315,21.39194322239964,0.9393769470404969,0.9393769470404969,0.9393769470404969,0.9299999999999999,1.0159730675033587,1.0159730675033587,1.0159730675033587,0.8383843522412702,0.9793769470404986,0.9793769470404986,0.9793769470404986,0.97,48.99736169722055,48.99736169722055,48.99736169722055,39.678516875031484,149.46426682842358,3587.1424038821697,0.1599409761269601
0.36,900.5413700984429,0.3595683646112589,0.07780677437650571,0.5200804289544234,2.973190348525469,46.01876675603217,8.58176943699732,7.53083109919571,6.498659517426273,86.59249329758713,155.2225201072386,0.17236631981274678,745.3188499912034,0.0,0.0,0.0,0.0,0.0,0.0,46.01876675603217,8.58176943699732,7.53083109919571,6.498659517426273,86.59249329758713,807.4502172834289,3.0,248.43961666373522,248.43961666373522,248.43961666373522,,967.4269822597953,990.0,0.3953193728427078,0.16385627139845074,989.4408243557596,0.43811816943699333,0.43811816943699333,0.43811816943699333,,21.57572392652874,21.57572392652874,21.57572392652874,,0.9399195710455746,0.9399195710455746,0.9399195710455746,,0.9937584666549389,0.9937584666549389,0.9937584666549389,,0.9798123324396807,0.9798123324396807,0.9798123324396807,,48.41673173118168,48.41673173118168,48.41673173118168,,145.2501951935449,3486.0046846450723,0.16129543845921007
0.37,874.5290450909704,0.3698126984126985,0.07555930949586001,0.6070476190476187,3.3333333333333335,44.8063492063492,8.666666666666666,7.492063492063492,6.304761904761905,82.90793650793651,150.17777777777778,0.17181281575019572,724.3512673131922,0.0,0.0,0.0,0.0,0.0,0.0,44.8063492063492,8.666666666666666,7.492063492063492,6.304761904761905,82.90793650793651,785.3163466782714,3.0,241.45042243773068,241.45042243773068,241.45042243773068,,967.3207327660834,990.0,0.3771537735564229,0.15446489731293184,989.4683813291302,0.4141573625912604,0.4141573625912604,0.4141573625912604,,21.733491200456147,21.733491200456147,21.733491200456147,,0.939333333333332,0.939333333333332,0.939333333333332,,0.9658016897509235,0.9658016897509235,0.9658016897509235,,0.9791746031746031,0.9791746031746031,0.9791746031746031,,47.34481163094152,47.34481163094152,47.34481163094152,,142.03443489282438,3408.8264374277865,0.16239847885939865
0.38,844.0689225059724,0.37998584905660343,0.07292755490451559,0.5189150943396228,2.9599056603773586,45.02594339622642,8.191037735849056,7.02122641509434,5.870283018867925,82.26886792452831,148.37735849056602,0.17579122703626524,695.6915640154041,0.0,0.0,0.0,0.0,0.0,0.0,45.02594339622642,8.191037735849056,7.02122641509434,5.870283018867925,82.26886792452831,755.9297715625744,3.0,231.8971880051339,231.8971880051339,231.8971880051339,,967.1950394672577,990.0,0.35534246869889924,0.141007110939944,989.5036504203595,0.38182874514549986,0.38182874514549986,0.38182874514549986,,21.92678220796273,21.92678220796273,21.92678220796273,,0.9385849056603766,0.9385849056603766,0.9385849056603766,,0.9275887520205365,0.9275887520205365,0.9275887520205365,,0.9785849056603824,0.9785849056603824,0.9785849056603824,,45.82142743824422,45.82142743824422,45.82142743824422,,137.46428231473283,3299.142775553582,0.16286187490936144
0.39,819.0402147328437,0.38990769230769334,0.07076507455291786,0.576153846153846,3.2,44.58076923076923,8.357692307692307,7.2153846153846155,6.0576923076923075,81.78461538461538,147.99615384615385,0.18068687897419242,671.0440608866909,0.0,0.0,0.0,0.0,0.0,0.0,44.58076923076923,8.357692307692307,7.2153846153846155,6.0576923076923075,81.78461538461538,731.1979070405363,3.0,223.68135362889709,223.68135362889709,223.68135362889709,,967.0908009972218,990.0,0.3405495113278478,0.13162305818024742,989.5278274304923,0.3553671820778246,0.3553671820778246,0.3553671820778246,,22.081659251193084,22.081659251193084,22.081659251193084,,0.9381923076923072,0.9381923076923072,0.9381923076923072,,0.8947254145155902,0.8947254145155902,0.8947254145155902,,0.978153846153842,0.978153846153842,0.978153846153842,,44.47666416706136,44.47666416706136,44.47666416706136,,133.4299925011838,3202.319820028415,0.16291270859172047
0.4,790.2883824858554,0.40040198511166253,0.06828091624677797,0.5476426799007448,3.0471464019851116,45.007444168734494,8.32258064516129,7.156327543424317,6.052109181141439,83.07692307692308,149.6153846153846,0.18934298102679745,640.6729978704685,0.0,0.0,0.0,0.0,0.0,0.0,45.007444168734494,8.32258064516129,7.156327543424317,6.052109181141439,83.07692307692308,701.1593502277898,2.945409429280397,218.47827660402763,218.47827660402763,215.4795989473836,,966.9697904786684,990.0,0.32313585520451665,0.12155218752371955,989.5553119572718,0.33994530518218946,0.33994530518218946,0.32969705225804813,,22.24557617342292,22.24557617342292,22.24929129250956,,0.9377667493796523,0.9377667493796523,0.9376377952755903,,0.8739131064161101,0.8739131064161101,0.8619183957895346,,0.9773697270471512,0.9773697270471512,0.9772178477690328,,43.70979546040175,43.70979546040175,43.10387832171848,,128.1704039247111,3076.0896941930628,0.16218174854917783
0.41,762.5366961668226,0.4100742049469954,0.06588317054881351,0.5305300353356888,3.045936395759717,44.83745583038869,8.240282685512367,7.151943462897527,6.084805653710247,82.6113074204947,148.92579505300353,0.19531754626918546,613.610901113821,0.0,0.0,0.0,0.0,0.0,0.0,44.83745583038869,8.240282685512367,7.151943462897527,6.084805653710247,82.6113074204947,673.8405830926187,2.851590106007067,217.61887373931987,217.61887373931987,209.45893144712005,,966.8520824200319,990.0,0.30729888874934413,0.11266231069885181,989.5800388005507,0.3385488913442417,0.3385488913442417,0.3112735591032304,,22.38940748917379,22.38940748917379,22.404379271965066,,0.9353356890459378,0.9353356890459378,0.9345228215767654,,0.8704754949572792,0.8704754949572792,0.8378357257884798,,0.9749116607773842,0.9749116607773842,0.9740248962655578,,43.60443348818525,43.60443348818525,41.915207988254814,,122.90344339039673,2949.682641369518,0.1611749876477889
0.42,737.2198363655406,0.42073126614987055,0.06369579386198289,0.5426614987080107,3.062015503875969,44.39276485788114,8.007751937984496,6.875968992248062,5.850129198966409,81.20930232558139,146.3359173126615,0.19853557577616543,590.8839190528784,0.0,0.0,0.0,0.0,0.0,0.0,44.39276485788114,8.007751937984496,6.875968992248062,5.850129198966409,81.20930232558139,650.1604048409919,2.7777777777777777,216.03253949284417,216.03253949284417,204.19565151496136,,966.7436746365138,990.0,0.29357124918318506,0.10518824175338212,989.6012405090611,0.33428164716577247,0.33428164716577247,0.2955676321322558,,22.523284225385844,22.523284225385844,22.543664529042957,,0.933850129198969,0.933850129198969,0.9320930232558179,,0.8641301579713768,0.8641301579713768,0.8167826060598454,,0.9733333333333395,0.9733333333333395,0.9714285714285732,,43.4133059107012,43.4133059107012,40.89364045844256,,118.63277662241315,2847.186638937916,0.16091211607318376
0.43,716.3021184637728,0.43009594095941106,0.06188850303527024,0.5411808118081182,3.0516605166051662,44.269372693726936,7.8966789667896675,6.752767527675276,5.697416974169742,80.39114391143912,145.00738007380073,0.20251845885733985,571.2947383899717,0.0,0.0,0.0,0.0,0.0,0.0,44.269372693726936,7.8966789667896675,6.752767527675276,5.697416974169742,80.39114391143912,630.2135575781631,2.763837638376384,209.9893291162205,209.9893291162205,198.09979576179452,,966.653531085509,990.0,0.2820078594656029,0.09863311091501992,989.61935902962,0.3157810800352168,0.3157810800352168,0.2780990122013377,,22.650046864074532,22.650046864074532,22.667038660044366,,0.9327306273062762,0.9327306273062762,0.9300000000000045,,0.8399573164648817,0.8399573164648817,0.7923991830471789,,0.9723616236162349,0.9723616236162349,0.969999999999999,,42.351846013039186,42.351846013039186,39.73581514949863,,115.0554032288317,2761.329677491968,0.16061059170780162
0.44,695.9815816853619,0.4387126760563393,0.06013280865761509,0.5126478873239442,2.954929577464789,44.135211267605634,7.867605633802817,6.659154929577465,5.597183098591549,79.34647887323943,143.6056338028169,0.20636428733169485,552.3759478825444,0.0,0.0,0.0,0.0,0.0,0.0,44.135211267605634,7.867605633802817,6.659154929577465,5.597183098591549,79.34647887323943,611.0379197135306,2.676056338028169,211.03385815113893,211.03385815113893,192.74759254580886,,966.5653999816308,990.0,0.2708915476600167,0.09190789968033018,989.6372005526587,0.32102455359099236,0.32102455359099236,0.2632611304416367,,22.75077601743685,22.75077601743685,22.786457981703744,,0.9343380281690167,0.9343380281690167,0.9300000000000048,,0.8441354326045558,0.8441354326045558,0.7709903701832369,,0.973239436619723,0.973239436619723,0.969999999999999,,42.87808118944314,42.87808118944314,38.86580456790749,,112.03163588958446,2688.7592613500224,0.16096669314280967
0.45,672.2816270439387,0.4497752161383278,0.058085132576596345,0.49979827089337253,2.893371757925072,44.69164265129683,7.933717579250721,6.780979827089337,5.772334293948127,81.40345821325649,146.5821325648415,0.21804413638233724,525.6994944790955,0.0,0.0,0.0,0.0,0.0,0.0,44.69164265129683,7.933717579250721,6.780979827089337,5.772334293948127,81.40345821325649,585.1058345367331,2.38328530259366,226.6466090135818,226.6466090135818,188.90960848736705,,966.4620211719243,990.0,0.25588545440167115,0.08261789356328005,989.6614966520365,0.3717799217813422,0.3717799217813422,0.2527858986971921,,22.827695558331776,22.827695558331776,22.907508992868376,,0.9388472622478382,0.9388472622478382,0.9300000000000032,,0.9065864360543293,0.9065864360543293,0.755638433949468,,0.97590778097983,0.97590778097983,0.9699999999999991,,46.562774341345374,46.562774341345374,38.29519822957126,,107.80353532399612,2587.2848477759067,0.16035902356094572
0.46,648.8890437134228,0.45919003115264917,0.05606401337684005,0.5078816199376951,2.9190031152647977,44.598130841121495,7.8193146417445485,6.713395638629284,5.735202492211838,81.29283489096574,146.15887850467288,0.22518324999359263,502.7301652087489,0.0,0.0,0.0,0.0,0.0,0.0,44.598130841121495,7.8193146417445485,6.713395638629284,5.735202492211838,81.29283489096574,561.8610063302445,2.1183800623052957,240.3067568764699,240.3067568764699,186.82750308723655,,966.3593991619515,990.0,0.24269169327639167,0.07476941985147191,989.6825388868717,0.4144375484233717,0.4144375484233717,0.24716687484511327,,22.908702176498462,22.908702176498462,23.02447178489781,,0.9426479750778795,0.9426479750778795,0.9299999999999999,,0.9612270275058832,0.9612270275058832,0.7473100123489461,,0.9778193146417454,0.9778193146417454,0.9699999999999994,,49.81027847827921,49.81027847827921,38.0665440845562,,104.12687681703548,2499.0450436088554,0.1604858805676409
0.47,627.790112407103,0.4694027777777794,0.05424106571197373,0.48044444444444456,2.808333333333333,45.46944444444444,8.194444444444445,7.075,6.061111111111111,83.81111111111112,150.61111111111111,0.23986530039798099,477.1790012959923,0.0,0.0,0.0,0.0,0.0,0.0,45.46944444444444,8.194444444444445,7.075,6.061111111111111,83.81111111111112,537.9178901848809,2.0055555555555555,238.07879904516034,238.07879904516034,183.85257702088893,,966.2664164234887,990.0,0.2296671896838805,0.06700965918535469,989.7033231511285,0.4049737884350045,0.4049737884350045,0.2393067643065827,,23.031932939208815,23.031932939208815,23.10476992820403,,0.9410277777777752,0.9410277777777752,0.93,,0.9523151961806383,0.9523151961806383,0.7354103080835557,,0.9780833333333361,0.9780833333333361,0.97,,49.518364373724694,49.518364373724694,37.59196781033358,,99.24557301306236,2381.893752313496,0.1580974690532525
0.48,603.7936027782669,0.47986340206185674,0.05216776728004239,0.5082474226804131,2.8969072164948453,44.93814432989691,7.97680412371134,6.801546391752577,5.737113402061856,81.97680412371135,147.43041237113403,0.24420669995351013,456.3631904071337,0.0,0.0,0.0,0.0,0.0,0.0,44.93814432989691,7.97680412371134,6.801546391752577,5.737113402061856,81.97680412371135,516.0796852524941,2.0,228.18159520356684,228.18159520356684,,,966.1602354652958,990.0,0.21854876539552998,0.061640533043343715,989.7198107015618,0.3722112696260258,0.3722112696260258,,,23.187363966641026,23.187363966641026,,,0.9386597938144321,0.9386597938144321,,,0.9127263808142689,0.9127263808142689,,,0.976984536082479,0.976984536082479,,,47.612597697854525,47.612597697854525,,,95.22519539570905,2285.40468949702,0.15770660881167617
0.49,583.4338113546016,0.49151408450704126,0.050408681301037664,0.48109154929577463,2.8309859154929575,44.75,7.887323943661972,6.71830985915493,5.612676056338028,80.77816901408451,145.74647887323943,0.2499069978845094,437.68733248136283,0.0,0.0,0.0,0.0,0.0,0.0,44.75,7.887323943661972,6.71830985915493,5.612676056338028,80.77816901408451,497.0429662841795,2.0,218.84366624068142,218.84366624068142,,,966.0698865055275,990.0,0.2095869603923464,0.05755265931258086,989.732860380294,0.3429791852927583,0.3429791852927583,,,23.319994689475386,23.319994689475386,,,0.937253521126761,0.937253521126761,,,0.875374664962724,0.875374664962724,,,0.9762323943661956,0.9762323943661956,,,45.82867536631242,45.82867536631242,,,91.65735073262483,2199.7764175829925,0.15707912871160512
0.5,570.4653805701165,0.4994931880108995,0.049288208881258046,0.48937329700272547,2.8746594005449593,44.69209809264305,7.893732970027248,6.705722070844686,5.564032697547684,80.65122615803814,145.5068119891008,0.25511716348726304,424.9585685810146,0.0,0.0,0.0,0.0,0.0,0.0,44.69209809264305,7.893732970027248,6.705722070844686,5.564032697547684,80.65122615803814,484.2501217145298,2.0,212.4792842905073,212.4792842905073,,,966.0122480613628,990.0,0.2036993608809162,0.0549927548854352,989.7413078842335,0.32344476393639743,0.32344476393639743,,,23.40561505893471,23.40561505893471,,,0.9359945504087198,0.9359945504087198,,,0.8499171371620307,0.8499171371620307,,,0.9762125340599495,0.9762125340599495,,,44.60952777059551,44.60952777059551,,,89.21905554119103,2141.257332988587,0.1563863705099756
0.51,559.1074271085189,0.5086452830188696,0.04830688170217605,0.47709433962264103,2.8264150943396227,45.02264150943396,7.947169811320754,6.769811320754717,5.509433962264151,80.9622641509434,146.21132075471698,0.2614700189300577,412.89610635380336,0.0,0.0,0.0,0.0,0.0,0.0,45.02264150943396,7.947169811320754,6.769811320754717,5.509433962264151,80.9622641509434,472.6357289953124,2.0,206.44805317690168,206.44805317690168,,,965.9617335518575,990.0,0.19918464079060735,0.052579221270760576,989.7482361379393,0.3051575508181664,0.3051575508181664,,,23.481345035264404,23.481345035264404,,,0.9354716981132072,0.9354716981132072,,,0.8257922127076069,0.8257922127076069,,,0.9751698113207524,0.9751698113207524,,,43.41650838862879,43.41650838862879,,,86.83301677725758,2083.992402654181,0.15531533720289986
0.52,547.1878194764561,0.5187174447174437,0.04727702760276592,0.4420393120393127,2.7002457002457003,45.0982800982801,7.985257985257985,6.791154791154791,5.4914004914004915,80.65356265356266,146.01965601965603,0.26686380988762487,401.16816345680144,0.0,0.0,0.0,0.0,0.0,0.0,45.0982800982801,7.985257985257985,6.791154791154791,5.4914004914004915,80.65356265356266,461.0428563314939,2.0,200.58408172840072,200.58408172840072,,,965.9087103608641,990.0,0.19508896971889214,0.050233632691360594,989.7546773975896,0.28849223861960543,0.28849223861960543,,,23.557474798105147,23.557474798105147,,,0.9345208845208847,0.9345208845208847,,,0.802336326913605,0.802336326913605,,,0.9747420147420214,0.9747420147420214,,,42.26329229342886,42.26329229342886,,,84.52658458685772,2028.6380300845885,0.15447220423199134
0.53,531.7577465729623,0.5302349397590366,0.045943869303903644,0.4828915662650611,2.8403614457831323,44.96084337349398,8.015060240963855,6.864457831325301,5.608433734939759,81.16867469879519,146.61746987951807,0.2757164280812619,385.14027669344193,0.0,0.0,0.0,0.0,0.0,0.0,44.96084337349398,8.015060240963855,6.864457831325301,5.608433734939759,81.16867469879519,444.98063813922647,2.0,192.57013834672097,192.57013834672097,,,965.8400972367228,990.0,0.1897352672787095,0.04702805533868842,989.7632366773835,0.2663407449978223,0.2663407449978223,,,23.656798695659354,23.656798695659354,,,0.932379518072289,0.932379518072289,,,0.7702805533868843,0.7702805533868843,,,0.9719277108433771,0.9719277108433771,,,40.53511964226732,40.53511964226732,,,81.07023928453464,1945.6857428288358,0.15245789512880556
0.54,519.1960199091698,0.5382480620155048,0.044858536120152254,0.4823643410852711,2.86046511627907,44.31782945736434,7.782945736434108,6.612403100775194,5.3023255813953485,78.58527131782945,142.60077519379846,0.2746188195925318,376.59524471537117,0.0,0.0,0.0,0.0,0.0,0.0,44.31782945736434,7.782945736434108,6.612403100775194,5.3023255813953485,78.58527131782945,435.3084230099448,2.0,188.29762235768558,188.29762235768558,,,965.7842984171195,990.0,0.18652309251252783,0.045319048943074286,989.768157858545,0.25465608392047934,0.25465608392047934,,,23.72920335750709,23.72920335750709,,,0.9298062015503865,0.9298062015503865,,,0.7531904894307417,0.7531904894307417,,,0.9718217054263546,0.9718217054263546,,,39.647311560115824,39.647311560115824,,,79.29462312023165,1903.070954885562,0.1527332938256673
0.55,499.9659841843671,0.5482285012284994,0.043197061033529535,0.47547911547911587,2.8034398034398036,44.85012285012285,7.9287469287469285,6.742014742014742,5.380835380835381,80.11302211302211,145.014742014742,0.29010820130149817,354.95124216962523,0.0,0.0,0.0,0.0,0.0,0.0,44.85012285012285,7.9287469287469285,6.742014742014742,5.380835380835381,80.11302211302211,414.47212669051004,1.9557739557739557,183.45255030555265,179.434363981176,,,965.6990740229982,990.0,0.17960328930681144,0.04099024843392499,989.7794064622584,0.24361048449815648,0.23096621673971174,,,23.836721954758143,23.847048789094895,,,0.9286240786240811,0.9276349614395917,,,0.7338102012222103,0.7177374559247042,,,0.9707125307125395,0.9702827763496225,,,38.71100730918611,37.80497498718901,,,74.84401780062721,1796.2564272150544,0.14968689789915704
0.56,482.7901799487179,0.5604683908045955,0.04171307154756911,0.4907183908045972,2.8793103448275863,44.083333333333336,7.75,6.617816091954023,5.17816091954023,77.25,140.8793103448276,0.2917733355823512,341.9108696038896,0.0,0.0,0.0,0.0,0.0,0.0,44.083333333333336,7.75,6.617816091954023,5.17816091954023,77.25,400.36201902917725,1.9597701149425288,176.0887995436541,172.77269575138308,,,965.6232673624962,990.0,0.17491727569234608,0.038382173920777654,989.7867005503875,0.22415921229659796,0.2142365966378582,,,23.939273975593707,23.947453891877206,,,0.9270402298850593,0.9260778443113787,,,0.7043551981746137,0.6910907830055298,,,0.9704022988505804,0.970000000000005,,,37.2379473736433,36.47911477485169,,,72.2495115541044,1733.988277298505,0.1496575590576167
0.57,474.9234875954722,0.5695523560209439,0.04103338932824903,0.5147905759162309,2.968586387434555,43.58115183246073,7.62303664921466,6.442408376963351,4.947643979057592,75.26701570680628,137.86125654450262,0.2903015124706152,337.0622310509719,0.0,0.0,0.0,0.0,0.0,0.0,43.58115183246073,7.62303664921466,6.442408376963351,4.947643979057592,75.26701570680628,394.70882790960917,1.9214659685863875,179.13414123730743,171.3878701955105,,,965.5886739535252,990.0,0.17303983214710306,0.037412446210194336,989.7895477216431,0.23465330492686487,0.21064828856256526,,,23.96622046319051,23.987931097246555,,,0.925287958115186,0.9232954545454575,,,0.7165365649492297,0.6855514807820416,,,0.9707853403141432,0.9700000000000061,,,37.896276079475776,36.14902700474947,,,71.2063742618627,1708.952982284706,0.14992772736729276
0.58,463.26474218047036,0.5819337899543375,0.0400260737243929,0.4542237442922375,2.723744292237443,44.47716894977169,7.69634703196347,6.481735159817352,4.947488584474886,76.96118721461187,140.56392694063928,0.3034227111036626,322.7008152398312,0.0,0.0,0.0,0.0,0.0,0.0,44.47716894977169,7.69634703196347,6.481735159817352,4.947488584474886,76.96118721461187,381.35606638138324,1.917808219178082,172.28738217741915,163.88329273964314,,,965.5376108991663,990.0,0.16860533569861483,0.03454016304796633,989.7968545012543,0.21795309590002523,0.19254828214310682,,,24.041290506185334,24.06394432469743,,,0.9229908675799121,0.9206218905472671,,,0.6891495287096793,0.6555331709585729,,,0.9708219178082288,0.9700000000000087,,,36.479044652575965,34.5708440822858,,,68.20844949522184,1637.0027878853236,0.14723484658114241
0.59,455.02510082203963,0.5929735849056578,0.03931416871102427,0.48188679245283034,2.8377358490566036,43.781132075471696,7.562264150943396,6.373584905660377,4.743396226415094,74.53584905660378,136.99622641509433,0.3010984730156552,318.02887440694576,0.0,0.0,0.0,0.0,0.0,0.0,43.781132075471696,7.562264150943396,6.373584905660377,4.743396226415094,74.53584905660378,375.74585553902097,1.6679245283018869,203.63209829619262,171.2720094313538,,,965.5016944373172,990.0,0.1667421660461695,0.03360577488138914,989.7996520590723,0.3090306788872766,0.2085861877048852,,,23.98892694286678,24.077994270784146,,,0.9328301886792434,0.9244067796610186,,,0.8145283931847698,0.6850880377254147,,,0.9733207547169792,0.969999999999999,,,43.63378125040231,36.282240092302345,,,67.8675793497891,1628.8219043949352,0.14914784110626045
0.6,446.1033734575344,0.6000108695652189,0.038543331466731015,0.4970652173913042,2.880434782608696,44.05434782608695,7.731884057971015,6.503623188405797,5.0,76.28260869565217,139.57246376811594,0.3128462450817376,306.5309096894178,0.0,0.0,0.0,0.0,0.0,0.0,44.05434782608695,7.731884057971015,6.503623188405797,5.0,76.28260869565217,364.82076476188195,1.6485507246376812,199.06622757584913,165.699733314777,,,965.4629702135761,990.0,0.16311390711649257,0.031306181937883766,989.8055799109452,0.2956236912732787,0.19531602084379043,,,24.046986006093025,24.136269337889598,,,0.9315942028985479,0.921787709497207,,,0.796264910303398,0.6627989332591095,,,0.9735144927536221,0.969999999999999,,,42.730138772039425,35.08831259377218,,,65.48668933104383,1571.680543945051,0.1468030540511327
0.61,435.7038592570335,0.6106875000000002,0.037644813439808,0.4897916666666664,2.8680555555555554,43.129629629629626,7.486111111111111,6.256944444444445,4.576388888888889,71.81944444444444,133.2685185185185,0.305855736392524,302.4353407385167,0.0,0.0,0.0,0.0,0.0,0.0,43.129629629629626,7.486111111111111,6.256944444444445,4.576388888888889,71.81944444444444,359.30802592370077,1.7453703703703705,183.12628435279834,160.0668085671749,,,965.418113897232,990.0,0.161283108240344,0.030487068147703286,989.8082298236113,0.24906461576184938,0.18227748072705366,,,24.141051310619314,24.199923855268782,,,0.926782407407408,0.9199378881987564,,,0.7325051374111937,0.6402672342686989,,,0.972546296296305,0.9700000000000042,,,39.20582751000717,33.91856274028714,,,64.48771918216562,1547.7052603719742,0.14801074172932513
0.62,426.8168464123939,0.6206409090909104,0.036876975530030956,0.5093181818181821,2.9045454545454548,44.15909090909091,7.759090909090909,6.472727272727273,4.9409090909090905,76.30909090909091,139.6409090909091,0.32718238133444527,287.175937321485,0.0,0.0,0.0,0.0,0.0,0.0,44.15909090909091,7.759090909090909,6.472727272727273,4.9409090909090905,76.30909090909091,345.566846412394,1.5954545454545455,193.6595683415688,157.05039065329422,,,965.3800353295362,990.0,0.15671961688972483,0.02743518746429699,989.815845195647,0.28018419189351373,0.17527331042748587,,,24.15562567421685,24.24801558878265,,,0.9277727272727251,0.9181679389312982,,,0.7746382733662748,0.6282015626131766,,,0.9740454545454523,0.9699999999999991,,,41.60038387104413,33.280020554783086,,,61.41712338321036,1474.0109611970536,0.14389372572073242
0.63,421.5465599428399,0.6301286407766943,0.03642162277906146,0.48684466019417494,2.8567961165048543,42.92718446601942,7.419902912621359,6.104368932038835,4.410194174757281,70.5121359223301,131.373786407767,0.3116598182584695,290.17277353507365,0.0,0.0,0.0,0.0,0.0,0.0,42.92718446601942,7.419902912621359,6.104368932038835,4.410194174757281,70.5121359223301,346.62422984575323,1.6966019417475728,182.55862758544433,154.48441857577467,,,965.3575847809226,990.0,0.1570707774395486,0.028034554707014582,989.814894667853,0.24963476624319259,0.1696506701317394,,,24.20767512068793,24.278986928382217,,,0.9255582524271854,0.9178397212543519,,,0.730234510341776,0.6179376743030975,,,0.9730339805825319,0.9700000000000013,,,39.16789105587202,32.765630237626404,,,61.992492701985505,1487.819824847651,0.14705737130869695
0.64,409.7229558876208,0.641184873949578,0.0354000633886906,0.4995798319327734,2.9019607843137254,42.93557422969187,7.369747899159663,6.022408963585434,4.445378151260504,71.25490196078431,132.0280112044818,0.32223110680035133,277.6949446831396,0.0,0.0,0.0,0.0,0.0,0.0,42.93557422969187,7.369747899159663,6.022408963585434,4.445378151260504,71.25490196078431,334.02267577557615,1.5630252100840336,191.97658407199592,152.24604347352516,,,965.3076232036299,990.0,0.15288575948266453,0.02553898893662832,989.8215752515796,0.2766423526803693,0.16464059898815078,,,24.23730969526944,24.336849584072088,,,0.928963585434172,0.9165671641791021,,,0.7679063362879873,0.6089841738941022,,,0.974369747899164,0.969999999999999,,,41.4742757081084,32.322901094782374,,,59.67288388752366,1432.1492133005672,0.14564457609200632
0.65,401.97802128204296,0.6485642023346281,0.03473090103876832,0.47684824902723755,2.762645914396887,42.5875486381323,7.175097276264592,5.824902723735408,4.21011673151751,69.2023346303502,129.0,0.3208938167635164,272.97802128204364,0.0,0.0,0.0,0.0,0.0,0.0,42.5875486381323,7.175097276264592,5.824902723735408,4.21011673151751,69.2023346303502,328.56556992017596,1.54863813229572,191.22770169858575,149.0059016521166,,,965.2752124920806,990.0,0.1510734365048551,0.024595604256408537,989.8243309592394,0.27556240489701994,0.15749393804995712,,,24.273556062257594,24.380928885191835,,,0.9285603112840431,0.9159574468085103,,,0.7649108067943436,0.5960236066084665,,,0.9745136186770399,0.9699999999999991,,,41.360709405715596,31.66892161611649,,,58.735487413001294,1409.6516979120277,0.14611994197921122
0.66,392.583853062271,0.6600542452830206,0.03391924490458029,0.5035141509433968,2.9127358490566038,42.382075471698116,7.179245283018868,5.830188679245283,4.195754716981132,68.86556603773585,128.45283018867926,0.3271629095960511,264.13102287359004,0.0,0.0,0.0,0.0,0.0,0.0,42.382075471698116,7.179245283018868,5.830188679245283,4.195754716981132,68.86556603773585,319.52253230755275,1.4410377358490567,198.87388733912366,147.96270303002143,,,965.2363205364139,990.0,0.1480702136814754,0.02282620457471831,989.8291035817425,0.2963682310558703,0.15534375319320748,,,24.296414814276595,24.423291004376647,,,0.9305188679245292,0.9135294117647017,,,0.7954955493564966,0.5918508121200867,,,0.9739858490566112,0.969999999999999,,,43.12262689036689,31.42018197805578,,,56.980112809933956,1367.522707438416,0.14515066565877463
0.67,382.45770317007947,0.6717664974619283,0.0330443455538948,0.46101522842639653,2.7436548223350252,42.18527918781726,7.043147208121828,5.652284263959391,3.9416243654822334,66.95685279187818,125.77918781725889,0.32886088909749966,256.6785153528185,0.0,0.0,0.0,0.0,0.0,0.0,42.18527918781726,7.043147208121828,5.652284263959391,3.9416243654822334,66.95685279187818,311.55922601271726,1.3350253807106598,208.0653051497337,145.10306681829937,,,965.1949194520199,990.0,0.14542557321455532,0.02134930755539205,989.8332251192306,0.3226954099921786,0.14936804372611465,,,24.315610257220047,24.47454178481274,,,0.9329695431472083,0.9141666666666655,,,0.832261220598935,0.5804122672731968,,,0.975786802030462,0.9699999999999991,,,45.335538394089866,30.899632662792104,,,55.68769959076134,1336.5047901782712,0.14560721780857588
0.68,376.7181977409964,0.6820227272727293,0.03254845228482195,0.4351704545454547,2.596590909090909,43.09659090909091,7.244318181818182,5.869318181818182,4.028409090909091,69.32954545454545,129.5681818181818,0.34393168209817265,247.15001592281368,0.0,0.0,0.0,0.0,0.0,0.0,43.09659090909091,7.244318181818182,5.869318181818182,4.028409090909091,69.32954545454545,303.36024319554144,1.1136363636363635,230.06013603007116,150.39094305613446,,,965.1717325380483,990.0,0.14270266379187702,0.01949492759534062,989.8378024086113,0.38374003859061095,0.16018229253854493,,,24.282329831973378,24.48257152131115,,,0.9401136363636357,0.9185000000000002,,,0.9202405441202841,0.6015637722245378,,,0.9779545454545445,0.97,,,50.45794654279178,32.18332667874383,,,54.115142756285415,1298.7634261508508,0.14365090546130244
0.69,370.04198472997496,0.6891872146118719,0.03197162748066995,0.49100456621004573,2.863013698630137,42.34474885844749,7.155251141552512,5.712328767123288,4.052511415525114,67.9269406392694,127.1917808219178,0.343711158403886,242.85020390805744,0.0,0.0,0.0,0.0,0.0,0.0,42.34474885844749,7.155251141552512,5.712328767123288,4.052511415525114,67.9269406392694,298.06253267518093,1.1232876712328768,224.61515693033135,147.90649215266586,,,965.1450847914172,990.0,0.14094327653419297,0.018689939228089505,989.8403667842375,0.36640953879073673,0.154859919644545,,,24.328872454027096,24.51624603700228,,,0.9395662100456602,0.9153703703703706,,,0.8984606277213258,0.5916259686106634,,,0.9775342465753484,0.9699999999999993,,,49.32103044233263,31.586847416968137,,,53.215299301958865,1277.1671832470115,0.14381208173939491
0.7,355.97959302605767,0.701740112994351,0.030756636837451397,0.4698587570621474,2.805084745762712,42.132768361581924,7.104519774011299,5.601694915254237,3.9152542372881354,66.3361581920904,125.090395480226,0.35138720729160855,230.88919754583193,0.0,0.0,0.0,0.0,0.0,0.0,42.132768361581924,7.104519774011299,5.601694915254237,3.9152542372881354,66.3361581920904,285.72818059667924,1.1045197740112995,216.12313467582786,141.2753042157149,,,965.089936605234,990.0,0.13684699724612998,0.016307596150265342,989.8468454066035,0.3381762137379679,0.1412485030440207,,,24.41873258763535,24.593497432648544,,,0.9376836158192076,0.9116216216216217,,,0.8644925387033161,0.5651012168628594,,,0.976299435028252,0.9699999999999994,,,47.473677834664635,30.14217379266816,,,50.62413102768359,1214.9791446644035,0.14221349766650512
0.71,350.0317322778241,0.7106977611940307,0.03024274166880387,0.5075000000000004,2.91044776119403,41.45522388059702,6.835820895522388,5.365671641791045,3.798507462686567,64.7910447761194,122.24626865671642,0.34927318455113426,227.785463621107,0.0,0.0,0.0,0.0,0.0,0.0,41.45522388059702,6.835820895522388,5.365671641791045,3.798507462686567,64.7910447761194,281.44218003901767,1.0634328358208955,218.75231118919012,142.40499127963233,,,965.0671158858551,990.0,0.13542357054763837,0.015714664263368157,989.8488617651909,0.345075170247149,0.14353960848121253,,,24.436670709088713,24.609516629037074,,,0.9367537313432825,0.9105882352941177,,,0.8750092447567597,0.5696199651185293,,,0.9761194029850726,0.9700000000000001,,,48.00745610067336,30.366652030896937,,,49.9336989533795,1198.40877488111,0.14264925339409779
0.72,342.57394004043886,0.7196371428571419,0.029598388419493936,0.4933428571428574,2.8857142857142857,41.36,6.854285714285714,5.285714285714286,3.74,64.20285714285714,121.44285714285714,0.3545048331722899,221.1310828975813,0.0,0.0,0.0,0.0,0.0,0.0,41.36,6.854285714285714,5.285714285714286,3.74,64.20285714285714,274.6310828975816,1.02,218.2970733831957,141.70047571928183,,,965.0389593777957,990.0,0.13316068664337125,0.014551934392855442,989.8522873789641,0.34253161741738297,0.14203479007902114,,,24.47079638374409,24.64594104486293,,,0.9379714285714277,0.91,,,0.8731882935327779,0.5668019028771273,,,0.9757714285714317,0.9699999999999999,,,48.007589299086,30.24118791949562,,,48.61241305747589,1166.6979133794205,0.1419025879439629
0.73,337.21163800467787,0.7292793650793645,0.02913508552360406,0.47076190476190527,2.7746031746031745,41.593650793650795,6.777777777777778,5.203174603174603,3.6920634920634923,64.38095238095238,121.64761904761905,0.3607059473278433,215.5640189570579,0.0,0.0,0.0,0.0,0.0,0.0,41.593650793650795,6.777777777777778,5.203174603174603,3.6920634920634923,64.38095238095238,269.13862213166146,1.019047619047619,212.9212149045638,138.74721275593893,,,965.0190888546507,990.0,0.13133684944074073,0.013508502256832892,989.855154648304,0.3254265924518736,0.13616216410799994,,,24.510639201201734,24.676820679900008,,,0.9371746031746031,0.91,,,0.8516848596182549,0.5549888510237556,,,0.9757777777777787,0.9699999999999999,,,46.860676958534114,29.6479198980103,,,47.42539924230575,1138.2095818153389,0.14064889295603647
0.74,332.3612344242206,0.7382312312312342,0.028716010654252666,0.49795795795795783,2.8828828828828827,40.789789789789786,6.618618618618618,4.996996996996997,3.5705705705705704,61.96096096096096,117.93693693693693,0.35485945201760405,214.42429748728364,0.0,0.0,0.0,0.0,0.0,0.0,40.789789789789786,6.618618618618618,4.996996996996997,3.5705705705705704,61.96096096096096,266.8297028926893,1.006006006006006,213.5979366693705,137.58907618254074,,,965.0013496228506,990.0,0.1305702011154876,0.01330584396366918,989.8561239549198,0.3268353173464384,0.13388240510687366,,,24.527939014726705,24.688836655729006,,,0.9375975975975975,0.91,,,0.8543917466774817,0.550356304730163,,,0.9761861861861882,0.97,,,47.07957990100168,29.414855210162074,,,47.256245698059715,1134.1498967534321,0.14218071230579368
0.75,325.91354546940636,0.746586592178769,0.028158930328556615,0.4966480446927373,2.910614525139665,40.46368715083799,6.592178770949721,4.960893854748603,3.4972067039106145,60.66480446927374,116.17877094972067,0.35646580361504104,209.73477451968466,0.0,0.0,0.0,0.0,0.0,0.0,40.46368715083799,6.592178770949721,4.960893854748603,3.4972067039106145,60.66480446927374,261.7515342962215,1.0,209.73477451968466,,,,964.9781827961782,990.0,0.12887901112223354,0.012517226076971514,989.858603762801,0.3154619076221089,,,,24.564959059001094,,,,0.9379329608938539,,,,0.8389390980787409,,,,0.9742458100558641,,,,46.221180329229526,,,,46.221180329229526,1109.3083279015093,0.14182155482647557
0.76,319.8734597893088,0.7579999999999992,0.02763706692579632,0.48527450980392167,2.8784313725490196,40.46862745098039,6.5627450980392155,4.911764705882353,3.4529411764705884,60.51176470588236,115.9078431372549,0.36234135558441855,203.96561665205357,0.0,0.0,0.0,0.0,0.0,0.0,40.46862745098039,6.5627450980392155,4.911764705882353,3.4529411764705884,60.51176470588236,255.90875390695535,1.0,203.96561665205357,,,,964.9570258065903,990.0,0.12693508917795404,0.011497448734086271,989.8615674620899,0.2980714938057674,,,,24.606470161692954,,,,0.9359411764705892,,,,0.8158624666082148,,,,0.9735294117647166,,,,44.89768928679272,,,,44.89768928679272,1077.5445428830212,0.1403624904067325
0.77,310.6184328302748,0.7689142011834329,0.026837432596535753,0.4898224852071012,2.9023668639053253,40.612426035502956,6.517751479289941,4.8017751479289945,3.4792899408284024,61.24260355029586,116.65384615384616,0.3755555707057675,193.96458667642924,0.0,0.0,0.0,0.0,0.0,0.0,40.612426035502956,6.517751479289941,4.8017751479289945,3.4792899408284024,61.24260355029586,245.89653933915065,1.0,193.96458667642924,,,,964.9253891958579,990.0,0.12359777553979437,0.009888107582238275,989.8665141168776,0.2693617820841132,,,,24.671763138934722,,,,0.933165680473375,,,,0.7758583467057159,,,,0.9713313609467501,,,,42.576748688384676,,,,42.576748688384676,1021.8419685212349,0.13707044462400322
0.78,304.28014014707264,0.7793464566929108,0.026289804108707186,0.5031496062992127,2.9501312335958003,39.732283464566926,6.304461942257218,4.57742782152231,3.2598425196850394,58.74278215223097,112.61679790026247,0.37012309840209556,191.66334224681054,0.0,0.0,0.0,0.0,0.0,0.0,39.732283464566926,6.304461942257218,4.57742782152231,3.2598425196850394,58.74278215223097,242.27751547515675,1.0,191.66334224681054,,,,964.904503747569,990.0,0.1223855040345635,0.009671626276115132,989.8679428696895,0.263565678697178,,,,24.699873443424725,,,,0.931023622047246,,,,0.7666533689872461,,,,0.9717322834645737,,,,42.05088849385257,,,,42.05088849385257,1009.2213238524619,0.13819351776452019
0.79,296.0164709031895,0.788960526315789,0.025575823086035666,0.5058881578947366,2.973684210526316,39.46052631578947,6.2269736842105265,4.496710526315789,3.2335526315789473,57.86842105263158,111.28618421052632,0.37589012119663706,184.73028669266364,0.0,0.0,0.0,0.0,0.0,0.0,39.46052631578947,6.2269736842105265,4.496710526315789,3.2335526315789473,57.86842105263158,234.91449721897902,1.0,184.73028669266364,,,,964.8782411636452,990.0,0.11992041085861112,0.00882050759058196,989.8712590815513,0.24509098949586305,,,,24.747926928412127,,,,0.9295394736842127,,,,0.7389211467706533,,,,0.9712171052631597,,,,40.52498732002655,,,,40.52498732002655,972.599695680637,0.1369151467725039
0.8,288.5361125463786,0.8013065843621391,0.024929520124007044,0.5191769547325107,3.0123456790123457,39.211934156378604,6.20164609053498,4.349794238683128,3.1646090534979425,57.25925925925926,110.1872427983539,0.38184129440393166,178.34886974802484,0.0,0.0,0.0,0.0,0.0,0.0,39.211934156378604,6.20164609053498,4.349794238683128,3.1646090534979425,57.25925925925926,228.1122442336211,1.0,178.34886974802484,,,,964.8555101348722,990.0,0.11763149262929642,0.007999910050605442,989.8743685973183,0.22764871688769328,,,,24.79120974556603,,,,0.9284567901234619,,,,0.7133954789920992,,,,0.9706790123456904,,,,39.11291753186297,,,,39.11291753186297,938.7100207647128,0.13556546671633984
0.82,279.88200238740706,0.8175637065637097,0.024181805006271952,0.5100772200772214,2.9613899613899615,38.6042471042471,6.028957528957529,4.156370656370656,3.0135135135135136,54.762548262548265,106.56563706563706,0.38075970324771097,173.31636532176995,0.0,0.0,0.0,0.0,0.0,0.0,38.6042471042471,6.028957528957529,4.156370656370656,3.0135135135135136,54.762548262548265,222.1059406113451,1.0,173.31636532176995,,,,964.8304982015931,990.0,0.11559192259319288,0.0074576655561033435,989.8769504118512,0.21492347441197945,,,,24.83152873584812,,,,0.9262548262548322,,,,0.6932654612870794,,,,0.9705212355212481,,,,37.97998636779874,,,,37.97998636779874,911.5196728271715,0.13569752963563964
0.83,274.2301143758757,0.8299280000000017,0.02369348188207571,0.5401866666666669,3.04,38.23466666666667,5.984,4.085333333333334,2.978666666666667,53.906666666666666,105.18933333333334,0.383577391001376,169.04078104254432,0.0,0.0,0.0,0.0,0.0,0.0,38.23466666666667,5.984,4.085333333333334,2.978666666666667,53.906666666666666,217.3447810425433,1.0,169.04078104254432,,,,964.8150125926778,990.0,0.11397631273065445,0.00695678779802633,989.8790668994711,0.20417236531998648,,,,24.85988194146852,,,,0.9231733333333337,,,,0.6761631241701727,,,,0.9702666666666738,,,,36.94621544135861,,,,36.94621544135861,886.7091705926068,0.13472779889346492
0.84,268.09018539546844,0.8405652173913097,0.02316299201816836,0.5206521739130427,2.963768115942029,38.265700483091784,5.920289855072464,3.9830917874396135,2.9154589371980677,53.710144927536234,104.79468599033817,0.39091987230170155,163.29549940512888,0.0,0.0,0.0,0.0,0.0,0.0,38.265700483091784,5.920289855072464,3.9830917874396135,2.9154589371980677,53.710144927536234,211.46458153073334,1.0,163.29549940512888,,,,964.7991151311695,990.0,0.11197433675923164,0.006362065274797899,989.8816635979663,0.1903896645487709,,,,24.89215880225441,,,,0.922922705314011,,,,0.6531819976205159,,,,0.9700241545893813,,,,35.71197779541049,,,,35.71197779541049,857.0874670898464,0.1332031379570058
0.85,264.4164149312223,0.8505389610389668,0.022845578250057647,0.5753246753246752,3.0974025974025974,37.866883116883116,5.902597402597403,3.9935064935064934,2.925324675324675,53.21103896103896,103.89935064935065,0.3929416066346031,160.51706428187182,0.0,0.0,0.0,0.0,0.0,0.0,37.866883116883116,5.902597402597403,3.9935064935064934,2.925324675324675,53.21103896103896,208.28005129485874,1.0,160.51706428187182,,,,964.7899678564506,990.0,0.11088890265942988,0.006089625495561845,989.8830214718445,0.18450472724060965,,,,24.908548888155092,,,,0.9225324675324665,,,,0.6420682571274897,,,,0.9700649350649381,,,,35.120432180578284,,,,35.120432180578284,842.890372333877,0.1328213231922993
0.86,260.063943550208,0.8592417582417602,0.022469524722737937,0.5587545787545791,3.0915750915750917,37.48717948717949,5.721611721611722,3.772893772893773,2.7435897435897436,52.472527472527474,102.1978021978022,0.3929657830987244,157.86614135240552,0.0,0.0,0.0,0.0,0.0,0.0,37.48717948717949,5.721611721611722,3.772893772893773,2.7435897435897436,52.472527472527474,204.84782633409048,1.0,157.86614135240552,,,,964.7796561556311,990.0,0.10972074120535467,0.005794014041905976,989.884485244751,0.1781134963851222,,,,24.92671559273679,,,,0.9190476190476166,,,,0.6314645654096204,,,,0.97,,,,34.433434689308875,,,,34.433434689308875,826.402432543415,0.1324044912508915
0.87,253.5005650457508,0.8676059479553944,0.02190244881995278,0.5712639405204455,3.0892193308550184,37.561338289962826,5.79182156133829,3.83271375464684,2.7657992565055762,52.27137546468401,102.22304832713755,0.40323743519950345,151.27751671861233,0.0,0.0,0.0,0.0,0.0,0.0,37.561338289962826,5.79182156133829,3.83271375464684,2.7657992565055762,52.27137546468401,198.46339032456098,1.0,151.27751671861233,,,,964.7650774014115,990.0,0.10754433761064557,0.0051308341792948116,989.8873248282101,0.16358013786257386,,,,24.95866728893283,,,,0.915762081784384,,,,0.6051100668744496,,,,0.9699999999999996,,,,32.92037084919035,,,,32.92037084919035,790.0889003805695,0.12986504039271995
0.88,246.73701461972763,0.8789834710743772,0.021318078063144334,0.6244008264462808,3.3202479338842976,36.256198347107436,5.570247933884297,3.6198347107438016,2.5991735537190084,49.27685950413223,97.32231404958678,0.3944620780402257,149.41470057014087,0.0,0.0,0.0,0.0,0.0,0.0,36.256198347107436,5.570247933884297,3.6198347107438016,2.5991735537190084,49.27685950413223,194.86098156187654,1.0,149.41470057014087,,,,964.7514784563809,990.0,0.10631624371427614,0.004941470057014106,989.8887422862298,0.15982838662216378,,,,24.977435443224056,,,,0.9171280991735591,,,,0.5976588022805648,,,,0.9699586776859623,,,,32.58692313721418,,,,32.58692313721418,782.0861552931399,0.13206592248847962
0.89,238.63729140002437,0.8910000000000018,0.02061826197696206,0.6284210526315783,3.3739612188365653,35.69529085872576,5.409972299168975,3.445983379501385,2.4542936288088644,47.48199445983379,94.48753462603878,0.3959268988594276,144.14975677398564,0.0,0.0,0.0,0.0,0.0,0.0,35.69529085872576,5.409972299168975,3.445983379501385,2.4542936288088644,47.48199445983379,188.70100331138187,1.0,144.14975677398564,,,,964.7370266207346,990.0,0.10421625112888006,0.0044149756773985225,989.8913687731933,0.1487449108311736,,,,25.005597241626177,,,,0.9128531855955702,,,,0.5765990270959409,,,,0.9700000000000066,,,,31.331663933537886,,,,31.331663933537886,751.9599344049069,0.1312981300988943
0.9,235.7541166470227,0.8988341232227461,0.020369155678302733,0.6550710900473937,3.4549763033175354,35.018957345971565,5.2559241706161135,3.3033175355450237,2.3554502369668247,45.75355450236967,91.68720379146919,0.3889059441677019,144.06691285555286,0.0,0.0,0.0,0.0,0.0,0.0,35.018957345971565,5.2559241706161135,3.3033175355450237,2.3554502369668247,45.75355450236967,187.64511190768596,1.0,144.06691285555286,,,,964.7324585656158,990.0,0.10385628815034746,0.00440669128555529,989.8917370205634,0.14849051980983358,,,,25.01078793513504,,,,0.9116587677725099,,,,0.576267651422212,,,,0.969999999999999,,,,31.276058484176424,,,,31.276058484176424,750.6254036202353,0.13266469442377424
0.91,230.44945938691737,0.9092447552447602,0.01991083329102974,0.6774125874125865,3.5571095571095572,34.92307692307692,5.400932400932401,3.421911421911422,2.4475524475524475,45.5011655011655,91.6946386946387,0.3978796146990746,138.75482069228042,0.0,0.0,0.0,0.0,0.0,0.0,34.92307692307692,5.400932400932401,3.421911421911422,2.4475524475524475,45.5011655011655,182.50074143820024,1.0,138.75482069228042,,,,964.7249803179083,990.0,0.10210252549029562,0.003875482069228003,989.8940219924414,0.13758779501036555,,,,25.031453879523646,,,,0.9109557109557157,,,,0.55501928276912,,,,0.9699533799533899,,,,30.120465530629602,,,,30.120465530629602,722.8911727351106,0.13070674940407706
0.92,223.55659627668132,0.9197003058103955,0.019315289918305317,0.6996330275229359,3.654434250764526,34.14067278287462,5.2110091743119265,3.238532110091743,2.311926605504587,43.27522935779817,88.17737003058105,0.39443062300700354,135.37922624610053,0.0,0.0,0.0,0.0,0.0,0.0,34.14067278287462,5.2110091743119265,3.238532110091743,2.311926605504587,43.27522935779817,177.96944031337884,1.0,135.37922624610053,,,,964.7168298729953,990.0,0.10055776374319714,0.0035379226246100336,989.8959043136348,0.1308732118538894,,,,25.048201228782197,,,,0.9120489296636087,,,,0.5415169049844003,,,,0.9698165137614726,,,,29.43946021966134,,,,29.43946021966134,706.5470452718702,0.13168682591063544
0.93,217.5944112961254,0.9284981949458478,0.01880015713598524,0.7096028880866428,3.6823104693140793,33.812274368231044,5.093862815884476,3.1768953068592056,2.223826714801444,42.191335740072205,86.49819494584838,0.3975335296906588,131.09621635027804,0.0,0.0,0.0,0.0,0.0,0.0,33.812274368231044,5.093862815884476,3.1768953068592056,2.223826714801444,42.191335740072205,173.17924884125213,1.0,131.09621635027804,,,,964.7115738689324,990.0,0.0989247439231543,0.003110227782900739,989.8979650282928,0.12285351738776945,,,,25.063537641974403,,,,0.9105054151624531,,,,0.5243848654011133,,,,0.9697472924187728,,,,28.479172239056428,,,,28.479172239056428,683.5001337373557,0.13087733182625458
0.94,208.05946888154864,0.9397493606138118,0.017976338111365724,0.7461381074168794,3.792838874680307,33.0460358056266,4.948849104859335,3.135549872122762,2.21227621483376,40.08184143222506,83.42455242966751,0.40095375564580316,124.63491645188157,0.0,0.0,0.0,0.0,0.0,0.0,33.0460358056266,4.948849104859335,3.135549872122762,2.21227621483376,40.08184143222506,165.76535123449028,1.0,124.63491645188157,,,,964.7069070186566,990.0,0.09639727882993958,0.0024700194228923114,989.9011327017457,0.11107021168230818,,,,25.08315547140268,,,,0.903401534526855,,,,0.4985396658075238,,,,0.9681074168798008,,,,26.84952575579401,,,,26.84952575579401,644.3886181390568,0.12904708756273042
0.95,203.26403752019795,0.9477341040462401,0.017562012841745078,0.7504046242774569,3.8034682080924855,32.421965317919074,4.76878612716763,2.947976878612717,2.167630057803468,38.50867052023121,80.81502890173411,0.3975978308900376,122.44900861846335,0.0,0.0,0.0,0.0,0.0,0.0,32.421965317919074,4.76878612716763,2.947976878612717,2.167630057803468,38.50867052023121,162.587736942163,1.0,122.44900861846335,,,,964.7061497830892,990.0,0.09531400123028286,0.002244900861846366,989.9024410979073,0.10733466507093903,,,,25.08895664974795,,,,0.9030057803468198,,,,0.48979603447385434,,,,0.9651445086705196,,,,26.307046364224654,,,,26.307046364224654,631.3691127413925,0.12942024494794518
0.96,199.5909949099255,0.9584085603112849,0.017244661960217678,0.7743579766536965,3.937743190661479,31.976653696498055,4.712062256809339,3.035019455252918,2.0894941634241246,36.69649805447471,78.50972762645914,0.3932693515831522,121.08126728346716,0.0,0.0,0.0,0.0,0.0,0.0,31.976653696498055,4.712062256809339,3.035019455252918,2.0894941634241246,36.69649805447471,160.80500269202682,1.0,121.08126728346716,,,,964.5489446454021,990.0,0.09470625091773688,0.002111394168129841,989.9031823549111,0.10459272559034889,,,,25.249644983925005,,,,0.9039105058365783,,,,0.4843250691338708,,,,0.9666342412451412,,,,26.24140739769569,,,,26.24140739769569,629.7937775446964,0.13150797569239323
0.97,193.9070149983106,0.9698575667655768,0.016753566095854086,0.8427893175074191,4.281899109792285,29.792284866468844,4.43026706231454,2.943620178041543,2.065281899109792,31.531157270029674,70.76261127596439,0.36486825432529124,123.14440372234675,0.0,0.0,0.0,0.0,0.0,0.0,29.792284866468844,4.43026706231454,2.943620178041543,2.065281899109792,31.531157270029674,160.3105758291713,1.0,123.14440372234675,,,,964.4104024206504,990.0,0.09453769630539921,0.0023261674527922786,989.9031361362414,0.10806425835525532,,,,25.384669457237607,,,,0.9048367952522242,,,,0.4925776148893872,,,,0.9687537091988169,,,,26.9047934001357,,,,26.9047934001357,645.7150416032574,0.1387624550582071
0.98,181.49295908150734,0.9806401179941029,0.015680991664642145,0.9025958702064889,4.545722713864307,28.0,4.3952802359882,2.7551622418879056,2.0353982300884956,27.755162241887906,64.9410029498525,0.35778406377351085,116.55195613165452,0.0,0.0,0.0,0.0,0.0,0.0,28.0,4.3952802359882,2.7551622418879056,2.0353982300884956,27.755162241887906,151.7023986095309,1.0,116.55195613165452,,,,964.4369939036544,990.0,0.09160309043506724,0.0017053701319888859,989.9066915394338,0.09692497515648567,,,,25.372772660622225,,,,0.8995280235988179,,,,0.4662078245266184,,,,0.9663126843657832,,,,25.253831098286863,,,,25.253831098286863,606.0919463588842,0.1391384820722642
0.99,163.67497643973087,0.9898013698630143,0.014141517964392737,0.9417465753424646,4.8493150684931505,25.383561643835616,4.232876712328767,2.3253424657534247,2.0,22.695205479452056,56.636986301369866,0.346258652548075,107.03799013836125,0.0,0.0,0.0,0.0,0.0,0.0,25.383561643835616,4.232876712328767,2.3253424657534247,2.0,22.695205479452056,138.9797709602788,1.0,107.03799013836125,,,,964.469715596154,990.0,0.087265831009186,0.0008893398201005969,989.9118448291706,0.08145543241791124,,,,25.360673800601035,,,,0.8910616438356158,,,,0.4281519605534451,,,,0.9636986301369875,,,,22.898055822956042,,,,22.898055822956042,549.5533397509435,0.13981618051358363
1.0,130.25107782065007,0.9974129353233846,0.011253693123704158,0.9623880597014941,4.900497512437811,25.18407960199005,4.3283582089552235,2.328358208955224,2.0,22.587064676616915,56.42786069651741,0.4399076225408232,73.82321712413248,0.0,0.0,0.0,0.0,0.0,0.0,25.18407960199005,4.3283582089552235,2.328358208955224,2.0,22.587064676616915,105.66401314403306,0.9502487562189055,76.94835286389974,,,,964.4981817429418,990.0,0.07590818629910218,7.410528693434605e-06,989.9240844031726,0.04265847758003027,,,,25.382384552672946,,,,0.8463350785340298,,,,0.30779341145559963,,,,0.9600000000000005,,,,15.669017006763738,,,,14.88946392185012,357.34713412440294,0.11237383098199905
