Exceedance,VicFalls_full,VicFalls_overlap,VicFalls_factor_smooth,Ngonye_gauged,Ngonye_synthetic,Conversion
0.0,9435.5576,5650.5399,1.6698506279019463,5935.9208,9912.101075056224,1.050505067666189
0.001,8445.5052,5582.9446,1.512733119365003,5809.1639,8760.450162610323,1.0405197106917377
0.002,7520.3744,5436.4811,1.383316572184901,5637.7169,7798.747217056887,1.037015818927431
0.003,6685.2356,5292.3528,1.2631878207363652,5493.5563,6905.53471196827,1.0380177791624172
0.004,6234.1343,5150.5566,1.2103806994374162,5312.6645,6402.2923376499375,1.0314738605144151
0.005,5998.9548,4954.8405,1.2107261172181023,5078.8256,6149.066798715899,1.0250230254636854
0.006,5809.5782,4910.9502,1.1829845474710778,5037.6482,5959.45997619549,1.0257990805934052
0.007,5641.3231,4876.3904,1.156864532421358,5013.1971,5799.589919027609,1.0280549112720754
0.008,5511.8949,4842.2773,1.1382856781043913,4979.3576,5667.931442240255,1.0283090561542192
0.009000000000000001,5383.7291,4784.4181,1.1252630910329513,4901.7445,5561.7322255179115,1.0245226059988362
0.01,5292.9576,4719.5806,1.1252015769711439,4889.2572,5504.672084454978,1.0393810658255642
0.011,5220.8071,4675.4401,1.1165178694853128,4879.6734,5448.242548352153,1.0435632736463587
0.012,5149.0725,4629.7057,1.1094387829012209,4858.8095,5390.55169802889,1.046897610788912
0.013000000000000001,5077.7546,4592.4173,1.1031683548517988,4821.6213,5328.024200115626,1.0475220754542551
0.014,5006.8544,4567.9703,1.095235460352398,4810.6006,5268.740362712521,1.0523054879951215
0.015,4953.9539,4550.2048,1.0871834795863506,4787.7546,5205.167705433557,1.0507097584080378
0.016,4901.2893,4532.4809,1.0780304189144196,4765.9413,5140.02065211847,1.0482608517233483
0.017,4831.4375,4532.4809,1.0691797685527178,4745.1032,5073.36834113476,1.050074297998217
0.018000000000000002,4779.3249,4507.6013,1.0601072202749509,4725.835,5009.891805328073,1.0482425677584868
0.019,4713.5162,4497.1581,1.0515700756827866,4685.2145,4917.25085345474,1.0452560588112731
0.02,4675.4401,4479.559,1.043568530437846,4664.4888,4868.100916340903,1.0411241761518433
0.021,4607.3322,4462.0015,1.0378284459284886,4645.1427,4820.861229457064,1.0463454815472313
0.022,4573.2514,4444.4855,1.0326365111688622,4617.2635,4767.95487178733,1.0425744081743091
0.023,4539.2767,4427.0109,1.0284016108389336,4584.8867,4715.1048677940025,1.0387348424461549
0.024,4505.4084,4392.1861,1.0240439209224201,4555.2836,4664.810478657597,1.035380161908873
0.025,4479.559,4374.8357,1.0209761083085789,4517.305,4612.060478942885,1.029579134674392
0.026000000000000002,4437.9913,4357.5267,1.018554571631362,4484.3569,4567.562221321642,1.029195848428464
0.027,4404.4427,4346.9588,1.0165852261167427,4440.0692,4513.708751655985,1.0248081446617492
0.028,4371.001,4323.0324,1.0134755282977332,4412.5344,4471.995632171921,1.023105607198882
0.029,4340.2589,4288.7031,1.0089142154670838,4376.645,4416.088526935886,1.0173723407497501
0.03,4321.0391,4271.6002,1.004987447680578,4358.8005,4380.539789443827,1.0137699956114323
0.031,4271.6002,4254.5385,1.0003231087705289,4349.2677,4352.413415622739,1.0185112798101397
0.032,4220.5382,4254.5385,0.9953078290809019,4335.6048,4319.231041807247,1.0224433938877127
0.033,4186.702,4224.8171,0.9890492474418627,4325.0899,4277.726910713402,1.0217414353143361
0.034,4136.8208,4218.7766,0.9827827936249383,4292.7072,4218.7987742298865,1.0198166607144032
0.035,4086.1755,4186.702,0.9767049771551335,4277.4313,4177.788440149153,1.0224202166914156
0.036000000000000004,4053.6119,4186.702,0.9727891017471846,4253.6624,4139.940539756245,1.0207973844836438
0.037,4018.9229,4153.0297,0.9673353308704632,4241.0524,4107.225579174971,1.0208008286481363
0.038,3960.7774,4119.521,0.9628175098203012,4224.5582,4067.4786062149346,1.0269394604743338
0.039,3941.514,4086.1755,0.9581812663993621,4194.6555,4019.2403190990494,1.0197199145046927
0.04,3889.5171,4082.1887,0.9545332930389581,4168.86,3979.3156640183897,1.02308732979176
0.041,3846.083,4052.9931,0.9507265330988498,4147.9328,3945.217901765953,1.0253418271189165
0.042,3809.2943,4037.2564,0.9475801697016343,4128.8163,3912.384450220874,1.0270627948648845
0.043000000000000003,3789.5302,4019.9735,0.943870326389146,4109.4413,3878.7797011080374,1.0235516004353356
0.044,3752.1211,3987.1163,0.9417491065509562,4072.6225,3836.8066153567033,1.0221921144001247
0.045,3714.9455,3954.4214,0.939925158369214,4058.3465,3815.1157727263558,1.0268096737165175
0.046,3696.4452,3938.1347,0.9384489824342302,4049.1903,3799.958516717555,1.0280034766151964
0.047,3667.4217,3910.0257,0.936614720675102,4027.8579,3777.9814168947732,1.0286657250044364
0.048,3641.2927,3889.5171,0.93544818196485,4018.4616,3759.062598015562,1.0323428814210849
0.049,3623.0245,3882.3576,0.9346807999143044,4000.4964,3739.1871752062953,1.0320623487934721
0.05,3586.6615,3857.3072,0.9329508000468278,3977.4491,3710.764319990535,1.0346012078336735
0.051000000000000004,3568.5667,3825.2584,0.9311981758907951,3957.6097,3685.3189335277175,1.0327168421786028
0.052000000000000005,3550.5294,3801.1413,0.9297435582051724,3945.9957,3668.7640827803098,1.0333005784377705
0.053,3514.6276,3793.3704,0.9275699993837591,3919.6521,3635.75169598155,1.0344628534703222
0.054,3496.7627,3777.4867,0.9264123706302198,3903.8119,3616.5396367734625,1.034253664617694
0.055,3483.2772,3761.6431,0.9240325261175071,3894.7959,3604.2280700078386,1.033198877823766
0.056,3453.1404,3761.6431,0.921559123994868,3885.7883,3580.983661777507,1.037022317939203
0.057,3438.1311,3730.076,0.9194764671858896,3870.7939,3559.103900376692,1.0351856275569864
0.058,3408.2971,3719.8872,0.9174044247904013,3842.9781,3525.5651133126094,1.0344066288448297
0.059000000000000004,3390.7751,3698.669,0.9144917794308702,3814.0018,3487.873292834542,1.028635987339456
0.06,3372.9636,3698.669,0.912074423069107,3799.142,3465.4560074178917,1.0273162295044078
0.061,3355.9016,3683.0254,0.9096483249210924,3769.849,3429.236828055455,1.0218526157189636
0.062,3321.255,3667.4217,0.9080161393618033,3754.63,3409.2646373320076,1.0264989099999873
0.063,3304.5881,3667.4217,0.9068410307213386,3738.5741,3390.5238411943037,1.0259349388421815
0.064,3304.0166,3651.8579,0.9060963091122919,3721.0827,3371.6593003716016,1.0204728694073757
0.065,3290.1963,3636.3339,0.9052366007832441,3706.556,3355.8315273073763,1.0197902642017858
0.066,3275.6178,3605.4052,0.906039895770989,3691.2053,3350.5992488897264,1.020991907322436
0.067,3255.1497,3590.0006,0.9069349092519899,3677.9703,3344.0250058730626,1.0247392493998093
0.068,3235.6269,3574.6356,0.9073440118510483,3666.2324,3326.534014194297,1.0280956726482577
0.069,3229.4335,3544.0245,0.9081414536505289,3644.0767,3319.87493588865,1.024742299710467
0.07,3201.7695,3528.7784,0.9079662909547527,3637.1866,3302.4428267123285,1.031443027585942
0.07100000000000001,3188.9642,3513.5718,0.9071678091318336,3622.3478,3287.6471317397127,1.0304528717003212
0.07200000000000001,3184.9249,3498.4048,0.906915153769723,3619.4296,3282.515552242687,1.0306414296433448
0.073,3160.3899,3483.2772,0.9057237631975694,3613.5961,3276.462239053265,1.035606352990832
0.074,3138.9114,3483.2772,0.9044164062654051,3607.7663,3270.4589438290805,1.0395078471126764
0.075,3133.1417,3468.1891,0.9019953610743343,3590.2993,3240.0711651584834,1.0336057617401824
0.076,3117.8186,3453.1404,0.8991509786856985,3567.0625,3207.3277379080546,1.0287088985574897
0.077,3101.5394,3453.1404,0.896721768411507,3554.2731,3187.1940596494487,1.0276168213918058
0.078,3075.5944,3453.1404,0.8951444145024404,3545.2286,3173.491579424307,1.03183032828526
0.079,3061.5966,3438.1311,0.8926532788203625,3526.1843,3147.659977119885,1.0281106195113638
0.08,3047.6373,3423.1611,0.890429856346093,3509.2329,3124.725747031983,1.0252944951920568
0.081,3035.8316,3410.6791,0.8884205035763159,3495.7783,3105.721117677158,1.0230215396918452
0.082,3019.5429,3408.2305,0.8874914290971888,3486.2063,3093.978211314623,1.024651185222314
0.083,3011.0106,3393.3391,0.8859067486944202,3466.1074,3075.7456967359394,1.0198064189344502
0.084,3000.0982,3393.3391,0.8846330654082101,3457.5078,3061.551366652263,1.0195085360161864
0.085,2987.1311,3378.487,0.8828069265068531,3448.1725,3044.070566790452,1.0190615894931603
0.08600000000000001,2971.0078,3378.487,0.8819886766693695,3439.671,3033.7899108262714,1.0211184479111792
0.08700000000000001,2964.6862,3363.674,0.8804985723006098,3434.6169,3024.175276849546,1.020065893263694
0.088,2950.9948,3363.674,0.8799897823261572,3424.1763,3013.2401568833866,1.021093007986116
0.089,2938.9259,3338.8218,0.8792063985874108,3414.6369,3002.170611332681,1.0215196685743866
0.09,2923.7265,3334.1657,0.878557715634848,3405.8604,2992.2449327951895,1.0234353086019465
0.091,2922.9672,3319.4701,0.8771971320334708,3389.0165,2972.835554214111,1.0170608668527348
0.092,2907.0632,3308.4485,0.8760311937243378,3379.0626,2960.5341094633586,1.0182662155907944
0.093,2891.2138,3304.8137,0.8748505727407386,3371.9788,2949.977584449628,1.0203249529486986
0.094,2875.419,3298.0312,0.8732580260038378,3359.325,2933.5575182053426,1.020219146567976
0.095,2859.6787,3290.1963,0.8706836606257565,3352.1446,2918.657531274862,1.0206242859643155
0.096,2856.2211,3275.6178,0.8684923539053264,3335.1809,2896.5791105410844,1.0141298621948716
0.097,2829.1733,3267.8828,0.8666000067289097,3323.8908,2880.8005318220326,1.0181362130224265
0.098,2812.7838,3261.0784,0.8650018140278324,3306.9841,2860.547245461199,1.0169808449057474
0.099,2802.899,3246.5778,0.8635207700720018,3304.1697,2853.2191637925753,1.0179528994061418
0.1,2797.2606,3246.5778,0.8616407691817691,3296.8566,2840.706056705992,1.0155314298231606
0.101,2781.7915,3232.1161,0.8605144952334355,3284.4952,2826.3557291246416,1.0160199745827974
0.10200000000000001,2763.3038,3217.6933,0.85916481338101,3278.0074,2816.7870375786365,1.0191961579043787
0.10300000000000001,2751.0152,3203.3094,0.8575649588471205,3264.8674,2799.835877522306,1.0177464223106822
0.10400000000000001,2735.7079,3188.9642,0.8561285311671601,3259.2681,2790.352411132981,1.0199745415557637
0.105,2720.4544,3188.9642,0.8553246546154022,3247.0189,2777.255319172183,1.0208792028170672
0.106,2705.2546,3174.6577,0.8546554894851146,3226.4882,2757.5358518889457,1.0193258157250507
0.107,2690.1084,3159.0808,0.8538482010778068,3211.572,2742.1949748318543,1.0193622587223081
0.108,2690.1084,3146.1609,0.8530391925476841,3199.4611,2742.1949748318543,1.0145560354860514
0.109,2675.0157,3131.9704,0.8522261882805525,3192.3741,2720.6248108085592,1.0170500348123412
0.11,2659.9765,3117.8186,0.851411455693119,3181.2788,2711.620079741996,1.018271106558144
0.111,2644.9907,3103.7054,0.8511411442448223,3168.7707,2697.0711194474666,1.0196902089097957
0.112,2630.0582,3103.7054,0.8497747192350541,3153.6075,2679.8559278900607,1.018934078299127
0.113,2615.179,3089.6306,0.8483236797530342,3143.4384,2666.6532305649903,1.0196828708723151
0.114,2615.179,3077.9281,0.8464035458369094,3128.9284,2666.6532305649903,1.0126787085816333
0.115,2600.3529,3075.5944,0.8451463081591013,3123.2897,2639.636759266347,1.015107126139051
0.116,2595.6253,3075.5944,0.8439109771944953,3112.0922,2631.250296122137,1.0118289298618588
0.117,2570.8598,3061.5966,0.8426737985409407,3107.4659,2618.5800937894437,1.018561997736883
0.11800000000000001,2570.388,3047.6373,0.8408382174011129,3101.2971,2607.6891251952406,1.0145118655997618
0.11900000000000001,2556.1926,3047.6373,0.8389128257380465,3092.0718,2593.978691122928,1.0147821768684129
0.12,2541.5783,3033.7163,0.8365231553785346,3084.8503,2580.548706826419,1.015333152170216
0.121,2527.0168,3019.8338,0.8352821024903594,3076.4321,2569.688672656832,1.0168862639365246
0.122,2512.5079,3019.8338,0.8330806281031513,3067.2581,2555.273304502478,1.0170210029996236
0.123,2498.0517,3019.8338,0.8311525442345974,3057.5163,2541.2624517837526,1.0172977812203616
0.124,2498.0517,3005.9895,0.8293628159663144,3046.6097,2541.2624517837526,1.0114861913955937
0.125,2483.2232,2999.0865,0.8271594364356004,3039.801,2514.7226820612686,1.0125550059440387
0.126,2469.2967,2992.1835,0.8253705248694836,3030.6705,2501.4261012914603,1.0130115596442746
0.127,2469.2967,2992.1835,0.8241236484980627,3027.5605,2501.4261012914603,1.0104432591306745
0.128,2446.4198,2978.4157,0.8216510507444135,3019.6306,2481.0826553499837,1.0141688091921033
0.129,2440.7511,2978.4157,0.8199817637889991,3011.4766,2469.355894077298,1.0117196686205727
0.13,2426.5566,2964.6862,0.8187311493790482,3002.3801,2458.1421101457818,1.0130165973238712
0.131,2412.4143,2964.6862,0.8167977796115707,2982.4795,2445.83094535341,1.0098110566402412
0.132,2408.9212,2950.9948,0.8154167186066225,2976.0951,2427.790995347178,1.0074043520822713
0.133,2398.3241,2937.3416,0.8138500408634959,2973.3961,2419.898537488359,1.0089956305273167
0.134,2384.2857,2937.3416,0.8120584464169464,2966.5179,2408.9859171420626,1.0103595878388494
0.135,2384.2857,2937.3416,0.810948316528578,2954.3689,2408.9859171420626,1.0048462253744954
0.136,2370.2993,2931.6777,0.8096872685667299,2943.7715,2383.534305119585,1.0055836851994113
0.137,2356.3647,2923.7265,0.8078154544799773,2933.9073,2370.055658951623,1.005810203722549
0.138,2356.3647,2923.7265,0.8060437697964177,2929.315,2370.055658951623,1.002033388770929
0.139,2349.8899,2910.1494,0.8042509080578998,2921.0034,2349.2196368902128,0.9997147682920007
0.14,2337.991,2910.1494,0.802769947362682,2919.6208,2347.4315819038047,1.0024776981327095
0.14100000000000001,2326.1223,2910.1494,0.8009780613272789,2911.5882,2332.1182718193813,1.0025776683450314
0.14200000000000002,2314.871,2896.6104,0.7990396244635439,2902.0891,2318.884184623744,1.0017336536782153
0.14300000000000002,2301.1428,2883.1094,0.7974011105789979,2893.1252,2306.981247524085,1.002537194790382
0.14400000000000002,2287.4661,2883.1094,0.7956806089936953,2882.2105,2293.319005888023,1.0025586853016195
0.145,2273.8406,2869.6463,0.7944681910818329,2877.5563,2286.9679331072657,1.0054033463898624
0.146,2273.8406,2856.5433,0.7936023938194439,2874.2189,2286.1269483971328,1.0031428761545944
0.147,2260.2665,2856.2211,0.7923366099369826,2866.2362,2272.762751991494,1.0047593387711842
0.148,2248.1891,2842.8338,0.7922814775310808,2859.0913,2269.138747187192,1.007568749248121
0.149,2244.0779,2829.4844,0.7922819973569403,2850.2972,2258.239158676894,1.0063105022677215
0.15,2233.2716,2829.4844,0.7911769458800683,2841.2809,2247.955944849372,1.0065752615353063
0.151,2233.2716,2816.1728,0.7904377801133705,2832.6563,2247.955944849372,1.0025822911983269
0.152,2220.9618,2802.899,0.7898688828109235,2827.3263,2233.217065922942,1.0055179994194146
0.153,2209.4577,2802.899,0.788730011091068,2815.0375,2223.988929865841,1.0049092854761474
0.154,2193.1616,2789.6629,0.7879875975959977,2805.3286,2210.5641439813435,1.007934911855717
0.155,2193.1616,2787.2872,0.7872467022056584,2797.9826,2210.5641439813435,1.004350329076897
0.156,2179.8933,2776.4645,0.7864473645755895,2786.8948,2191.7460708094145,1.0054373169592357
0.157,2166.6756,2763.3038,0.7855914440842521,2777.4276,2181.9233591234583,1.0070373982720155
0.158,2166.6756,2750.1807,0.7845478201557817,2770.4822,2181.9233591234583,1.0031846810802663
0.159,2163.8006,2750.1807,0.783704775507598,2763.2652,2170.543429675747,1.0008242595153904
0.16,2141.187,2737.0952,0.7832029283135042,2755.5111,2160.5613239148734,1.0079102677722054
0.161,2128.6273,2732.972,0.7827800153093131,2744.9419,2150.0044738433844,1.0094231444392237
0.162,2127.3261,2724.0472,0.7816276452927221,2739.7155,2141.4373750369728,1.0066333389304878
0.163,2118.7163,2710.6736,0.7808423192854494,2732.1985,2134.0781772179444,1.0069381226208651
0.164,2107.5344,2698.0639,0.7800468682940143,2727.0654,2127.238824902963,1.0093495151979315
0.165,2096.3881,2688.4916,0.7795875291023148,2718.8498,2119.5813975823226,1.0110634560377072
0.166,2087.7804,2672.2303,0.7787970691156049,2703.6321,2106.235692212529,1.0085259711446988
0.167,2075.5648,2672.2303,0.7780713148830989,2697.08,2098.5205819449084,1.0110600169866575
0.168,2062.7498,2659.3696,0.7769845918636927,2690.761,2090.679837387742,1.0135401963862714
0.169,2052.1583,2646.5462,0.7766303276780387,2682.9132,2083.6317576477354,1.0153367591806808
0.17,2049.9848,2639.8974,0.7753680379017782,2666.9631,2067.877946003444,1.0087284286222238
0.171,2037.2697,2633.7601,0.7746056276146929,2662.1166,2062.090499726492,1.0121833646897571
0.17200000000000001,2037.2697,2621.0113,0.7738415122875498,2656.6335,2062.090499726492,1.0091021749519793
0.17300000000000001,2024.6043,2621.0113,0.7727959273708116,2646.3197,2045.0650866811482,1.0101060669885706
0.17400000000000002,2011.9887,2608.2997,0.7717513964553467,2626.028,2028.1238651148196,1.0072823849014862
0.17500000000000002,1999.4228,2595.6253,0.7706449136558483,2619.8355,2018.9629026900263,1.0097728717958134
0.176,1993.6761,2595.6253,0.768837236175566,2610.3474,2010.9503204142197,1.0066491144043281
0.177,1986.9064,2582.9881,0.7671259240915976,2605.2245,1998.53525202857,1.0058527427505242
0.178,1974.4395,2578.3513,0.7655064522259013,2599.1642,1990.4550805023905,1.0077173625702753
0.179,1965.396,2570.388,0.7641975276955802,2589.0389,1978.5371264876846,1.0066862487191817
0.18,1954.7091,2570.388,0.7632048880862212,2574.5709,1969.2180152585656,1.0052263508695702
0.181,1944.0572,2557.8249,0.7614541300535027,2566.93,1954.5994500582376,1.005422808576948
0.182,1937.3349,2545.2989,0.7601026615480887,2557.285,1943.7991348370037,1.0033366635975038
0.183,1937.3349,2545.2989,0.7592922888631007,2548.3854,1943.7991348370037,0.9987789840937199
0.184,1926.7214,2545.2989,0.7583859654863975,2541.5257,1929.7937139430387,1.0003820073846652
0.185,1915.6039,2532.8099,0.7574025027451147,2534.2342,1919.4353256222635,1.0020001137094487
0.186,1912.8444,2520.3578,0.7562432365423127,2523.8025,1908.60857099358,0.9977855862157843
0.187,1900.6727,2520.3578,0.7549263836284724,2513.697,1897.6561857477402,0.9984129228287122
0.188,1888.8793,2507.9427,0.754045144809424,2501.5938,1886.314659175357,0.998642242082571
0.189,1888.5499,2507.9427,0.7525708799949516,2492.82,1876.0237410690154,0.9933673137622763
0.19,1876.4759,2495.5645,0.7510631556181175,2478.4549,1861.476158251186,0.9920064298460674
0.191,1864.4507,2483.2726,0.7500742077754922,2465.9264,1849.6277909126711,0.9920497178673973
0.192,1852.4742,2483.2232,0.7492639285543738,2462.5304,1845.0852016885738,0.9960112813925147
0.193,1849.2439,2470.9186,0.7484724125780688,2446.6366,1831.2399987038034,0.9902641824065519
0.194,1840.5463,2463.2398,0.7472174742489937,2433.4346,1818.30485556211,0.9879158462691812
0.195,1828.6668,2446.4198,0.7461916949387827,2423.4746,1808.3766194150885,0.9889043861982338
0.196,1828.6668,2446.4198,0.7456243756989235,2416.5176,1808.3766194150885,0.9853158743109794
0.197,1816.8359,2444.8102,0.7445881670491834,2408.2376,1793.1452204029242,0.986960473647028
0.198,1810.1471,2434.2255,0.7437516445836386,2387.5358,1775.7336777523135,0.9809886046014236
0.199,1797.234,2422.0679,0.7424185358795116,2378.8559,1766.1067143463379,0.9826804491492693
0.2,1793.3188,2419.6437,0.7416179284805641,2373.9186,1760.5405945134808,0.9817220421229514
0.201,1781.6326,2403.2279,0.7413039435973129,2364.0563,1752.4842580760724,0.9836395326825926
0.202,1769.9945,2397.8624,0.7407324299197262,2351.7513,1742.2377157850265,0.9841942757538935
0.203,1769.9945,2385.8146,0.7406227258518054,2337.5006,1742.018455015875,0.9780855624422735
0.20400000000000001,1758.8504,2373.8032,0.7402425940709596,2325.6905,1724.899909276999,0.978807048471085
0.20500000000000002,1746.8622,2361.8284,0.740208879077233,2314.992,1713.577633392762,0.9809460834362104
0.20600000000000002,1741.8716,2349.8899,0.7401480195119305,2306.8274,1711.6110696035419,0.9802064236341278
0.20700000000000002,1735.3679,2349.8899,0.7404171575345787,2290.6097,1696.006723095134,0.9773182522824895
0.20800000000000002,1723.9214,2326.1223,0.7405709721518849,2273.3721,1683.5933861599722,0.9766068140693492
0.209,1712.5226,2321.3433,0.7415459678085268,2259.1306,1675.2491871828577,0.9782347907016571
0.21,1712.5226,2302.4999,0.7415789932411739,2246.9848,1675.2491871828577,0.9730188237003241
0.211,1708.4979,2302.4999,0.7421629898290265,2239.4717,1662.0530125094926,0.9728153675281033
0.212,1701.1714,2279.0226,0.7425992422397726,2228.9737,1655.2341805923822,0.9729967130839269
0.213,1689.8676,2279.0226,0.7428091401709274,2211.9908,1643.0869842140019,0.9723169934816206
0.214,1683.6732,2267.3382,0.7421296676550868,2201.2985,1643.0869842140019,0.970288607203964
0.215,1678.6114,2255.69,0.7421093763039815,2184.5608,1621.183052786127,0.9657881822952752
0.216,1667.4025,2255.69,0.7407451379986093,2170.998,1608.1640465939463,0.9644679152782276
0.217,1656.2409,2241.1607,0.7411874138902448,2166.0756,1605.4679722547603,0.9693444789672567
0.218,1656.2409,2232.5018,0.7407585192528048,2148.3536,1605.4679722547603,0.9608573436191754
0.219,1645.1264,2232.5018,0.7399549490085577,2137.0189,1582.9763532117095,0.9612013467049243
0.22,1645.1264,2209.4577,0.7396783046869903,2129.4986,1581.297711179824,0.9574607241615715
0.221,1634.0591,2209.4577,0.7399803503558865,2118.0537,1567.617001700598,0.959156323659641
0.222,1623.0388,2197.6238,0.7403316247602314,2106.3399,1559.3900404643032,0.9607842033501005
0.223,1612.0655,2186.5574,0.7407699002753622,2100.7237,1556.1528857550898,0.9653161647309553
0.224,1612.0655,2175.1611,0.7403957076811867,2085.804,1556.1528857550898,0.95797616701322
0.225,1610.5937,2163.8006,0.7406043826609958,2080.2845,1540.6678178817385,0.9565837851481342
0.226,1601.139,2163.8006,0.7410322597249772,2066.4876,1531.3339759216449,0.9564028956396946
0.227,1590.2593,2143.3093,0.7417771082803022,2051.4497,1521.7184262484936,0.9568995611272285
0.228,1586.6955,2141.187,0.7422308689869557,2041.9517,1515.5995847203915,0.9551924642884482
0.229,1579.4263,2129.9338,0.7424087477164608,2032.6797,1509.079190585671,0.9554603406222063
0.23,1573.0957,2118.7163,0.7421328079346864,2020.2682,1500.9625495567557,0.9530935162095697
0.231,1568.6399,2107.5344,0.7421331509246637,2010.1964,1491.8333883094156,0.9510362373859136
0.232,1563.0265,2096.3881,0.7420988735311422,2002.4505,1487.2955625753286,0.9507300486280127
0.233,1547.2067,2096.3881,0.7413998980616986,1992.2943,1479.370112796092,0.9546796759146036
0.234,1547.2067,2085.2774,0.7415586791899738,1987.693,1477.0867909289032,0.9526787828123783
0.23500000000000001,1536.5597,2074.2022,0.7407893557061752,1983.096,1469.0564081434932,0.9560685524574757
0.23600000000000002,1527.9505,2074.2022,0.7397698565974775,1976.2084,1461.9394046747304,0.9567976218305047
0.23700000000000002,1525.9589,2052.1583,0.7399086276134277,1960.1743,1450.3498761961112,0.9504514677270214
0.23800000000000002,1516.372,2052.1583,0.7398007862249313,1951.0353,1443.3774488925947,0.9518623720911455
0.23900000000000002,1515.4044,2052.1583,0.7397294496596175,1941.722,1436.3489464519719,0.9478321076881999
0.24,1504.8959,2036.3788,0.7400473423224577,1932.8083,1430.3696456337875,0.9504774686633058
0.241,1504.8501,2030.2561,0.7398673979192422,1928.2621,1426.6582624332934,0.9480401153797932
0.242,1494.4335,2018.6968,0.7402637998354636,1914.6492,1417.3454921439306,0.9484165686488764
0.243,1484.0171,2008.4951,0.7405101325650953,1906.7082,1411.9367419449543,0.9514288898321686
0.244,1484.0171,1999.1401,0.7407240303812659,1896.8654,1411.9367419449543,0.9467908315738222
0.245,1473.6465,1986.8752,0.7411998837203903,1887.043,1398.6760521753763,0.9491258942869788
0.246,1470.6225,1986.8752,0.741059416052291,1881.7389,1394.4803303968806,0.9482245310383055
0.247,1463.3217,1976.1181,0.7411070320654077,1869.5501,1385.5367259085863,0.9468435586710607
0.248,1463.3217,1965.396,0.7410836320504071,1861.6618,1385.5367259085863,0.9428187174382082
0.249,1453.0426,1965.396,0.7411512597401162,1843.4906,1369.7997785006319,0.9403064855146454
0.25,1448.0846,1958.9797,0.7407682467798619,1829.3268,1362.8070080324592,0.935792844163535
0.251,1442.8091,1944.0572,0.7398335905486729,1827.1384,1351.7783629013575,0.9369072893297925
0.252,1442.8091,1944.0572,0.7385737501782285,1823.2968,1351.7783629013575,0.9333453436521598
0.253,1432.6212,1942.5703,0.7377235596330205,1815.5442,1339.3697298950844,0.9349084949287951
0.254,1425.77,1942.5703,0.7374521377333698,1802.7047,1329.408434716993,0.9324143688792674
0.255,1422.4786,1933.4404,0.7368457039118653,1792.7368,1320.9704093247049,0.9286399172013589
0.256,1414.6961,1929.0568,0.7368813672519134,1780.3389,1312.1578348095206,0.9273359577394521
0.257,1412.3815,1915.6039,0.7368579019552678,1765.2916,1300.7690647152579,0.9209757170532593
0.258,1403.6777,1902.2114,0.7379907916485404,1754.5176,1297.3742127562707,0.9224466788816956
0.259,1402.3296,1888.8793,0.7392145529392204,1745.1114,1290.0117433801372,0.9199062355812336
0.26,1392.7145,1888.8793,0.7409137838555353,1732.4728,1284.2776254994012,0.9216626793752734
0.261,1392.323,1876.7223,0.7422361250468843,1723.7366,1279.419574585491,0.9189100335091003
0.262,1386.1632,1862.3957,0.742830703309916,1710.164,1273.0349095314143,0.9164594233170373
0.263,1381.8066,1854.1364,0.7427709798235275,1700.7383,1263.7662562755465,0.9142082933417748
0.264,1370.9538,1836.3614,0.7441981074389867,1691.3332,1261.3267508483223,0.9181104180817219
0.265,1362.5733,1836.1519,0.7452746391380561,1684.8335,1255.663678720208,0.9215384440016607
0.266,1352.7466,1823.1197,0.7464649292488702,1680.5288,1254.4558117926888,0.9273398371821365
0.267,1352.7466,1810.1471,0.7475085498721855,1667.6411,1254.4558117926888,0.921514776210309
0.268,1342.9646,1791.9897,0.7491443671505146,1656.059,1243.2776781812938,0.9237974489565206
0.269,1342.9646,1784.3803,0.7506327881106211,1650.5189,1240.627271518914,0.9225363079088424
0.27,1333.2273,1771.5858,0.7529138066430701,1644.7788,1238.3766673938208,0.9288563678480186
0.271,1333.2273,1758.8504,0.7544281980278971,1624.9674,1238.3766673938208,0.9195140449314809
0.272,1323.5347,1758.8504,0.7558580028301395,1620.7242,1225.0373569504757,0.9255800826003849
0.273,1323.5347,1746.1741,0.7573989549888818,1613.572,1225.0373569504757,0.9233741635933836
0.274,1313.8865,1733.5566,0.7589486057777882,1606.8715,1219.5328845890633,0.9281873925860896
0.275,1306.9863,1720.9979,0.7604908662817411,1593.251,1213.114920420835,0.9270585569215608
0.276,1304.2828,1708.4979,0.7628462294874694,1580.0968,1205.370886105216,0.9241637519909148
0.277,1304.2828,1708.4979,0.7644180023738143,1575.1541,1205.370886105216,0.923171071912413
0.278,1294.7235,1684.0695,0.766808964509508,1567.2867,1203.472891160384,0.9282364084042066
0.279,1294.7235,1683.6732,0.7689814288057294,1561.1067,1201.8094915165238,0.9271956990694903
0.28,1285.2084,1671.3483,0.7705861897922536,1556.1877,1199.1767503445706,0.9330601561152032
0.281,1285.2084,1659.0815,0.7721896965177386,1549.1915,1199.1767503445706,0.9307982380389517
0.28200000000000003,1275.7375,1646.8728,0.7725527289159837,1543.0229,1192.066552174855,0.934413664390092
0.28300000000000003,1275.7375,1646.8728,0.7723853862076397,1538.8661,1192.066552174855,0.9316945586144049
0.28400000000000003,1266.3107,1634.7221,0.7731924322561838,1530.135,1183.088802330316,0.9342800327994669
0.28500000000000003,1260.9391,1634.7221,0.7723628003935857,1521.3323,1179.202669522253,0.9318614004095952
0.28600000000000003,1247.589,1624.8541,0.7723572814124261,1510.6526,1166.7635352946131,0.9352146702917493
0.28700000000000003,1247.589,1610.5937,0.7722393448806277,1503.3597,1166.7635352946131,0.9305576675074381
0.28800000000000003,1238.2939,1610.5937,0.772233494363225,1497.5437,1156.5402205622374,0.9339086661192736
0.289,1238.2939,1598.6159,0.7726970639561709,1493.6742,1156.453404412633,0.9320547156430976
0.29,1234.8221,1595.755,0.773919562453145,1487.283,1151.0374086040008,0.9321483706875676
0.291,1229.0427,1586.6955,0.7747505817192403,1479.9209,1146.5695781734617,0.9328964552439567
0.292,1229.0427,1586.6955,0.776406532542281,1475.1053,1146.5695781734617,0.9318483329405407
0.293,1219.8351,1571.1962,0.7780862159008771,1472.9651,1146.0938408130569,0.9395481740220927
0.294,1219.8351,1563.0265,0.7790320316235009,1465.2563,1146.0938408130569,0.9357671313426987
0.295,1210.671,1551.2776,0.7807160097233566,1462.7718,1142.0093628318518,0.9432862956425418
0.296,1210.671,1539.5857,0.7815513159772146,1457.9379,1142.0093628318518,0.9411750049006349
0.297,1201.5505,1539.5857,0.7821322169630357,1452.6066,1136.1304204331377,0.9455536162925634
0.298,1201.5505,1527.9505,0.7821336433884696,1446.1645,1136.1304204331377,0.9413619396971367
0.299,1192.4734,1527.9505,0.7821345990930905,1439.5474,1125.9198285745006,0.9441886322785066
0.3,1192.4734,1527.9505,0.7813459434479315,1436.4009,1125.9198285745006,0.9411748860645092
0.301,1183.4396,1516.372,0.7813466617680317,1428.3252,1116.0171269391562,0.9430283784142057
0.302,1183.4396,1516.372,0.7804984516183777,1427.293,1116.0171269391562,0.9413238973123337
0.303,1175.0486,1504.8501,0.7804989133147215,1420.2675,1108.5172403662161,0.9433799081724926
0.304,1174.4491,1504.8501,0.7809381841516796,1418.0471,1107.4071273155553,0.9429162381882324
0.305,1165.5017,1493.3847,0.7814946213218359,1411.9074,1103.398038904498,0.9467150832165221
0.306,1165.5017,1493.3847,0.7823555402524826,1408.215,1103.398038904498,0.945279451000929
0.307,1161.1496,1481.9755,0.7827899833070046,1400.2027,1099.9551291511823,0.9439478325268534
0.308,1156.5974,1474.6188,0.7836530295561823,1396.5278,1094.3932413294303,0.9462179677469708
0.309,1156.5974,1470.6225,0.7852044235151102,1382.2415,1094.3932413294303,0.9383923396042229
0.31,1152.7946,1470.6225,0.7860696203909593,1378.2626,1085.996251881342,0.939812138937029
0.311,1147.7361,1459.3256,0.7856491456076448,1375.417,1080.5951909042299,0.9415014400124121
0.312,1145.8734,1448.0846,0.7850923946402256,1374.2883,1078.9432923730446,0.94159031213487
0.313,1138.9177,1448.0846,0.7842311619123158,1365.5056,1070.872043285774,0.9402541055299904
0.314,1130.3334,1448.0846,0.7837389766629573,1355.3388,1067.7458175870127,0.9397509125569504
0.315,1130.1421,1448.0846,0.7828312848639405,1342.6583,1051.074922122234,0.9300378440217686
0.316,1130.1421,1448.0846,0.7812785505000723,1338.7414,1051.074922122234,0.9254853354161725
0.317,1121.4092,1436.8995,0.7804120132192829,1334.7965,1041.6912238030525,0.928912678621731
0.318,1120.9685,1436.8995,0.7803923384570429,1326.5458,1041.6912238030525,0.9235104991196175
0.319,1112.7189,1425.77,0.7803910152895,1319.1281,1029.435717255909,0.9251534392521856
0.32,1112.7189,1425.77,0.7803896921219569,1315.2225,1029.435717255909,0.9224127332130966
0.321,1112.7189,1425.77,0.7803880957216432,1311.3215,1029.435717255909,0.9196749406016639
0.322,1104.0713,1414.6961,0.7804303138976846,1305.4786,1018.8350735847098,0.9227982591203211
0.323,1104.0713,1414.6961,0.7806362862592253,1295.8334,1018.8350735847098,0.9162221434310132
0.324,1095.466,1403.6777,0.7806344322090047,1295.0963,1013.6035654391567,0.9228919608700616
0.325,1095.466,1403.6777,0.7815126631512245,1289.9482,1010.9967648064828,0.9202575462032856
0.326,1088.9293,1392.7145,0.7816383839712628,1289.4587,1007.8904144656854,0.9255792956123831
0.327,1086.9032,1392.7145,0.7816362493963629,1284.1434,1003.7330308630933,0.9234796906137486
0.328,1086.9032,1381.8066,0.7816814076368787,1278.7968,1003.7330308630933,0.9196878642969641
0.329,1079.6194,1381.8066,0.7825640718468012,1276.4199,999.4335864631116,0.925215269686972
0.33,1078.3827,1381.8066,0.784134240198837,1274.5695,999.4335864631116,0.9267893359779524
0.331,1070.3608,1370.9538,0.7858816564740898,1269.0304,997.307712867977,0.9317491007405886
0.332,1069.9044,1360.1559,0.7867500686401919,1264.5004,994.84577649555,0.9298454857233507
0.333,1069.9044,1349.4128,0.7884091046898227,1252.3114,994.84577649555,0.9228242351997604
0.334,1061.4682,1339.1342,0.7911055653043695,1242.2598,982.758641333893,0.9258484063242715
0.335,1061.1535,1338.7244,0.7937553651076971,1236.1755,981.22093533969,0.9246738905725611
0.336,1053.074,1328.0906,0.796487171300446,1231.1982,980.6335716282008,0.9312105052714251
0.337,1053.074,1317.5113,0.7983336485699185,1220.9792,980.6335716282008,0.9256223015324472
0.338,1053.074,1317.5113,0.8000090759743106,1215.2999,980.6335716282008,0.9232503604026611
0.339,1053.074,1306.9863,0.8012464499232042,1213.4092,980.6335716282008,0.9232397854321303
0.34,1044.7218,1296.5155,0.8030940837154967,1200.2065,963.8787393868834,0.9226176187640416
0.341,1042.8919,1296.5155,0.8040413679273299,1198.3251,963.5029526256544,0.923876149220887
0.342,1036.4114,1293.3773,0.8059265807488224,1192.306,960.9110977863055,0.9271521885867963
0.343,1036.4114,1286.0988,0.8078406105665437,1183.3162,960.9110977863055,0.9223469381958577
0.34400000000000003,1028.1428,1275.736,0.8088089971692477,1181.4453,955.5635883033211,0.929407460036992
0.34500000000000003,1028.1428,1265.4271,0.8108229117836061,1175.8399,955.5635883033211,0.9273010826018955
0.34600000000000003,1028.1428,1255.1719,0.8133811099669123,1169.9173,955.5635883033211,0.9255413081174065
0.34700000000000003,1019.9159,1255.1719,0.8151138378573437,1164.6608,949.3311344900043,0.9307935433598048
0.34800000000000003,1019.9159,1246.1128,0.8160876603764521,1157.4395,949.3311344900043,0.9261274322542579
0.34900000000000003,1019.9159,1244.9702,0.8161235542859012,1151.6722,949.3311344900043,0.9215532469258135
0.35000000000000003,1010.067,1234.8221,0.815531027900712,1147.9718,937.7486652631671,0.9268757637414454
0.35100000000000003,1003.5869,1234.8221,0.8165267683185381,1144.3574,934.3984496234048,0.9310588346892579
0.352,1003.5869,1234.8221,0.8159539183200256,1140.01,934.3984496234048,0.9268710327167606
0.353,998.125,1224.7272,0.8160132788411617,1136.899,927.7246807012378,0.9294674321364937
0.354,995.4845,1214.6856,0.8172239910597208,1133.2176,926.0926098111182,0.9302933494304715
0.355,989.3226,1214.6856,0.8182254767378659,1127.7043,922.7163884868414,0.9326749318036821
0.356,987.4235,1204.697,0.8192269624160112,1125.8689,922.3421590256559,0.9340897386234537
0.357,987.4235,1194.7614,0.8199085390337378,1120.3699,922.3421590256559,0.93030077559059
0.358,979.4038,1194.7614,0.820006387858739,1116.9007,915.865708603897,0.9351257454830142
0.359,979.4038,1194.7614,0.8207755283653579,1109.7616,915.865708603897,0.9300200423967979
0.36,979.4038,1194.7614,0.8217849521031051,1109.303,915.865708603897,0.9307790236497252
0.361,971.8681,1184.8787,0.8218206414570531,1107.5805,911.5513700178723,0.9365803003260664
0.362,971.4252,1184.8787,0.8218502374547921,1102.3501,905.966691443314,0.9326160073295545
0.363,971.4252,1175.0486,0.8228626968328985,1098.4809,905.966691443314,0.9304874485379107
0.364,971.4252,1175.0486,0.8248692411476729,1091.2228,905.966691443314,0.9265933423994342
0.365,963.4877,1175.0486,0.8267739504455834,1089.4112,900.6968014836636,0.9348295795407285
0.366,963.4877,1165.2711,0.8287867100873809,1085.2565,900.6968014836636,0.9335315481826553
0.367,963.4877,1155.5461,0.8308283499536758,1082.8057,900.6968014836636,0.9337178596586493
0.368,963.2156,1155.5461,0.8328699898199707,1078.567,899.1255030135244,0.9326116461466741
0.369,955.5912,1145.8734,0.8348889780635215,1076.9402,899.1255030135244,0.9409101957128995
0.37,955.5912,1136.253,0.835946162532783,1071.3615,899.1255030135244,0.9372214128911674
0.371,955.5912,1136.253,0.8360092620653763,1065.97,898.3060863101564,0.9325753450678796
0.372,947.7356,1136.253,0.8359068276749106,1059.8155,889.3980107114463,0.9347617758852778
0.373,939.9208,1126.6846,0.8359700022551616,1057.0081,883.6270637407241,0.9401080003131371
0.374,939.9208,1126.6846,0.8350244918633994,1054.962,883.6270637407241,0.9372269535743817
0.375,937.5556,1125.7308,0.8344245130830775,1052.2888,878.055569562776,0.936537064642114
0.376,932.1467,1117.1681,0.8344877598461816,1044.7686,871.8466085716315,0.935310513432737
0.377,932.1467,1117.1681,0.834643709517324,1042.3546,871.8466085716314,0.9333238104865322
0.378,932.1467,1113.939,0.8352241043891357,1037.398,871.8466085716315,0.9295316021019874
0.379,924.4132,1107.7035,0.8354866089389673,1032.0751,862.2849254693456,0.9327916622884069
0.38,924.4132,1106.6475,0.8355288532508868,1029.8075,862.2849254693456,0.9307892612785738
0.381,920.6956,1098.2906,0.8365961782914716,1020.3398,862.2849254693456,0.9271385431174912
0.382,916.7204,1098.2906,0.8373179717206164,1017.9482,852.3463221406524,0.9297778495391315
0.383,916.7204,1098.2906,0.8377894383547053,1016.1719,852.3463221406523,0.9286780193533751
0.384,916.7204,1088.9293,0.8387463917165187,1012.6512,852.3463221406524,0.9265175511174429
0.385,916.7204,1088.9293,0.8392788998776629,1007.3792,852.3463221406524,0.9222791450213611
0.386,912.3393,1088.9293,0.8396620988946598,1004.8948,843.7830881361629,0.924844602152214
0.387,909.0679,1079.6194,0.839704437049023,1002.1181,841.4830150171365,0.9256547448404421
0.388,909.0679,1079.6194,0.8397534834705483,1000.1429,841.4830150171365,0.9238842161771813
0.389,904.0319,1079.6194,0.8398025298920739,995.1204,835.7046294672126,0.9244194031949676
0.39,901.4559,1079.6194,0.8414702623539928,990.4432,833.4284993507281,0.9245360747549916
0.391,901.4559,1070.3608,0.8415193966162756,987.1869,833.4284993507281,0.9215502660035745
0.392,901.4559,1070.3608,0.8426159256248615,982.9214,833.4284993507282,0.9187639964167794
0.393,901.4559,1061.1535,0.8443788270341551,979.4469,833.4284993507282,0.9174317063810215
0.394,893.8841,1061.1535,0.8466765405687277,972.5127,825.1438379260871,0.9211526287302267
0.395,893.8841,1051.9972,0.8467504363431707,969.71,823.4036884951529,0.9185781083099432
0.396,893.8841,1051.9972,0.8468243321176139,967.3248,823.4036884951529,0.916398644635031
0.397,887.5632,1042.8919,0.8469086872528772,966.7515,818.7502437647498,0.9224697956886335
0.398,878.8611,1042.8919,0.8480237932874947,962.686,816.8125772922056,0.928907461559927
0.399,878.8611,1042.8919,0.8470752279945748,958.703,816.3806334647651,0.9240294766762153
0.4,878.8611,1033.8373,0.846126662701655,955.2628,816.3806334647651,0.9196826722300471
0.401,871.2888,1024.8335,0.8453325254463918,950.1118,803.2718538573029,0.9218073356967484
0.402,863.9982,1024.8335,0.8464434820105564,948.3972,802.764628297062,0.9291276628783046
0.403,863.9982,1024.8335,0.8475828469839818,944.1711,802.764628297062,0.9262325187459856
0.404,863.9982,1021.8776,0.8476678251089954,938.1358,802.764628297062,0.9204041550582946
0.405,863.9982,1015.8803,0.8475127538003188,934.7252,802.764628297062,0.9168902531261682
0.406,856.6266,1006.9774,0.8475624498686266,933.0217,790.7941578325908,0.9231491968993151
0.40700000000000003,856.6266,1006.9774,0.8486807498158295,931.3195,790.7941578325908,0.9226808174974994
0.40800000000000003,855.0149,1006.9774,0.8500865257923335,927.9187,788.9887786454626,0.9225701024634055
0.40900000000000003,849.2947,1006.9774,0.850928041685041,925.195,787.2743695267916,0.9269743111864369
0.41000000000000003,849.2947,998.125,0.850985018516204,921.1321,787.2743695267916,0.9229653937253698
0.41100000000000003,849.2947,992.931,0.8517361260841608,917.2118,787.2743695267916,0.9198484640616268
0.41200000000000003,847.2388,989.3226,0.8531392958522802,914.3652,780.6211848318349,0.9207331898395462
0.41300000000000003,842.0024,989.3226,0.8553539748246494,912.6294,780.6211848318349,0.9271009023630276
0.41400000000000003,839.318,980.5704,0.855988310869231,908.6464,777.7906971134076,0.9266936931096529
0.41500000000000004,834.7498,971.8681,0.8565309431446992,904.2522,774.5199897066692,0.927846870651145
0.41600000000000004,834.7498,971.8681,0.8569247704488377,899.1753,774.5199897066692,0.9230617216629039
0.417,831.2684,971.8681,0.8583821243113563,897.535,770.5917672993068,0.9268101613676077
0.418,827.5366,963.2156,0.8588704690537811,892.8315,766.8266091909909,0.9266376969804004
0.419,827.5366,963.2156,0.8589353990881745,890.8377,766.8266091909909,0.9246383004356441
0.42,823.6198,956.2616,0.8583237944698981,887.4965,761.7593634587539,0.9248919992680529
0.421,820.3628,954.6127,0.8589330838374212,882.7007,758.1808343564503,0.9242018706314454
0.422,820.3628,954.6127,0.8601120341686979,880.8291,758.1808343564503,0.9235081222063988
0.423,815.842,954.6127,0.8605113126444752,877.5029,755.1011723283336,0.9255482952928799
0.424,813.2284,946.0594,0.8603017578533063,874.1817,752.0600531931916,0.9247833120353294
0.425,813.2284,937.5556,0.861484824225277,870.8656,752.0600531931916,0.9225421767609694
0.426,808.1115,937.5556,0.8626678905972475,866.4696,747.4755020986407,0.9249658024896821
0.427,806.1332,937.5556,0.8656590791653727,859.2984,743.859461672278,0.9227500637267861
0.428,806.1332,929.101,0.8668462728889011,857.577,743.859461672278,0.922164508502125
0.429,806.1332,929.101,0.8669196540881865,854.3598,743.859461672278,0.9187827796732007
0.43,806.1332,920.6956,0.8685324310243286,850.9425,743.859461672278,0.9168102221654185
0.431,799.0771,920.6956,0.869723778291478,849.4326,740.021049320539,0.92453122517959
0.432,799.0771,920.6956,0.870937068284959,847.3434,738.7717302759537,0.9235438941081021
0.433,796.6765,912.3393,0.8710668314060557,842.8806,738.7717302759537,0.9215852777076203
0.434,792.06,912.3393,0.8711896302024609,837.9798,730.714270779528,0.9216969826517336
0.435,792.06,904.0319,0.8724072689065557,836.5771,730.0393120791321,0.9214402230143759
0.436,785.2032,904.0319,0.8736249076106505,833.0904,727.8085237313198,0.9269046836937493
0.437,785.0819,895.7732,0.8741240725741937,831.4631,726.8019111671641,0.9257657209612961
0.438,785.0819,895.7732,0.8753461045675798,826.5889,726.8019111671641,0.9216253408641832
0.439,785.0819,895.7732,0.8753509193525851,821.2924,726.8019111671641,0.9157249165944229
0.44,778.1427,887.5632,0.8754061273372727,818.4904,725.7656028659854,0.9207970611646621
0.441,778.1427,887.5632,0.875488760624793,815.2599,716.5115113267353,0.9172493418470579
0.442,777.661,887.5632,0.8744567076075352,810.4237,716.5115113267353,0.9112973911114444
0.443,771.2422,887.5632,0.8745808826288044,807.2059,705.9668484851786,0.9153633560056471
0.444,771.2422,879.4018,0.8746638075092678,803.9932,705.9668484851785,0.9118066328885532
0.445,764.3804,879.4018,0.8744739509324563,800.7856,700.2661474818176,0.9161225843595906
0.446,764.3804,871.2888,0.8735156707000308,800.7856,700.2661474818176,0.9151186640459732
0.447,764.3804,871.2888,0.8747509712577104,797.583,700.2661474818176,0.9127477678766206
0.448,762.7167,871.2888,0.8739893509222766,795.2038,695.4702223167137,0.9112159901742389
0.449,757.5572,871.2888,0.8752291491460491,791.2994,692.5683005817791,0.9142125513186056
0.45,757.5572,863.224,0.8753127193312947,789.2804,692.5683005817791,0.9119670082191709
0.451,750.8951,861.4379,0.8753962895165402,784.824,691.0753677755683,0.9149507268372495
0.452,750.7725,855.2074,0.8757946773391131,783.3746,686.0753050426567,0.913825832782443
0.453,750.7725,855.2074,0.8770390205195093,781.2218,686.0753050426567,0.912609348744777
0.454,750.7725,855.2074,0.8773665510448375,776.4991,686.0753050426567,0.9074311289457463
0.455,744.0263,847.2388,0.8783375086082483,772.1468,681.78955832735,0.911534305429568
0.456,744.0263,847.2388,0.8784217339172307,770.5415,678.2054965918314,0.9097264444619549
0.457,740.6484,841.7576,0.8790183942292574,768.9903,675.956618683875,0.9126552068213136
0.458,737.3183,839.318,0.8791449607938351,765.827,673.2729478898603,0.9131374440182216
0.459,737.3183,839.318,0.8792294911783606,763.63,673.2729478898603,0.9106053875897715
0.46,733.3846,831.4451,0.879314021562886,760.8029,668.9846576157062,0.9121880356032922
0.461,730.6486,831.4451,0.8795703024578254,754.8498,663.943466896229,0.9087042210116176
0.462,730.6486,831.4451,0.8796551451230081,753.2851,663.943466896229,0.9069080731277659
0.463,730.6486,831.4451,0.8795886523575189,751.7217,663.943466896229,0.9049574269367014
0.464,726.1668,823.6198,0.8780174151346891,750.1595,659.9076762522163,0.9070272906014579
0.465,724.017,823.6198,0.8769162716593083,747.0391,655.0907423557252,0.9048002220330809
0.466,723.1445,823.6198,0.8758535533673826,745.4808,655.0907423557252,0.9029066910515936
0.467,717.4235,823.6198,0.8747908350754569,742.3682,649.4168976114638,0.9052071720698637
0.468,717.4235,823.6198,0.8745034833808258,736.7662,649.4168976114638,0.8980812704591559
0.46900000000000003,710.868,815.842,0.8745890152493562,734.665,643.4343479442116,0.9038667360018571
0.47000000000000003,710.868,815.842,0.8737510485506687,729.9693,642.5299388881681,0.8972290794983001
0.47100000000000003,710.868,808.1115,0.8738280328158782,728.4253,642.5299388881682,0.8954101843834803
0.47200000000000003,710.868,808.1115,0.8727595068389985,728.3759,642.5299388881682,0.8942546172811432
0.47300000000000003,704.7879,808.1115,0.8716525556786638,722.2622,629.5616925000943,0.8932640479498787
0.47400000000000003,704.3503,808.1115,0.8717087647677797,719.5818,627.2657620273756,0.8905593736914368
0.47500000000000003,697.8704,808.1115,0.8706340778473278,717.2002,624.4189347589191,0.8947491321582333
0.47600000000000003,697.8704,808.1115,0.8695593909268761,714.5877,624.4189347589191,0.890389455084837
0.47700000000000004,697.7526,800.4284,0.869559538004314,713.0567,620.6888951201613,0.8886319515296405
0.47800000000000004,691.4282,792.7923,0.8693190536017642,711.527,618.5439782521025,0.8945888788627693
0.47900000000000004,691.4282,792.7923,0.8700914931777293,708.9168,618.5439782521025,0.8920991030605602
0.48,691.4282,792.7923,0.8713534761375918,705.4212,618.5439782521025,0.88898777163146
0.481,689.6635,792.7923,0.8712329379779222,702.3762,612.908592254337,0.8872925423656156
0.482,685.0236,788.2996,0.8713110029019325,697.8185,608.0169370785222,0.8875853869538542
0.483,685.0236,785.2032,0.8710697402893574,696.3019,608.0169370785222,0.8854111233481389
0.484,683.8179,785.2032,0.8699850326721925,695.1164,604.7408639649768,0.8843595114503098
0.485,678.6565,777.661,0.870420326495833,693.2726,603.438562842615,0.8891664086951425
0.486,676.9182,777.661,0.8722061339271594,691.7599,603.3572279848385,0.8913295993294884
0.487,672.3268,777.661,0.8735023979745883,688.3498,601.2752009453283,0.8943198470525467
0.488,672.3268,770.1655,0.87383947258633,684.6259,601.2752009453283,0.8898249115979632
0.489,672.3268,762.7167,0.873918088553916,681.0817,601.2752009453283,0.8852980684587488
0.49,672.3268,762.7167,0.8755386204623027,677.5451,601.2752009453283,0.8823341597493851
0.491,666.0345,762.7167,0.8787103131870865,676.7053,598.2247923097439,0.892788475819738
0.492,666.0345,762.7167,0.880016473787108,674.9796,594.6279260983613,0.8918354341557871
0.493,666.0345,755.3143,0.879901526175071,671.4556,594.6279260983613,0.8870633686375076
0.494,663.2533,747.9582,0.8800341466151291,669.2275,588.9430518538763,0.8879609824087967
0.495,659.7793,747.9582,0.881345317360956,666.2456,587.1924397723405,0.8899831197679898
0.496,656.4879,745.4288,0.8839050450587302,663.8997,586.8242942429775,0.8938844025045665
0.497,653.5614,740.6484,0.8840381970933724,661.7827,585.0411849755841,0.8951587180264686
0.498,653.5614,740.6484,0.8834636333162074,660.2977,585.0411849755841,0.892569550637989
0.499,653.5614,733.3846,0.8839620726051676,659.9021,585.0411849755841,0.8925380660983077
0.5,647.3805,733.3846,0.8855572631367359,657.3317,584.250819377603,0.8991695938092326
0.501,647.3805,733.3846,0.886904885616209,654.371,582.1048612250179,0.896481801514819
0.502,643.0906,726.1668,0.8873031470998171,650.3649,577.0708225332578,0.8973398499888784
0.503,641.2365,718.9949,0.8861887925361255,648.4003,574.6265703499813,0.8960891635723506
0.504,641.2365,718.9949,0.8875417139881007,646.9925,574.6050789370615,0.8955086499091149
0.505,636.4584,718.9949,0.8901751428458715,645.5208,574.6050789370615,0.9028501632628013
0.506,635.1294,718.9949,0.8923990892918608,641.41,572.3936998626924,0.9012237504084875
0.507,635.1294,711.8686,0.8937294653631891,638.1822,572.3936998626924,0.8980252471548377
0.508,635.1294,704.7879,0.893993867239606,636.7185,572.3936998626924,0.8962306486804122
0.509,635.1294,704.7879,0.8963288138588723,633.9034,572.3936998626924,0.8945986166332502
0.51,635.1294,704.7879,0.8980766819730246,632.9777,572.3936998626924,0.8950341656029726
0.511,629.8704,704.7879,0.8994678545648341,628.209,565.0538014483199,0.8970953412770625
0.512,629.0591,697.7526,0.8995785197508479,626.51,563.5949384091037,0.8959332094696727
0.513,623.3263,695.9933,0.8996891849368618,625.057,562.3570228690801,0.9021872217955189
0.514,623.0255,690.7627,0.9011084238071201,622.155,562.3570228690801,0.8998493824309258
0.515,623.0255,690.7627,0.9035936368722898,619.2583,560.6291114137188,0.898129947265965
0.516,623.0255,690.7627,0.9037048054925777,617.812,560.6291114137188,0.8961425708754786
0.517,623.0255,683.8179,0.905981006731213,616.3671,560.6291114137188,0.8962986037874827
0.518,623.0255,683.8179,0.9073506147354411,614.335,560.6291114137188,0.8946941014508993
0.519,617.0284,683.8179,0.9074623159497497,612.0403,555.4035080925796,0.9001263282088467
0.52,617.0284,676.9182,0.9088933079558527,611.8675,555.4035080925796,0.9012912146437305
0.521,617.0284,676.9182,0.9090157262777111,607.0423,555.4035080925796,0.8943040502119385
0.522,611.0679,676.9182,0.9103254127939263,603.6638,549.5304979237502,0.8992953122292141
0.523,611.0679,670.0633,0.9117623611714297,603.154,549.5304979237502,0.8999541870715064
0.524,611.0679,670.0633,0.9118854145310522,601.9916,549.5304979237502,0.898341018584369
0.525,610.3697,663.2533,0.9130934109959998,599.1327,547.064120682243,0.8962832209433775
0.526,605.1438,663.2533,0.9145363599163587,597.3401,546.2892406860738,0.9027428533285373
0.527,605.1438,663.2533,0.9160088283619621,593.4311,546.2892406860738,0.8982792629199048
0.528,603.9569,656.4879,0.9171144620711543,592.0091,542.9401072877282,0.898971610867809
0.529,599.256,656.4879,0.9161131354158482,590.2837,540.7666511918678,0.9023967239241123
0.53,599.256,649.7671,0.916237407597151,584.9193,540.7666511918678,0.8943171917937246
0.531,597.5875,649.7671,0.9177161569701237,583.5055,535.4924250309305,0.8960904052225498
0.532,593.4044,649.7671,0.9168181212662491,582.093,533.6734106622347,0.8993418496091952
0.533,593.4044,649.7671,0.9169430398968828,580.6818,533.6734106622347,0.8972837661884435
0.534,593.4044,643.0906,0.9157191482104775,579.272,533.6734106622347,0.8939105649067983
0.535,587.589,643.0906,0.9156363560774204,575.0508,529.8283395473499,0.8960981554647983
0.536,587.589,643.0906,0.9157619314286677,575.0508,526.5374190714055,0.8962210512409191
0.537,587.589,643.0906,0.9158875067799149,573.4052,526.5374190714055,0.8937789151986141
0.538,584.9787,636.4584,0.9151444339213807,570.9311,524.7243950427445,0.8931682782939127
0.539,581.8096,636.4584,0.9152706135086929,568.2051,520.4973166418904,0.8938687681945575
0.54,581.8096,636.4584,0.915396793096005,566.6453,520.0614304757682,0.8915378681323299
0.541,581.8096,634.0994,0.9168946676810188,564.4178,520.0614304757682,0.8894863047365525
0.542,576.0661,629.8704,0.9176182774490955,561.0689,517.2359262473556,0.8937291702258799
0.543,576.0661,629.8704,0.9182455862890828,559.6782,514.8470775482588,0.8921233811401479
0.544,576.0661,623.3263,0.9183724463959703,555.5145,514.8470775482588,0.8856088049156758
0.545,576.0661,623.3263,0.9180134775209693,552.7455,514.8470775482588,0.8808499903727487
0.546,572.5422,623.3263,0.917408493027784,551.3631,505.89550513857466,0.8834723286460412
0.547,570.3586,623.3263,0.9175360214322913,551.3631,505.8955051385746,0.8869779558659667
0.548,570.3586,623.3263,0.9176752435893969,548.481,505.8955051385746,0.882475402806508
0.549,566.3882,622.1695,0.9178144657465026,547.224,504.4284278554133,0.8867594755746399
0.55,564.6867,616.8261,0.9186960135151642,545.8471,501.46755475881315,0.8880456273519691
0.551,564.6867,610.3697,0.9188241797563476,544.4716,501.4675547588132,0.8859313868568645
0.552,564.6867,610.3697,0.9203416646291332,543.0974,501.46755475881315,0.885154839261761
0.553,564.4077,610.3697,0.9224718376944676,541.7246,501.46755475881315,0.8853984226053266
0.554,559.0506,610.3697,0.9226006750608232,538.9832,498.3571266865325,0.8894834638697153
0.555,559.0506,603.9569,0.922741435979427,537.6146,497.2662641664427,0.8873602282289031
0.556,558.8142,603.9569,0.9228821968980309,533.5169,497.2662641664427,0.8811036812490216
0.557,553.45,603.9569,0.9218289084708827,533.3647,491.6709992178998,0.8883747388524704
0.558,553.45,597.5875,0.9234315368219669,532.1538,491.6709992178998,0.8878988189712703
0.559,553.45,597.5875,0.923573062978435,528.0728,491.6709992178998,0.8812247057034935
0.56,548.182,597.5875,0.9240122539576582,526.7153,486.69139154698405,0.8878281146534983
0.561,548.182,591.2615,0.9269002752208356,525.7443,486.69139154698405,0.888961214278808
0.562,547.8849,591.2615,0.9270425809225816,524.0043,485.77429868653064,0.8866356760088309
0.5630000000000001,547.8849,590.1837,0.9271848866243276,524.0043,485.7742986865307,0.8867717790473146
0.5640000000000001,547.8849,584.9787,0.9290322437978912,524.0043,485.7742986865307,0.8885386156631497
0.5650000000000001,542.3552,584.9787,0.9291035581276279,522.6509,485.596810848607,0.8953483083569717
0.5660000000000001,542.3552,584.9787,0.9292466560203784,519.9483,485.596810848607,0.8908556958216323
0.5670000000000001,542.198,582.8478,0.9305823089593032,518.5991,485.4349500756117,0.8900791738483296
0.5680000000000001,536.8608,578.739,0.9307379544155604,518.3188,482.4189796471279,0.8985922973834706
0.5690000000000001,536.8608,578.739,0.9320931221750508,515.9049,482.41897964712797,0.8957096681046695
0.5700000000000001,536.8608,572.5422,0.9322370255072204,514.5598,482.41897964712797,0.8935122426476103
0.5710000000000001,536.8608,572.5422,0.9333758837707195,513.2162,482.41897964712797,0.8922678359836483
0.5720000000000001,536.2561,572.5422,0.9348886983603909,510.7514,477.49571153174736,0.8904247644581523
0.5730000000000001,531.4016,572.5422,0.9364804541407903,509.1936,477.3506790239409,0.8973436545422216
0.5740000000000001,531.4016,566.3882,0.9366379070035714,507.8556,476.8498537735839,0.8951361950058918
0.5750000000000001,531.4016,566.3882,0.9367953598663527,506.5189,476.8498537735839,0.8929302343173393
0.5760000000000001,525.9775,560.277,0.9371036936847835,505.1837,476.84985377358396,0.9000565827613265
0.577,525.9775,560.277,0.9397105781452122,503.8498,473.40951125934555,0.9001772639634767
0.578,525.9775,560.277,0.9398689328273623,501.3063,473.40951125934555,0.8957839778329559
0.579,525.9775,560.277,0.9415024823945843,499.8567,473.40951125934555,0.8947461134583989
0.58,524.4984,554.2083,0.9430570907710785,497.8915,469.5401095096484,0.895217429661651
0.581,520.5884,554.2083,0.9441149402505015,497.2016,469.4154588764537,0.9017017261169357
0.582,520.5884,548.182,0.9442742612432957,494.5521,469.4154588764537,0.8970480688271589
0.583,520.5884,548.182,0.94443358223609,493.2295,469.4154588764537,0.8948000062035871
0.584,518.6822,548.182,0.944987505861568,492.4531,465.6154581164553,0.8972006880567664
0.585,515.2343,548.182,0.9465493022103008,491.9083,465.6154581164553,0.9036965476026253
0.586,515.2343,548.182,0.9475202911343797,488.4588,465.6154581164553,0.8982799172787017
0.587,515.2343,542.198,0.947694006410396,486.6743,465.6154581164553,0.8951622925414224
0.588,515.2343,542.198,0.9483644805834835,484.8928,465.36202672279734,0.8925164889268261
0.589,512.9077,536.2561,0.9499334832431997,483.1137,458.9258798435102,0.8947533442050299
0.59,509.9149,536.2561,0.9507724775569569,482.6469,458.8873888981848,0.8999293586011801
0.591,509.9149,536.2561,0.9509472409414427,481.3893,458.88738889818484,0.8977494610448379
0.592,509.9149,536.2561,0.9511220043259284,480.0808,458.8873888981849,0.8954737599046335
0.593,507.1746,536.2561,0.950412380249996,478.7737,456.3937049071543,0.8971909315216052
0.594,504.6303,530.3563,0.9511608927308925,478.1679,454.8146066392561,0.901282793837897
0.595,504.6303,530.3563,0.9513367492363711,476.3986,454.8146066392561,0.8981139171880053
0.596,504.6303,530.3563,0.9515126057418497,475.9345,454.8146066392561,0.8974048452053799
0.597,501.4829,524.4984,0.9514521323601433,474.8609,451.8074158794567,0.900942815556536
0.598,499.3804,524.4984,0.9501198256315678,473.5595,449.93826956617244,0.9009930497195573
0.599,499.3804,524.4984,0.9487875189029925,470.9609,449.9382695661724,0.8947924744569878
0.6,495.8325,524.4984,0.9489644850348519,470.9609,449.93826956617244,0.9013631981365691
0.601,494.165,524.4984,0.9473948973060893,469.6637,444.95699282989796,0.9004219093418149
0.602,494.165,524.4984,0.9460567161325796,467.0736,444.95699282989796,0.8941914465982456
0.603,494.165,518.6822,0.9447185349590699,466.2099,444.95699282989796,0.891275451947051
0.604,490.2231,518.6822,0.9458629409932177,465.7807,441.30929115268907,0.8987024535561047
0.605,488.9841,518.6822,0.9474615224561452,465.7807,441.30929115268907,0.9025023332101986
0.606,488.9841,518.6822,0.9490601039190727,464.4893,441.30929115268907,0.901518604239478
0.607,488.9841,512.9077,0.9479435703899585,463.1992,441.30929115268907,0.8979570162910664
0.608,488.9841,512.9077,0.947685117938364,460.8641,441.30929115268907,0.8931866066034826
0.609,488.9841,512.9077,0.949291245935341,460.6234,440.56470275987965,0.8942330871146382
0.61,484.6547,512.9077,0.9505691972903039,459.3376,436.6321737172548,0.9009139367002006
0.611,483.8375,512.9077,0.9502226231470352,457.3913,434.6235608906325,0.8982841571615109
0.612,483.8375,507.1746,0.9504029489156286,455.5474,434.6235608906325,0.8948326500753816
0.613,482.6724,507.1746,0.9505832746842221,454.2088,434.6235608906325,0.8945265743274132
0.614,479.1271,503.8506,0.9514573328281095,452.9302,430.9437600493022,0.8994351604183989
0.615,478.7252,501.4829,0.9516244867140603,450.9096,429.09661665444224,0.8963317925491331
0.616,478.7252,501.4829,0.9518059147243025,450.3772,429.09661665444224,0.895444156307147
0.617,476.9275,501.4829,0.9523155193765588,449.1029,429.09661665444224,0.8967561347731441
0.618,473.647,501.4829,0.9544949092203733,447.83,427.4514551961597,0.9024684104325791
0.619,473.647,495.8325,0.9546774853227128,446.5585,427.4514551961597,0.9000782140063859
0.62,473.647,495.8325,0.9548600614250523,445.2885,427.4514551961597,0.8976900612943172
0.621,473.647,490.2231,0.955554747283705,444.0199,427.45145519615977,0.895783829166945
0.622,468.6029,490.2231,0.9587529046897103,442.7528,427.45145519615977,0.9058640760855351
0.623,468.6029,490.2231,0.960292899830029,441.7554,424.49053305950235,0.9052751787954672
0.624,468.6029,490.2231,0.9611940896518394,441.4871,424.49053305950235,0.905574402500562
0.625,468.6029,484.6547,0.9613928459599939,440.2228,424.49053305950235,0.903167800601484
0.626,468.1939,484.6547,0.9630615160977614,438.96,422.7454831062733,0.9029282165066083
0.627,466.0267,484.6547,0.9647301862355288,437.6986,422.7454831062733,0.906087681012762
0.628,463.5928,479.1271,0.9663988563732963,435.7239,421.0830786545125,0.9083037498738387
0.629,463.5928,479.1271,0.966889885475564,435.1802,421.0830786545125,0.9076312956957766
0.63,463.5928,479.1271,0.967210533873701,432.6675,421.0830786545125,0.9026899547723768
0.631,463.5928,479.1271,0.9681699875903462,431.4133,421.0830786545125,0.9009661265388728
0.632,462.788,476.9451,0.9692713985677459,428.9094,415.7296139968528,0.8983154576109423
0.633,458.6166,473.6402,0.9706164831730416,427.6595,415.09335988554136,0.9050988557447361
0.634,458.6166,473.6402,0.9708179024233271,427.6595,415.0933598855413,0.9052866789850365
0.635,458.6166,470.2372,0.9710193216736125,425.1642,415.09335988554136,0.9001912557982072
0.636,457.4224,468.1939,0.9708294245443173,423.9188,411.55284465751754,0.8997216678884059
0.637,453.6742,468.1939,0.9704492238368261,422.6747,410.1843345504633,0.9041385526231452
0.638,453.6742,468.1939,0.9703779187274301,420.1911,410.1843345504633,0.8987598701574598
0.639,453.6742,468.1939,0.9695796555955851,420.1911,410.1843345504633,0.8980205222653835
0.64,452.097,468.1939,0.970162669567965,417.9113,405.72220755863725,0.89680299239017
0.641,448.9209,463.866,0.9718893488953553,416.4765,405.4419424506187,0.9016489863029687
0.642,448.7655,462.788,0.9736160282227455,415.7946,404.8242870084652,0.9020842444627879
0.643,448.7655,457.4224,0.9747324557191304,415.2412,404.8242870084652,0.9019166459804921
0.644,448.7655,457.4224,0.975417838723651,414.0073,404.82428700846515,0.8998688753520807
0.645,448.7655,457.4224,0.9774273062333606,412.775,404.8242870084652,0.8990387102628777
0.646,446.8115,457.4224,0.9791626993505803,411.567,402.9910546836203,0.9019263261657774
0.647,443.8904,457.4224,0.979273141735679,410.3146,401.8100674420184,0.9052010754051415
0.648,443.8904,452.097,0.9793835841207778,409.0866,401.8100674420184,0.9025937495466965
0.649,443.8904,452.097,0.9811532612079862,407.8601,401.8100674420184,0.9015136782224066
0.65,443.8904,452.097,0.9823108466035799,407.8601,401.8100674420184,0.9025773031514552
0.651,443.8904,452.097,0.9840550772079019,405.71,401.8100674420184,0.8994134258682275
0.652,443.8904,446.8115,0.9841663277089399,405.1673,401.8100674420184,0.8983118665074675
0.653,440.0673,446.8115,0.9852749124091088,404.1893,399.5938212034183,0.9049469868681427
0.654,439.0488,446.8115,0.9861838974232858,402.9686,397.4011444872051,0.9051411699273636
0.655,439.0488,446.8115,0.986407108882175,402.9686,397.4011444872051,0.9053460382907266
0.656,439.0488,443.6594,0.9849710856389543,401.7494,397.4011444872051,0.9012928464280018
0.657,436.3602,441.566,0.9864334251861988,400.5317,395.097856726651,0.9054397186696931
0.658,434.2405,441.566,0.9872240642244997,399.3154,395.097856726651,0.907823595669754
0.659,434.2405,441.566,0.9874488535686391,398.1006,394.2137720954318,0.9052678897407942
0.66,434.2405,436.3602,0.9866763087136474,395.7239,394.2137720954318,0.899159329730342
0.661,431.1941,436.3602,0.9861033635446477,394.5625,389.0794083785851,0.9023300837803325
0.662,429.4657,436.3602,0.9879007085907162,393.2561,388.49797984762154,0.904607701727103
0.663,429.4657,436.3602,0.9885721768481843,393.2561,388.49797984762154,0.9052225563900149
0.664,429.4657,436.3602,0.9871225495120547,392.0487,388.49797984762154,0.9011199550438758
0.665,429.4657,431.1941,0.988363413816491,391.1563,388.49797984762154,0.9001989588547523
0.666,426.0674,431.1941,0.9901701278150888,390.8428,387.00086523160724,0.9083090262986729
0.667,424.724,431.1941,0.9919768418136866,389.6383,386.5121702836538,0.910031385755582
0.668,424.724,426.0674,0.9925282547562946,388.4353,386.51217028365375,0.9077259829789174
0.669,424.724,426.0674,0.9910716945021655,387.2337,386.5121702836538,0.9035900001585576
0.67,424.724,426.0674,0.9924428350608588,386.0337,386.5121702836538,0.9020360979295567
0.671,420.9801,426.0674,0.9942590519453048,384.8351,382.6257816812766,0.9088927996389297
0.672,420.0154,426.0674,0.9943821183765803,383.638,381.4827671297545,0.9082589998598968
0.673,420.0154,420.9801,0.9962350458668231,382.641,381.4827671297545,0.9075866603594228
0.674,420.0154,420.9801,0.997357634194483,381.2483,381.4827671297545,0.9053022877938963
0.675,420.0154,420.9801,0.9990633670030883,381.2483,381.4827671297545,0.9068505827695924
0.676,420.0154,415.932,1.0008891920624554,380.0557,381.4827671297545,0.9056659410862815
0.677,417.889,415.932,1.0010131930976003,378.8645,380.71052238576317,0.9075337300008515
0.678,415.932,415.932,1.0011371941327452,378.8645,379.29534248650543,0.911916713516886
0.679,415.3399,415.932,1.00126119516789,378.0032,378.479935809287,0.9112534957736711
0.68,415.3399,415.932,0.9997802349560354,376.4867,378.479935809287,0.906255241511404
0.681,415.3399,415.932,0.9990296139067637,375.9693,378.479935809287,0.9043303198652386
0.682,415.3399,415.932,0.9989511494325365,374.1148,378.479935809287,0.8997989585872282
0.683,410.6973,410.923,1.0008240951617302,372.9311,373.44354507509377,0.9087920244792668
0.684,410.6973,410.923,1.0010748259562778,371.7488,373.23843071516876,0.9061378422976123
0.685,410.6973,410.923,1.0013255567508252,370.7334,373.23843071516876,0.9038891372334964
0.686,410.6973,405.9529,1.0015762875453729,369.3889,373.23843071516876,0.9008366091582998
0.687,406.0875,405.9529,1.0017021185279524,368.6201,369.24753510198565,0.9092807217705191
0.6880000000000001,406.0875,405.9529,1.0017805830021798,367.1196,369.24753510198565,0.9056503510192435
0.6890000000000001,406.0875,405.9529,1.0020332098086675,365.8601,369.24753510198565,0.9027708815068676
0.6900000000000001,406.0875,405.9529,1.0005377906979296,365.8039,369.2475351019857,0.9012851317380771
0.6910000000000001,405.9529,405.9529,1.0006645865218375,363.5198,363.76139035950104,0.8960679683763831
0.6920000000000001,401.5105,401.0216,1.0019694063285196,362.3448,363.76139035950104,0.9042314065067445
0.6930000000000001,401.5105,401.0216,1.0022239256055696,361.5174,363.0584041422262,0.9023957973769527
0.6940000000000001,401.5105,401.0216,1.0024784448826198,360.0088,363.0584041422262,0.8988583411095304
0.6950000000000001,401.0216,397.2614,1.0027803306680223,358.8431,362.68860118751405,0.8973102757455913
0.6960000000000001,396.9661,396.129,1.0029080541211641,357.6788,358.71894930839306,0.9036513427932337
0.6970000000000001,396.9661,396.129,1.0031765708277207,357.6788,358.718949308393,0.90389328469553
0.6980000000000001,396.9661,396.129,1.0047746366506671,356.516,358.71894930839306,0.9023899883646218
0.6990000000000001,396.9661,396.129,1.0038530207236498,356.516,358.71894930839306,0.9015622833695692
0.7000000000000001,396.9661,395.7398,1.0057671873507756,355.3548,358.71894930839306,0.9003393431015833
0.7010000000000001,396.129,391.275,1.0076813539779015,355.3548,358.43493605259704,0.9039590790034215
0.7020000000000001,392.4543,391.275,1.0095955206050273,354.195,358.0844060065464,0.9111728051411276
0.7030000000000001,392.4543,386.4594,1.009853848906797,353.0368,357.5936854206976,0.9084256976818427
0.704,392.4543,386.4594,1.0099713839551518,351.8801,357.5936854206976,0.9055546890001644
0.705,392.4543,386.4594,1.008759369887117,350.7248,357.5936854206976,0.9014984120489573
0.706,387.9749,386.4594,1.0096875944272703,350.7248,354.4931457073971,0.9127458493268135
0.707,387.9749,386.4594,1.0092596423555642,348.4189,354.1224796179855,0.9063605259101016
0.708,387.9749,386.4594,1.0077344792173533,348.4189,354.1224796179855,0.9049908608546148
0.709,386.4594,382.8182,1.0070555586398575,347.2682,354.1224796179855,0.9049291365376485
0.71,386.4594,381.682,1.0089910244580416,346.1191,349.7183711488577,0.9036681868612727
0.711,383.5279,381.682,1.0092533300134863,345.6909,349.5571399796469,0.9096852979414511
0.712,383.5279,379.4451,1.0095156355689308,344.9714,348.8896919803591,0.9080278700039915
0.713,383.5279,376.9428,1.0089793602833768,344.9714,348.8896919803591,0.9075455070884306
0.714,379.1131,376.9428,1.009828411208217,343.8252,347.20445544934745,0.9158334424459283
0.715,379.1131,376.9428,1.0109417653772403,343.2071,347.20445544934745,0.9151949419948905
0.716,379.1131,376.9428,1.0103598505950389,342.6806,347.20445544934745,0.9132649856146314
0.717,379.1131,372.2415,1.0101442705152188,341.5375,347.20445544934745,0.9100243404701437
0.718,376.9428,372.2415,1.0121014905485282,340.3959,344.51519776660774,0.9139720874536077
0.719,374.7305,372.2415,1.0140587105818375,339.2558,344.0252991054098,0.918060577149204
0.72,374.7305,368.8435,1.0160159306151466,338.1172,344.0252991054098,0.9167453986664754
0.721,374.7305,367.5781,1.0144676830215396,337.3486,344.0252991054098,0.9132676753361686
0.722,374.7305,367.5781,1.0152542740990553,336.9802,344.0252991054098,0.9129776955352034
0.723,374.7305,367.5781,1.0172224620175556,335.8447,344.0252991054098,0.9116652436605703
0.724,370.3799,367.5781,1.0178657671633513,335.8447,343.56300047635773,0.9229572749850775
0.725,370.3799,363.7824,1.018758944934423,334.629,341.84482321324555,0.9204232923667323
0.726,370.3799,362.9525,1.0190474708084714,333.5782,341.8448232132455,0.9177928419626508
0.727,370.3799,362.9525,1.0193359966825195,332.6599,341.84482321324555,0.9155254124827163
0.728,367.5781,358.3644,1.0213153585604382,332.2575,339.3396877468948,0.923177109155564
0.729,366.0613,358.3644,1.021792789589556,330.1899,338.016257313815,0.9216643742873025
0.73,366.0613,358.3644,1.0225592592681918,330.1899,337.38565901529654,0.9223557353968812
0.731,366.0613,358.3644,1.0228501357716282,327.9387,337.38565901529654,0.9163277948796313
0.732,366.0613,358.3644,1.024278883755153,327.9387,337.38565901529654,0.9176077492379445
0.733,362.9525,353.8138,1.0263122836357017,326.8154,335.4146595013153,0.9241282523231424
0.734,361.7746,353.8138,1.027221150342092,325.6937,334.5594571731722,0.924773207331781
0.735,361.7746,349.3005,1.0278598444361575,325.6937,334.5594571731722,0.9253482024880588
0.736,361.7746,349.3005,1.0281530316835803,324.5734,334.5594571731722,0.9224282888125572
0.737,359.025,349.3005,1.0278246098310102,324.5734,334.5594571731722,0.9291958170504127
0.738,358.3644,349.3005,1.0287270143278398,323.4547,332.7465878013071,0.9285146286888628
0.739,357.5196,349.3005,1.0273495633090584,322.3375,331.1532898631336,0.9262521267732834
0.74,357.5196,349.3005,1.0257577174521255,322.3375,331.1532898631336,0.9248169282165914
0.741,357.5196,347.5056,1.0260498784500953,322.3375,331.1532898631336,0.9250803387979499
0.742,353.8138,344.8244,1.0277615245562268,321.2219,330.2174348734584,0.9330882788202377
0.743,353.2963,344.8244,1.0298186775090008,320.6559,330.2174348734584,0.9346756104534873
0.744,353.2963,343.0444,1.030218423467065,318.9952,330.2174348734584,0.9301957932691656
0.745,353.2963,340.3854,1.029843336618949,317.8842,330.2174348734584,0.926618606496715
0.746,353.2963,340.3854,1.029778503602532,317.8842,330.2174348734584,0.9265602719159187
0.747,349.3472,340.3854,1.0299280654242664,316.7747,330.1395096648478,0.9338994385710044
0.748,349.3005,340.3854,1.0312378776558186,315.6668,325.5275608784038,0.9319412966153893
0.749,349.1046,340.3854,1.031398377391534,314.5604,324.43708615163195,0.9293406221276715
0.75,349.1046,340.3854,1.0315588771272495,314.5604,324.43708615163195,0.9294852402766921
0.751,349.1046,335.9832,1.0353307911471408,312.3522,324.43708615163195,0.9263351165884092
0.752,349.1046,335.9832,1.0373300952993154,312.3522,324.43708615163195,0.9281239416293879
0.753,349.1046,335.9832,1.0394116171796468,311.1757,324.43708615163195,0.9264834595820526
0.754,349.1046,331.6178,1.0414931390599782,310.1503,324.43708615163195,0.9252797285609928
0.755,344.9443,331.6178,1.0398762541097288,309.0516,321.93235966572394,0.9316733749031895
0.756,344.9443,331.6178,1.038416309797942,307.9545,321.37542013461825,0.9270626459856571
0.757,344.9443,331.6178,1.038741246247545,307.8731,321.37542013461825,0.9271076158675329
0.758,340.8154,331.6178,1.0369244863846483,306.8589,319.44166831929886,0.9336124696098185
0.759,340.8154,331.2637,1.0368999360214484,305.7649,318.18950727505813,0.9302619695225174
0.76,340.8154,327.2891,1.037227690834223,304.6724,318.18950727505813,0.9272311342530904
0.761,340.3854,327.2891,1.0375554456469978,303.5815,318.18950727505813,0.9253705902858467
0.762,340.3854,327.2891,1.0396618831997908,303.5815,315.1684798498946,0.9272492709576182
0.763,336.7179,322.9968,1.0416113801141214,302.5778,315.1684798498946,0.9360015605047863
0.764,336.7179,322.9968,1.0414510483330361,301.4217,315.1684798498946,0.9322817273905721
0.765,336.7179,322.9968,1.0400047952216576,301.035,315.1684798498946,0.9297926945064451
0.766,336.7179,322.9968,1.0405230180593308,300.3181,314.98263852268406,0.9280406411118742
0.767,335.9832,322.9968,1.0406889357210294,299.2334,311.45853668421523,0.9268585113130213
0.768,332.6514,322.9968,1.040854853382728,299.2334,311.45853668421523,0.9362910743325151
0.769,332.6514,318.7409,1.0405575197238173,299.2334,311.45853668421523,0.936023610670284
0.77,332.6514,318.7409,1.0402601860649068,298.1503,311.45853668421523,0.9323691003654511
0.771,332.6514,318.7409,1.0393690833205933,297.0687,311.45853668421523,0.9281909602732479
0.772,331.6178,318.7409,1.0415009594208453,295.9887,311.4088885781851,0.9296018338814405
0.773,331.6178,318.7409,1.0416683595720457,295.9887,308.27251502772873,0.929751248518211
0.774,328.6161,317.8203,1.0418357597232457,295.278,307.63117945956054,0.9361415325042216
0.775,328.6161,314.5212,1.0413880298654945,294.9103,307.63117945956054,0.9345739794977845
0.776,328.6161,314.5212,1.0401999077311277,292.7581,307.63117945956054,0.9266951576856406
0.777,328.6161,314.5212,1.039011785596761,292.7581,307.63117945956054,0.9256366813096351
0.778,327.2618,314.5212,1.0387423804818237,291.7188,303.045958562418,0.9259274401818391
0.779,324.6118,314.5212,1.038911221099574,291.337,302.67327842148654,0.932416130348578
0.78,324.6118,314.5212,1.039080061717324,290.6122,302.67327842148654,0.9302475840736758
0.781,324.6118,314.5212,1.0385054723230023,289.5416,302.67327842148654,0.9263080888161114
0.782,324.6118,310.3376,1.037460328923099,289.5416,302.67327842148654,0.925375859943848
0.783,324.6118,310.3376,1.0376188291204205,288.4725,302.67327842148654,0.9220998672366209
0.784,322.9968,310.3376,1.039776679299688,288.4725,299.9469781192793,0.9286376153549488
0.785,320.6383,310.3376,1.0410492714925514,287.4051,299.2028699782439,0.933147630767266
0.786,320.6383,310.3376,1.0393799867021372,287.4051,299.2028699782439,0.9316513623485603
0.787,320.6383,306.19,1.0377107019117229,286.3392,299.2028699782439,0.9267054254493028
0.788,318.7409,306.19,1.0367848471333805,285.2749,295.7686935874904,0.9279282752464162
0.789,316.6956,306.19,1.0384489219866737,284.3354,295.26778961264966,0.9323394123967925
0.79,316.6956,306.19,1.0395917431133748,284.2121,295.26778961264966,0.9329607119673049
0.791,316.6956,306.19,1.0379134778547672,283.151,295.26778961264966,0.9279770201040215
0.792,316.5621,302.9765,1.037120470582564,282.0914,295.26778961264966,0.9241875938885115
0.793,314.5212,302.0781,1.0375832935530818,282.0914,293.3095719732292,0.9305996667156293
0.794,312.7836,302.0781,1.039767862378042,282.0914,293.3095719732292,0.93773961286087
0.795,312.7836,302.0781,1.0419524312030022,281.0334,293.3095719732292,0.9361853830547567
0.796,312.7836,301.4635,1.0426327544108598,281.0334,293.3095719732292,0.9367966476613508
0.797,312.7836,298.0019,1.0426617597226837,279.9769,293.3095719732292,0.9333008739451233
0.798,312.7836,298.0019,1.0428243946074869,278.9221,293.3095719732292,0.9299297344079067
0.799,312.7836,298.0019,1.0429870294922903,278.9221,292.6933238949998,0.9300747626753819
0.8,310.3376,298.0019,1.042848096893724,277.8688,289.82351177116294,0.9337410267597056
0.801,308.9022,298.0019,1.0430228646439,277.8688,289.82351177116294,0.9382371241485589
0.802,308.9022,298.0019,1.0418795774567182,276.8171,289.82351177116294,0.9336614733750492
0.803,308.9022,298.0019,1.0407362902695365,276.8171,289.82351177116294,0.9326369373127524
0.804,308.9022,293.9613,1.0402121976836807,274.7185,289.82351177116294,0.9251003541877146
0.805,306.19,293.9613,1.0424240123657877,274.7185,286.70623893439677,0.9352792744410682
0.806,306.19,293.9613,1.0446358270478948,273.6716,286.4924690684764,0.9336920154332953
0.807,305.0513,293.9613,1.0468476417300019,273.6716,286.4924690684764,0.9391616068132683
0.808,305.0513,289.956,1.0470240102089243,272.6263,286.4924690684764,0.9357320618349151
0.809,305.0513,289.956,1.048495277402487,271.5825,286.4924690684764,0.9334592859468583
0.81,305.0513,289.956,1.0485248480233673,271.5825,286.4924690684764,0.9334856122177028
0.811,305.0513,289.956,1.05075056966298,271.5825,286.3731610411107,0.9354671381026608
0.812,305.0043,289.956,1.0509284908650127,270.5404,286.3731610411107,0.9321790358038128
0.8130000000000001,302.0781,289.956,1.0511064120670455,270.5404,284.3667491631833,0.9413683056242186
0.8140000000000001,301.2308,285.986,1.0512843332690782,269.4998,283.3209175591499,0.9405443187056235
0.8150000000000001,301.2308,285.986,1.0519260783243465,269.4998,283.3209175591499,0.9411184637268025
0.8160000000000001,301.2308,285.986,1.0523066846136384,269.4998,283.3209175591499,0.9414589777739815
0.8170000000000001,301.2308,285.986,1.0541289874756121,268.4608,283.3209175591499,0.9394534399566472
0.8180000000000001,298.0019,282.0511,1.0529047180314681,268.4608,282.66364292650235,0.9485296668460919
0.8190000000000001,297.4406,282.0511,1.051179779432996,267.8757,282.66364292650235,0.946694967806881
0.8200000000000001,297.4406,282.0511,1.0494548408345241,267.4234,281.5855192414594,0.9435456413227625
0.8210000000000001,294.669,282.0511,1.0498154579985766,266.3877,281.5855192414594,0.9490578421234926
0.8220000000000001,293.6805,282.0511,1.0497122513093935,265.7341,279.05084698926146,0.9498224783759069
0.8230000000000001,293.6805,282.0511,1.0498933396089047,265.3535,278.94434036067554,0.9486257081825707
0.8240000000000001,293.6805,278.1512,1.0481615422959456,264.3209,278.94434036067554,0.9433755465720481
0.8250000000000001,293.6805,278.1512,1.0478335432916717,263.2899,278.94434036067554,0.9394017949094675
0.8260000000000001,293.6805,278.1512,1.0488380412574059,263.2899,278.94434036067554,0.9403023455723422
0.8270000000000001,289.956,278.1512,1.0506662379015714,262.7792,278.94434036067554,0.9521901028527935
0.8280000000000001,289.956,278.1512,1.050849045029756,262.2605,276.0932334627846,0.9504759203949092
0.8290000000000001,289.9506,276.601,1.0510318521579405,261.2328,274.56399362840483,0.9469336970794502
0.8300000000000001,289.9506,275.0879,1.049287578662749,261.2328,274.56399362840483,0.9453621830038983
0.8310000000000001,289.9506,274.2861,1.049456190780028,261.2328,274.56399362840483,0.945514095141727
0.8320000000000001,289.9506,274.2861,1.0496248028973072,260.2066,274.56399362840483,0.9419511504289987
0.833,286.2506,274.2861,1.0489615871989062,260.2066,272.9467281356309,0.9535236891577901
0.834,286.2506,274.2861,1.0495861240650106,259.182,272.9467281356309,0.950334534870556
0.835,286.2506,274.2861,1.0487768282254204,259.182,272.9467281356309,0.9496017681469346
0.836,286.2506,274.2861,1.0470226196020884,259.182,272.9467281356309,0.9480134420459152
0.837,286.2506,270.4558,1.0471954916021327,258.159,272.9467281356309,0.9444275083319125
0.838,284.3694,270.4558,1.0483813403200182,258.159,272.18768033939347,0.9517517652591158
0.839,282.5805,270.4558,1.0506788911784277,258.159,271.2422118677317,0.9598759003814197
0.84,282.5805,270.4558,1.0529764420368373,257.1377,271.2422118677317,0.9581692312793546
0.841,282.5805,268.6327,1.0528789274190968,257.1377,271.2422118677317,0.9580804966195952
0.842,282.5805,266.66,1.0537750792605076,256.3708,271.2422118677317,0.9560361033053582
0.843,282.5805,266.66,1.0539496022221184,256.1179,271.2422118677317,0.9552511897564211
0.844,282.0511,266.66,1.0541241251837292,255.0998,271.2422118677317,0.9533976414541345
0.845,282.0511,266.66,1.0532856714274987,255.0998,268.90685350954425,0.9526393058705342
0.846,278.9403,266.66,1.051335515530744,254.0833,267.1267971932527,0.9576486337515687
0.847,278.9403,266.66,1.0495972664235662,253.573,267.1267971932527,0.9541451258166102
0.848,278.9403,266.66,1.0496241688736272,253.0683,267.1267971932527,0.9522704466000852
0.849,278.9403,266.66,1.0481336978276983,252.055,267.1267971932527,0.9471106871468931
0.85,278.9403,266.2824,1.048309768445311,251.6199,267.1267971932527,0.9456346003257055
0.851,278.1512,262.9261,1.048485839062924,251.0434,263.21544989020924,0.9463034849039271
0.852,275.3297,262.8986,1.0480948252065772,251.0434,263.1172884422648,0.9556444090204028
0.853,275.3297,262.8986,1.0463250070725139,249.3596,263.1172884422648,0.947631821897889
0.854,275.3297,262.8986,1.0443432821488738,249.0248,263.1172884422648,0.9445671025264142
0.855,274.2861,262.8986,1.0408800199012078,248.8841,259.05848696109416,0.9444827388668043
0.856,271.7487,262.8986,1.0408053211138848,248.018,259.05848696109416,0.949916058961914
0.857,271.7487,262.8986,1.040983052253031,248.018,258.13845413202347,0.9500782695692463
0.858,271.7487,262.8986,1.040448127597595,247.5677,258.13845413202347,0.9478659876519856
0.859,271.7487,259.6089,1.0392353308242372,247.0128,258.13845413202347,0.9446390320388697
0.86,271.7487,259.1714,1.0394013383285958,247.0128,258.13845413202347,0.944789928725671
0.861,270.4558,259.1714,1.0395673458329546,246.0092,258.13845413202347,0.9456004681522396
0.862,268.1972,259.1714,1.0397333533373132,246.0092,255.78397046782973,0.9537160360653643
0.863,268.1972,259.1714,1.0380281708773187,245.0073,255.7839704678297,0.9482741783679712
0.864,268.1972,259.1714,1.0378356538848217,245.0073,255.78397046782973,0.9480983075216842
0.865,268.1972,259.1714,1.0378680244961815,244.0069,255.7839704678297,0.9442565368558558
0.866,268.1972,259.1714,1.0380353896925556,244.0069,255.78397046782976,0.9444088063901206
0.867,267.5323,255.4785,1.0382027548889297,243.0082,255.7431310944885,0.9430329821879451
0.868,266.66,255.4785,1.0383701200853037,243.0082,252.3984952961305,0.9462703585678897
0.869,264.675,255.4785,1.040195278029826,242.6453,252.3984952961305,0.9536166819538321
0.87,264.675,255.4785,1.042513114157121,241.6136,252.3984952961305,0.9516778938649776
0.871,264.675,255.4785,1.0420581035901268,241.0157,252.3984952961305,0.9489085228202396
0.872,264.675,252.6485,1.0412427480670552,241.0157,252.33245381571348,0.9481660519327665
0.873,264.675,251.8195,1.0414117543831567,240.0219,252.33245381571348,0.9444096645674075
0.874,262.8986,251.8195,1.0415807606992586,240.0219,250.00219318648138,0.9509453195508891
0.875,261.4036,251.8195,1.043913901230909,239.5258,250.00219318648138,0.9565450220404559
0.876,261.1822,251.8195,1.0434318613261426,239.0297,249.41120478322944,0.9549318628269057
0.877,261.1822,251.8195,1.041620874802019,238.0391,249.4112047832295,0.9493238650225216
0.878,261.1822,248.1944,1.0408176395782174,238.0391,249.41120478322946,0.9485918036884718
0.879,259.1714,248.1944,1.0430334397765886,238.0391,248.28274127432334,0.9579866500482821
0.88,257.7185,248.1944,1.0449340185752616,237.0502,248.2827412743233,0.9611332445675007
0.881,257.7185,248.1944,1.0459742528272902,237.0502,247.70181809006945,0.9620900549536012
0.882,257.7185,244.6145,1.044152720957608,236.0692,247.70181809006948,0.956440059655344
0.883,256.9516,244.603,1.0434885767761946,236.0629,247.70181809006945,0.9586589052205208
0.884,255.4785,244.603,1.0443326267747428,235.0772,245.7111889605859,0.9609371816839835
0.885,254.284,244.603,1.0452361562949783,235.0772,245.7111889605859,0.9662864708773887
0.886,254.284,244.603,1.0434110139678017,234.9237,245.7111889605859,0.9639693257226867
0.887,254.284,243.5013,1.042026693208017,234.0932,245.49878977085157,0.9592871085026309
0.888,251.8195,241.0452,1.041502716994877,234.0932,244.84683456275604,0.9681883405773783
0.889,250.8784,241.0452,1.0438826001632358,233.9778,244.24535424447356,0.9735607140529975
0.89,250.8784,241.0452,1.0462624833315946,233.1109,244.24535424447353,0.9721649577072518
0.891,250.8784,241.0452,1.0463561460445823,233.1109,244.2453542444735,0.9722519871179982
0.892,250.8784,237.5208,1.0459737040693415,232.5212,244.24535424447353,0.9694380259067666
0.893,250.8784,237.5208,1.0461490116661432,232.1301,244.0005183673431,0.9679696406424905
0.894,248.1944,237.5208,1.0463243192629448,232.1301,243.80870383002514,0.9786013256662491
0.895,247.5017,237.5208,1.0474100260416133,231.151,242.10987492954496,0.9782149978345399
0.896,247.5017,237.5208,1.045830206148952,231.151,242.10987492954496,0.9767395455527635
0.897,247.5017,237.5208,1.0439761843017896,230.3659,242.10987492954496,0.9716964096620252
0.898,247.5017,236.077,1.0437364571666212,230.1736,242.10987492954496,0.9706623340255319
0.899,244.603,234.0298,1.0440123842484126,229.1978,240.6376071322972,0.9782600444086573
0.9,244.1538,234.0298,1.0442613684526905,229.1978,239.34240827434607,0.9802936029434974
0.901,244.1538,234.0298,1.0446168205463622,228.2237,239.34240827434607,0.976459575346879
0.902,244.1538,233.8744,1.0440618734581668,228.2237,239.28534164249083,0.975940836429966
0.903,241.0452,230.9384,1.041927444108702,227.2512,237.47561610952334,0.982302331623428
0.904,240.8345,230.5719,1.040067216713738,227.2512,236.356523078857,0.9814064142756002
0.905,240.8345,230.5719,1.038192677080379,227.2512,236.356523078857,0.9796376005004627
0.906,237.5439,230.5719,1.0353964954564676,226.2803,234.28982961083813,0.986301183111156
0.907,237.5439,230.5719,1.0314429964300564,225.3111,234.28982961083813,0.9783267687065511
0.908,237.5208,230.5719,1.0286908805782666,225.0712,231.5286909208072,0.9747722764524503
0.909,236.1931,230.5719,1.0266611314307006,224.3436,231.52869092080718,0.9751548804992041
0.91,234.2817,230.5719,1.0249286860692344,222.452,227.99743607347332,0.9731764626664111
0.911,234.2817,228.513,1.0230623437788444,222.4134,227.99743607347332,0.9712357998589802
0.912,234.0298,227.147,1.0212103137268493,221.4509,227.99743607347332,0.9663211397185023
0.913,231.2608,227.147,1.022383722012369,220.49,226.14794306409314,0.9747669594955448
0.914,231.0479,227.147,1.0244374867545234,219.5307,224.89547857346125,0.973371662644245
0.915,231.0479,227.147,1.0242571960701106,219.5307,224.89547857346125,0.9732003590307837
0.916,231.0479,223.755,1.0225380206148387,218.5731,224.89547857346125,0.9673288743747473
0.917,230.5719,223.755,1.022560322830729,218.5731,223.5041796981132,0.9693470006454091
0.918,229.1212,223.755,1.022716521975543,217.8007,223.5041796981132,0.9721857880800147
0.919,227.8423,223.755,1.0229357242896326,217.6172,222.60840809988184,0.9770284451126146
0.92,227.8423,223.755,1.0210467779632124,217.6172,222.60840809988184,0.9752242708635578
0.921,227.8423,223.755,1.0194617354601705,217.6172,222.60840809988184,0.9737103618510831
0.922,227.147,222.9756,1.0188028973196805,216.6629,220.8291890708859,0.9717794655517539
0.923,224.6649,220.3957,1.019141779270689,216.1028,220.73679026168423,0.9803017387111999
0.924,224.6649,220.3957,1.0209723584558146,215.7103,220.23939209737784,0.9802788674786818
0.925,224.6649,220.3957,1.0227629886822345,214.7594,220.23939209737784,0.9776692567090074
0.926,224.6649,220.1218,1.0231615452594853,213.8101,220.23939209737784,0.9737269698474711
0.927,224.6649,217.8926,1.0233207048032982,212.8625,220.23939209737784,0.969562239255852
0.928,223.755,217.069,1.0249779567320119,211.9166,217.3069842849817,0.9707485583142056
0.929,221.7355,217.069,1.0252977531434506,211.9166,217.3069842849817,0.9798954783234952
0.93,221.5156,217.069,1.025436347530027,211.9166,217.20984366559506,0.9810008156761045
0.931,220.3957,213.7748,1.0263446514064138,210.0298,217.14902707759,0.9780724481737112
0.932,218.3943,213.7748,1.0263935362149934,210.0298,215.5732291325278,0.9870826717204975
0.933,218.3943,213.7748,1.0265715650381522,209.0889,215.57322913252784,0.9828311421365197
0.934,218.3943,210.5129,1.029170810540585,209.0889,215.5629618659588,0.9853196383240741
0.935,217.069,210.5129,1.0292202624107414,208.1497,214.77673837375616,0.9869299110177736
0.936,215.3008,210.5129,1.0318378473461944,208.1497,214.77673837375616,0.9975659095263749
0.937,215.3008,207.2832,1.0344554322816475,207.2122,214.42559039583332,0.9955921479392142
0.9380000000000001,213.7748,207.2832,1.0348116104931724,207.2122,214.23188885471708,1.0030442802230821
0.9390000000000001,212.2351,204.0855,1.0348616395757608,206.2763,213.46743002362155,1.005806438348895
0.9400000000000001,212.2351,204.0855,1.0351904825787457,205.3422,213.46743002362155,1.0015699152109208
0.9410000000000001,212.2351,204.0855,1.0332428291790248,205.3422,213.46743002362155,0.9996855170414561
0.9420000000000001,210.5129,204.0855,1.0323468770266793,204.4097,211.0217154289604,1.0024170273126274
0.9430000000000001,209.197,204.0855,1.0303869736583313,203.4789,211.0217154289604,1.0022228233403263
0.9440000000000001,209.197,204.0855,1.0284270702899836,202.5498,209.6620079743263,0.9957489705962423
0.9450000000000001,209.197,204.0855,1.027843397545333,202.5498,209.66200797432623,0.9951838439563077
0.9460000000000001,206.1864,200.9197,1.029412056399569,201.6224,208.65659646887934,1.0066257008232184
0.9470000000000001,206.1864,200.9197,1.0319018277987224,199.7726,207.55252940021643,0.9998026595551552
0.9480000000000001,206.1864,199.0511,1.0328741552007972,199.7726,207.55252940021643,1.0007447409589905
0.9490000000000001,206.1864,197.7856,1.036195590569851,198.8503,207.55252940021643,0.9993278123265746
0.9500000000000001,206.1864,197.7856,1.038702947209946,198.8503,207.55252940021643,1.0017459573647047
0.9510000000000001,204.0855,197.7856,1.0432368791530942,197.9296,207.55252940021643,1.0117693721308976
0.9520000000000001,204.0855,194.6831,1.0453800204746284,197.0511,206.48745819602027,1.0093479593236563
0.9530000000000001,203.2033,194.6831,1.0457504973299832,196.0935,206.4874581960203,1.0091611462420986
0.9540000000000001,203.2033,192.0726,1.0480419956033178,195.1779,205.60648631226817,1.006650166673793
0.9550000000000001,201.3553,191.6121,1.052336488924718,195.1779,205.06487514817707,1.0200517493291694
0.9560000000000001,200.2476,191.6121,1.0548459981101126,194.2641,205.06487514817707,1.0233266638974086
0.9570000000000001,200.2476,189.1779,1.057643722720531,193.3519,204.91870846146273,1.0212228426762062
0.9580000000000001,200.2476,188.5724,1.0584148720278965,193.3519,204.91870846146273,1.0219674367875102
0.9590000000000001,197.7856,185.5639,1.0602005813331785,192.0744,203.63739053922146,1.0295865348095183
0.96,197.3191,185.5639,1.0628008065082297,190.6258,203.63739053922146,1.0267493313180351
0.961,197.3191,185.5639,1.0636983804639155,190.547,202.5972539812765,1.0271916672144648
0.962,197.3191,185.5639,1.066141708771683,189.7205,202.59725398127654,1.02508544818529
0.963,194.6831,183.0986,1.0662535749268864,188.9723,202.49001074279778,1.0349762790769002
0.964,194.4177,182.5865,1.0666698654237459,187.915,200.4432677611032,1.030992897051571
0.965,194.4177,180.1804,1.0670861559206053,187.0149,200.4432677611032,1.026454951071206
0.966,191.6121,179.6399,1.0675024464174645,186.1164,198.67971231841136,1.0368850000517262
0.967,191.5433,179.6399,1.068141631793426,184.3247,196.88488583783374,1.0278870930898327
0.968,191.5433,179.6399,1.0684626141402414,184.3247,196.88488583783374,1.028195978729696
0.969,191.5433,179.6399,1.0670658305280587,183.4314,196.88488583783374,1.021875362834015
0.97,188.6959,176.724,1.067180483135717,181.6501,193.85344147965134,1.0273325571973282
0.971,188.5724,176.724,1.0653097810403185,181.6501,193.8446804690579,1.0262033481938606
0.972,185.8753,173.8388,1.061164968841603,180.762,191.81830209774583,1.0319730598834047
0.973,185.5639,173.8388,1.0594941877074162,179.8756,190.5771527103841,1.0270163146516327
0.974,183.0814,173.8388,1.0570485517042905,179.2175,190.3565012484435,1.0347397322451308
0.975,180.3141,173.8388,1.0554679930837652,178.1081,189.44159881506368,1.0425551793174386
0.976,180.3141,170.984,1.0512679224278247,177.2269,187.98739885896254,1.033268917745888
0.977,179.6399,170.984,1.046457145179105,176.5128,184.71308077557035,1.028240835001413
0.978,177.5733,168.1596,1.0422694140868807,176.2,183.64787076210837,1.034208807079152
0.979,174.8589,168.1596,1.040471082372106,175.0108,183.64787076210837,1.0413749400391294
0.98,173.8388,168.1596,1.033978353962459,174.5938,180.52620993605075,1.0384690295610115
0.981,172.1708,168.1596,1.0282068038712924,173.7196,178.61967468579937,1.0374562625358037
0.982,169.4433,165.3653,1.020209554319591,173.2031,176.77186822886273,1.0428471202919891
0.983,166.8731,165.3653,1.0137084949558577,172.8472,176.56749935234166,1.049999520410025
0.984,164.2633,162.601,1.0084367033451664,171.9764,174.5415724748434,1.0557885654870547
0.985,162.601,162.601,1.0026121319418044,171.9764,172.42562504767656,1.060421676666666
0.986,161.6793,162.601,0.9981134053567466,171.1075,170.78468950707952,1.0563175960502025
0.987,161.5446,162.0518,0.9919745146847435,170.2403,170.78468950707952,1.045370993349732
0.988,157.162,159.8667,0.9858251770316363,169.3748,169.05535277838638,1.062432026792087
0.989,156.0885,157.162,0.9809999355061273,167.5768,165.03303372202055,1.0532027022639283
0.99,151.8414,157.162,0.9795386246633564,165.9305,163.51620242600086,1.0704283137517374
0.991,149.4164,154.487,0.9671778207875097,165.0738,162.53533375970306,1.0685287435188722
0.992,146.7127,151.8414,0.9662233093214369,164.2189,161.30129435009158,1.0815159765386777
0.993,144.3068,146.638,0.9841023472769678,163.3657,158.67212901112606,1.1140747964374855
0.994,137.2387,146.638,0.9359013352609827,157.5574,152.0911667128575,1.0744650090699546
0.995,132.6503,144.0799,0.9206717939143487,155.767,147.65668842565825,1.0811154088807666
0.996,123.7663,140.1103,0.8833490471435719,154.4514,145.26606322724012,1.1023557868336589
0.997,113.3633,129.4946,0.8754287823584922,153.2661,144.42881951407293,1.183571361276841
0.998,106.8565,117.1741,0.9119464113656516,152.4361,141.3999686032468,1.300936811121229
0.999,100.0,107.7292,0.9282534354659646,151.6078,139.93263964231625,1.4073046119343686
1.0,92.0043,96.8024,0.9504340801467732,149.9567,134.21486194034347,1.5491010553457352
